,Seed,Fold,Iters,Train,Validation,Test,ScoutCall
0,0,1,1,0.9389985064797131,0.9166365486365485,0.9411764705882353,0.0
1,0,1,2,0.9389985064797131,0.9166365486365485,0.9411764705882353,0.0
2,0,1,3,0.9410896192504377,0.9166593406593406,0.9090909090909091,0.0
3,0,1,4,0.9410896192504377,0.9166593406593406,0.9090909090909091,0.0
4,0,1,5,0.9392947474555658,0.9246365486365485,0.9444444444444444,0.0
5,0,1,6,0.9392947474555658,0.9246365486365485,0.9444444444444444,0.0
6,0,1,7,0.9392947474555658,0.9246365486365485,0.9444444444444444,0.0
7,0,1,8,0.9392947474555658,0.9246365486365485,0.9444444444444444,0.0
8,0,1,9,0.9392947474555658,0.9246365486365485,0.9444444444444444,0.0
9,0,1,10,0.9392947474555658,0.9246365486365485,0.9444444444444444,0.0
10,0,1,11,0.9392947474555658,0.9246365486365485,0.9444444444444444,0.0
11,0,1,12,0.9392947474555658,0.9246365486365485,0.9444444444444444,0.0
12,0,1,13,0.9392947474555658,0.9246365486365485,0.9444444444444444,0.0
13,0,1,14,0.9392947474555658,0.9246365486365485,0.9444444444444444,0.0
14,0,1,15,0.9392947474555658,0.9246365486365485,0.9444444444444444,0.0
15,0,1,16,0.9392947474555658,0.9246365486365485,0.9444444444444444,0.0
16,0,1,17,0.9392947474555658,0.9246365486365485,0.9444444444444444,0.0
17,0,1,18,0.9392947474555658,0.9246365486365485,0.9444444444444444,1.0
18,0,1,19,0.9392947474555658,0.9246365486365485,0.9444444444444444,2.0
19,0,1,20,0.9392947474555658,0.9246365486365485,0.9444444444444444,0.0
20,0,1,21,0.9392947474555658,0.9246365486365485,0.9444444444444444,1.0
21,0,1,22,0.9392947474555658,0.9246365486365485,0.9444444444444444,1.0
22,0,1,23,0.9392947474555658,0.9246365486365485,0.9444444444444444,0.0
23,0,1,24,0.9392947474555658,0.9246365486365485,0.9444444444444444,1.0
24,0,1,25,0.9392947474555658,0.9246365486365485,0.9444444444444444,2.0
25,0,1,26,0.9392947474555658,0.9246365486365485,0.9444444444444444,1.0
26,0,1,27,0.9392947474555658,0.9246365486365485,0.9444444444444444,2.0
27,0,1,28,0.9392947474555658,0.9246365486365485,0.9444444444444444,1.0
28,0,1,29,0.9392947474555658,0.9246365486365485,0.9444444444444444,0.0
29,0,1,30,0.9392947474555658,0.9246365486365485,0.9444444444444444,0.0
30,0,1,31,0.9392947474555658,0.9246365486365485,0.9444444444444444,0.0
31,0,1,32,0.9392947474555658,0.9246365486365485,0.9444444444444444,1.0
32,0,1,33,0.9392947474555658,0.9246365486365485,0.9444444444444444,2.0
33,0,1,34,0.9392947474555658,0.9246365486365485,0.9444444444444444,0.0
34,0,1,35,0.9392947474555658,0.9246365486365485,0.9444444444444444,1.0
35,0,1,36,0.9392947474555658,0.9246365486365485,0.9444444444444444,1.0
36,0,1,37,0.9392947474555658,0.9246365486365485,0.9444444444444444,1.0
37,0,1,38,0.9392947474555658,0.9246365486365485,0.9444444444444444,1.0
38,0,1,39,0.9392947474555658,0.9246365486365485,0.9444444444444444,2.0
39,0,1,40,0.9392947474555658,0.9246365486365485,0.9444444444444444,1.0
40,0,1,41,0.9392947474555658,0.9246365486365485,0.9444444444444444,2.0
41,0,1,42,0.9392947474555658,0.9246365486365485,0.9444444444444444,1.0
42,0,1,43,0.9392947474555658,0.9246365486365485,0.9444444444444444,2.0
43,0,1,44,0.9392947474555658,0.9246365486365485,0.9444444444444444,0.0
44,0,1,45,0.9392947474555658,0.9246365486365485,0.9444444444444444,0.0
45,0,1,46,0.9392947474555658,0.9246365486365485,0.9444444444444444,0.0
46,0,1,47,0.9392947474555658,0.9246365486365485,0.9444444444444444,1.0
47,0,1,48,0.9392947474555658,0.9246365486365485,0.9444444444444444,0.0
48,0,1,49,0.9392947474555658,0.9246365486365485,0.9444444444444444,2.0
49,0,1,50,0.9392947474555658,0.9246365486365485,0.9444444444444444,2.0
50,0,1,51,0.9392947474555658,0.9246365486365485,0.9444444444444444,0.0
51,0,1,52,0.9392947474555658,0.9246365486365485,0.9444444444444444,1.0
52,0,1,53,0.9392947474555658,0.9246365486365485,0.9444444444444444,1.0
53,0,1,54,0.9392947474555658,0.9246365486365485,0.9444444444444444,1.0
54,0,1,55,0.9392947474555658,0.9246365486365485,0.9444444444444444,2.0
55,0,1,56,0.9392947474555658,0.9246365486365485,0.9444444444444444,2.0
56,0,1,57,0.9392947474555658,0.9246365486365485,0.9444444444444444,1.0
57,0,1,58,0.9392947474555658,0.9246365486365485,0.9444444444444444,1.0
58,0,1,59,0.9392947474555658,0.9246365486365485,0.9444444444444444,1.0
59,0,1,60,0.9392947474555658,0.9246365486365485,0.9444444444444444,0.0
60,0,1,61,0.9392947474555658,0.9246365486365485,0.9444444444444444,0.0
61,0,1,62,0.9392947474555658,0.9246365486365485,0.9444444444444444,0.0
62,0,1,63,0.9392947474555658,0.9246365486365485,0.9444444444444444,2.0
63,0,1,64,0.9392947474555658,0.9246365486365485,0.9444444444444444,1.0
64,0,1,65,0.9392947474555658,0.9246365486365485,0.9444444444444444,1.0
65,0,1,66,0.9392947474555658,0.9246365486365485,0.9444444444444444,0.0
66,0,1,67,0.9392947474555658,0.9246365486365485,0.9444444444444444,1.0
67,0,1,68,0.9392947474555658,0.9246365486365485,0.9444444444444444,3.0
68,0,1,69,0.9392947474555658,0.9246365486365485,0.9444444444444444,0.0
69,0,1,70,0.9392947474555658,0.9246365486365485,0.9444444444444444,2.0
70,0,1,71,0.9392947474555658,0.9246365486365485,0.9444444444444444,1.0
71,0,1,72,0.9392947474555658,0.9246365486365485,0.9444444444444444,0.0
72,0,1,73,0.9392947474555658,0.9246365486365485,0.9444444444444444,2.0
73,0,1,74,0.9392947474555658,0.9246365486365485,0.9444444444444444,1.0
74,0,1,75,0.9392947474555658,0.9246365486365485,0.9444444444444444,0.0
75,0,1,76,0.9392947474555658,0.9246365486365485,0.9444444444444444,0.0
76,0,1,77,0.9392947474555658,0.9246365486365485,0.9444444444444444,1.0
77,0,1,78,0.9392947474555658,0.9246365486365485,0.9444444444444444,0.0
78,0,1,79,0.9392947474555658,0.9246365486365485,0.9444444444444444,0.0
79,0,1,80,0.9392947474555658,0.9246365486365485,0.9444444444444444,1.0
80,0,1,81,0.9392947474555658,0.9246365486365485,0.9444444444444444,2.0
81,0,1,82,0.9392947474555658,0.9246365486365485,0.9444444444444444,0.0
82,0,1,83,0.9392947474555658,0.9246365486365485,0.9444444444444444,2.0
83,0,1,84,0.9392947474555658,0.9246365486365485,0.9444444444444444,1.0
84,0,1,85,0.9392947474555658,0.9246365486365485,0.9444444444444444,3.0
85,0,1,86,0.9392947474555658,0.9246365486365485,0.9444444444444444,1.0
86,0,1,87,0.9392947474555658,0.9246365486365485,0.9444444444444444,2.0
87,0,1,88,0.9392947474555658,0.9246365486365485,0.9444444444444444,1.0
88,0,1,89,0.9392947474555658,0.9246365486365485,0.9444444444444444,1.0
89,0,1,90,0.9392947474555658,0.9246365486365485,0.9444444444444444,0.0
90,0,1,91,0.9392947474555658,0.9246365486365485,0.9444444444444444,0.0
91,0,1,92,0.9392947474555658,0.9246365486365485,0.9444444444444444,0.0
92,0,1,93,0.9392947474555658,0.9246365486365485,0.9444444444444444,0.0
93,0,1,94,0.9392947474555658,0.9246365486365485,0.9444444444444444,1.0
94,0,1,95,0.9392947474555658,0.9246365486365485,0.9444444444444444,1.0
95,0,1,96,0.9392947474555658,0.9246365486365485,0.9444444444444444,0.0
96,0,1,97,0.9392947474555658,0.9246365486365485,0.9444444444444444,2.0
97,0,1,98,0.9392947474555658,0.9246365486365485,0.9444444444444444,2.0
98,0,1,99,0.9392947474555658,0.9246365486365485,0.9444444444444444,1.0
99,0,1,100,0.9392947474555658,0.9246365486365485,0.9444444444444444,1.0
100,0,1,101,0.9392947474555658,0.9246365486365485,0.9444444444444444,2.0
101,0,1,102,0.9392947474555658,0.9246365486365485,0.9444444444444444,1.0
102,0,1,103,0.9392947474555658,0.9246365486365485,0.9444444444444444,1.0
103,0,1,104,0.9392947474555658,0.9246365486365485,0.9444444444444444,1.0
104,0,1,105,0.9392947474555658,0.9246365486365485,0.9444444444444444,0.0
105,0,1,106,0.9392947474555658,0.9246365486365485,0.9444444444444444,0.0
106,0,1,107,0.9392947474555658,0.9246365486365485,0.9444444444444444,1.0
107,0,1,108,0.9392947474555658,0.9246365486365485,0.9444444444444444,0.0
108,0,1,109,0.9392947474555658,0.9246365486365485,0.9444444444444444,0.0
109,0,1,110,0.9392947474555658,0.9246365486365485,0.9444444444444444,1.0
110,0,1,111,0.9392947474555658,0.9246365486365485,0.9444444444444444,1.0
111,0,1,112,0.9392947474555658,0.9246365486365485,0.9444444444444444,2.0
112,0,1,113,0.9392947474555658,0.9246365486365485,0.9444444444444444,1.0
113,0,1,114,0.9392947474555658,0.9246365486365485,0.9444444444444444,1.0
114,0,1,115,0.9392947474555658,0.9246365486365485,0.9444444444444444,2.0
115,0,1,116,0.9392947474555658,0.9246365486365485,0.9444444444444444,1.0
116,0,1,117,0.9392947474555658,0.9246365486365485,0.9444444444444444,1.0
117,0,1,118,0.9392947474555658,0.9246365486365485,0.9444444444444444,1.0
118,0,1,119,0.9392947474555658,0.9246365486365485,0.9444444444444444,2.0
119,0,1,120,0.9392947474555658,0.9246365486365485,0.9444444444444444,1.0
120,0,1,121,0.9392947474555658,0.9246365486365485,0.9444444444444444,0.0
121,0,1,122,0.9392947474555658,0.9246365486365485,0.9444444444444444,0.0
122,0,1,123,0.9392947474555658,0.9246365486365485,0.9444444444444444,1.0
123,0,1,124,0.9392947474555658,0.9246365486365485,0.9444444444444444,0.0
124,0,1,125,0.9392947474555658,0.9246365486365485,0.9444444444444444,0.0
125,0,1,126,0.9392947474555658,0.9246365486365485,0.9444444444444444,4.0
126,0,1,127,0.9392947474555658,0.9246365486365485,0.9444444444444444,1.0
127,0,1,128,0.9392947474555658,0.9246365486365485,0.9444444444444444,0.0
128,0,1,129,0.9392947474555658,0.9246365486365485,0.9444444444444444,2.0
129,0,1,130,0.9392947474555658,0.9246365486365485,0.9444444444444444,1.0
130,0,1,131,0.9392947474555658,0.9246365486365485,0.9444444444444444,1.0
131,0,1,132,0.9392947474555658,0.9246365486365485,0.9444444444444444,1.0
132,0,1,133,0.9392947474555658,0.9246365486365485,0.9444444444444444,0.0
133,0,1,134,0.9392947474555658,0.9246365486365485,0.9444444444444444,0.0
134,0,1,135,0.9392947474555658,0.9246365486365485,0.9444444444444444,1.0
135,0,1,136,0.9392947474555658,0.9246365486365485,0.9444444444444444,2.0
136,0,1,137,0.9392947474555658,0.9246365486365485,0.9444444444444444,0.0
137,0,1,138,0.9392947474555658,0.9246365486365485,0.9444444444444444,0.0
138,0,1,139,0.9392947474555658,0.9246365486365485,0.9444444444444444,1.0
139,0,1,140,0.9392947474555658,0.9246365486365485,0.9444444444444444,1.0
140,0,1,141,0.9392947474555658,0.9246365486365485,0.9444444444444444,2.0
141,0,1,142,0.9392947474555658,0.9246365486365485,0.9444444444444444,1.0
142,0,1,143,0.9392947474555658,0.9246365486365485,0.9444444444444444,2.0
143,0,1,144,0.9392947474555658,0.9246365486365485,0.9444444444444444,0.0
144,0,1,145,0.9392947474555658,0.9246365486365485,0.9444444444444444,1.0
145,0,1,146,0.9392947474555658,0.9246365486365485,0.9444444444444444,1.0
146,0,1,147,0.9392947474555658,0.9246365486365485,0.9444444444444444,1.0
147,0,1,148,0.9392947474555658,0.9246365486365485,0.9444444444444444,1.0
148,0,1,149,0.9392947474555658,0.9246365486365485,0.9444444444444444,2.0
149,0,1,150,0.9392947474555658,0.9246365486365485,0.9444444444444444,0.0
150,0,1,151,0.9392947474555658,0.9246365486365485,0.9444444444444444,1.0
151,0,1,152,0.9392947474555658,0.9246365486365485,0.9444444444444444,0.0
152,0,1,153,0.9392947474555658,0.9246365486365485,0.9444444444444444,0.0
153,0,1,154,0.9392947474555658,0.9246365486365485,0.9444444444444444,0.0
154,0,1,155,0.9392947474555658,0.9246365486365485,0.9444444444444444,4.0
155,0,1,156,0.9392947474555658,0.9246365486365485,0.9444444444444444,1.0
156,0,1,157,0.9392947474555658,0.9246365486365485,0.9444444444444444,1.0
157,0,1,158,0.9392947474555658,0.9246365486365485,0.9444444444444444,1.0
158,0,1,159,0.9392947474555658,0.9246365486365485,0.9444444444444444,1.0
159,0,1,160,0.9392947474555658,0.9246365486365485,0.9444444444444444,1.0
160,0,1,161,0.9392947474555658,0.9246365486365485,0.9444444444444444,2.0
161,0,1,162,0.9392947474555658,0.9246365486365485,0.9444444444444444,0.0
162,0,1,163,0.9392947474555658,0.9246365486365485,0.9444444444444444,1.0
163,0,1,164,0.9392947474555658,0.9246365486365485,0.9444444444444444,1.0
164,0,1,165,0.9392947474555658,0.9246365486365485,0.9444444444444444,1.0
165,0,1,166,0.9392947474555658,0.9246365486365485,0.9444444444444444,1.0
166,0,1,167,0.9392947474555658,0.9246365486365485,0.9444444444444444,0.0
167,0,1,168,0.9392947474555658,0.9246365486365485,0.9444444444444444,0.0
168,0,1,169,0.9392947474555658,0.9246365486365485,0.9444444444444444,0.0
169,0,1,170,0.9392947474555658,0.9246365486365485,0.9444444444444444,1.0
170,0,1,171,0.9392947474555658,0.9246365486365485,0.9444444444444444,2.0
171,0,1,172,0.9392947474555658,0.9246365486365485,0.9444444444444444,3.0
172,0,1,173,0.9392947474555658,0.9246365486365485,0.9444444444444444,0.0
173,0,1,174,0.9392947474555658,0.9246365486365485,0.9444444444444444,1.0
174,0,1,175,0.9392947474555658,0.9246365486365485,0.9444444444444444,1.0
175,0,1,176,0.9392947474555658,0.9246365486365485,0.9444444444444444,2.0
176,0,1,177,0.9392947474555658,0.9246365486365485,0.9444444444444444,1.0
177,0,1,178,0.9392947474555658,0.9246365486365485,0.9444444444444444,0.0
178,0,1,179,0.9392947474555658,0.9246365486365485,0.9444444444444444,1.0
179,0,1,180,0.9392947474555658,0.9246365486365485,0.9444444444444444,1.0
180,0,1,181,0.9392947474555658,0.9246365486365485,0.9444444444444444,1.0
181,0,1,182,0.9392947474555658,0.9246365486365485,0.9444444444444444,1.0
182,0,1,183,0.9392947474555658,0.9246365486365485,0.9444444444444444,0.0
183,0,1,184,0.9392947474555658,0.9246365486365485,0.9444444444444444,0.0
184,0,1,185,0.9392947474555658,0.9246365486365485,0.9444444444444444,2.0
185,0,1,186,0.9392947474555658,0.9246365486365485,0.9444444444444444,0.0
186,0,1,187,0.9392947474555658,0.9246365486365485,0.9444444444444444,2.0
187,0,1,188,0.9392947474555658,0.9246365486365485,0.9444444444444444,0.0
188,0,1,189,0.9392947474555658,0.9246365486365485,0.9444444444444444,3.0
189,0,1,190,0.9392947474555658,0.9246365486365485,0.9444444444444444,2.0
190,0,1,191,0.9392947474555658,0.9246365486365485,0.9444444444444444,2.0
191,0,1,192,0.9392947474555658,0.9246365486365485,0.9444444444444444,0.0
192,0,1,193,0.9392947474555658,0.9246365486365485,0.9444444444444444,1.0
193,0,1,194,0.9392947474555658,0.9246365486365485,0.9444444444444444,0.0
194,0,1,195,0.9392947474555658,0.9246365486365485,0.9444444444444444,1.0
195,0,1,196,0.9392947474555658,0.9246365486365485,0.9444444444444444,1.0
196,0,1,197,0.9392947474555658,0.9246365486365485,0.9444444444444444,0.0
197,0,1,198,0.9392947474555658,0.9246365486365485,0.9444444444444444,0.0
198,0,1,199,0.9392947474555658,0.9246365486365485,0.9444444444444444,1.0
199,0,1,200,0.9392947474555658,0.9246365486365485,0.9444444444444444,1.0
200,0,2,1,0.9378173553557083,0.8969499126918482,0.9375,0.0
201,0,2,2,0.9378173553557083,0.8969499126918482,0.9375,0.0
202,0,2,3,0.9360563490664002,0.897588089330025,0.9696969696969697,0.0
203,0,2,4,0.938066576539509,0.9055652973072329,0.9696969696969697,0.0
204,0,2,5,0.938066576539509,0.9055652973072329,0.9696969696969697,0.0
205,0,2,6,0.938066576539509,0.9055652973072329,0.9696969696969697,0.0
206,0,2,7,0.938066576539509,0.9055652973072329,0.9696969696969697,0.0
207,0,2,8,0.938066576539509,0.9055652973072329,0.9696969696969697,0.0
208,0,2,9,0.938066576539509,0.9055652973072329,0.9696969696969697,0.0
209,0,2,10,0.938066576539509,0.9055652973072329,0.9696969696969697,0.0
210,0,2,11,0.938066576539509,0.9055652973072329,0.9696969696969697,0.0
211,0,2,12,0.938066576539509,0.9055652973072329,0.9696969696969697,0.0
212,0,2,13,0.938066576539509,0.9055652973072329,0.9696969696969697,0.0
213,0,2,14,0.938066576539509,0.9055652973072329,0.9696969696969697,0.0
214,0,2,15,0.938066576539509,0.9055652973072329,0.9696969696969697,0.0
215,0,2,16,0.938066576539509,0.9055652973072329,0.9696969696969697,0.0
216,0,2,17,0.938066576539509,0.9055652973072329,0.9696969696969697,0.0
217,0,2,18,0.938066576539509,0.9055652973072329,0.9696969696969697,1.0
218,0,2,19,0.938066576539509,0.9055652973072329,0.9696969696969697,0.0
219,0,2,20,0.938066576539509,0.9055652973072329,0.9696969696969697,1.0
220,0,2,21,0.938066576539509,0.9055652973072329,0.9696969696969697,1.0
221,0,2,22,0.938066576539509,0.9055652973072329,0.9696969696969697,0.0
222,0,2,23,0.938066576539509,0.9055652973072329,0.9696969696969697,0.0
223,0,2,24,0.938066576539509,0.9055652973072329,0.9696969696969697,3.0
224,0,2,25,0.938066576539509,0.9055652973072329,0.9696969696969697,1.0
225,0,2,26,0.938066576539509,0.9055652973072329,0.9696969696969697,0.0
226,0,2,27,0.938066576539509,0.9055652973072329,0.9696969696969697,3.0
227,0,2,28,0.938066576539509,0.9055652973072329,0.9696969696969697,0.0
228,0,2,29,0.938066576539509,0.9055652973072329,0.9696969696969697,1.0
229,0,2,30,0.938066576539509,0.9055652973072329,0.9696969696969697,1.0
230,0,2,31,0.938066576539509,0.9055652973072329,0.9696969696969697,0.0
231,0,2,32,0.938066576539509,0.9055652973072329,0.9696969696969697,1.0
232,0,2,33,0.938066576539509,0.9055652973072329,0.9696969696969697,1.0
233,0,2,34,0.938066576539509,0.9055652973072329,0.9696969696969697,1.0
234,0,2,35,0.938066576539509,0.9055652973072329,0.9696969696969697,0.0
235,0,2,36,0.938066576539509,0.9055652973072329,0.9696969696969697,1.0
236,0,2,37,0.938066576539509,0.9055652973072329,0.9696969696969697,0.0
237,0,2,38,0.938066576539509,0.9055652973072329,0.9696969696969697,2.0
238,0,2,39,0.938066576539509,0.9055652973072329,0.9696969696969697,2.0
239,0,2,40,0.938066576539509,0.9055652973072329,0.9696969696969697,1.0
240,0,2,41,0.938066576539509,0.9055652973072329,0.9696969696969697,0.0
241,0,2,42,0.938066576539509,0.9055652973072329,0.9696969696969697,2.0
242,0,2,43,0.938066576539509,0.9055652973072329,0.9696969696969697,0.0
243,0,2,44,0.938066576539509,0.9055652973072329,0.9696969696969697,2.0
244,0,2,45,0.938066576539509,0.9055652973072329,0.9696969696969697,1.0
245,0,2,46,0.938066576539509,0.9055652973072329,0.9696969696969697,0.0
246,0,2,47,0.938066576539509,0.9055652973072329,0.9696969696969697,1.0
247,0,2,48,0.938066576539509,0.9055652973072329,0.9696969696969697,0.0
248,0,2,49,0.938066576539509,0.9055652973072329,0.9696969696969697,0.0
249,0,2,50,0.938066576539509,0.9055652973072329,0.9696969696969697,2.0
250,0,2,51,0.9438155136268345,0.9129499126918482,0.9375,0.0
251,0,2,52,0.9438155136268345,0.9129499126918482,0.9375,0.0
252,0,2,53,0.9438155136268345,0.9129499126918482,0.9375,4.0
253,0,2,54,0.9438155136268345,0.9129499126918482,0.9375,0.0
254,0,2,55,0.9438155136268345,0.9129499126918482,0.9375,2.0
255,0,2,56,0.9438155136268345,0.9129499126918482,0.9375,0.0
256,0,2,57,0.9438155136268345,0.9129499126918482,0.9375,1.0
257,0,2,58,0.9438155136268345,0.9129499126918482,0.9375,2.0
258,0,2,59,0.9438155136268345,0.9129499126918482,0.9375,1.0
259,0,2,60,0.9438155136268345,0.9129499126918482,0.9375,1.0
260,0,2,61,0.9438155136268345,0.9129499126918482,0.9375,0.0
261,0,2,62,0.9438155136268345,0.9129499126918482,0.9375,1.0
262,0,2,63,0.9438155136268345,0.9129499126918482,0.9375,0.0
263,0,2,64,0.9438155136268345,0.9129499126918482,0.9375,1.0
264,0,2,65,0.9438155136268345,0.9129499126918482,0.9375,1.0
265,0,2,66,0.9438155136268345,0.9129499126918482,0.9375,2.0
266,0,2,67,0.9438155136268345,0.9129499126918482,0.9375,0.0
267,0,2,68,0.9438155136268345,0.9129499126918482,0.9375,2.0
268,0,2,69,0.9438155136268345,0.9129499126918482,0.9375,0.0
269,0,2,70,0.9438155136268345,0.9129499126918482,0.9375,1.0
270,0,2,71,0.9438155136268345,0.9129499126918482,0.9375,1.0
271,0,2,72,0.9438155136268345,0.9129499126918482,0.9375,1.0
272,0,2,73,0.9438155136268345,0.9129499126918482,0.9375,0.0
273,0,2,74,0.9438155136268345,0.9129499126918482,0.9375,1.0
274,0,2,75,0.9438155136268345,0.9129499126918482,0.9375,2.0
275,0,2,76,0.9438155136268345,0.9129499126918482,0.9375,1.0
276,0,2,77,0.9438155136268345,0.9129499126918482,0.9375,0.0
277,0,2,78,0.9438155136268345,0.9129499126918482,0.9375,1.0
278,0,2,79,0.9438155136268345,0.9129499126918482,0.9375,2.0
279,0,2,80,0.9438155136268345,0.9129499126918482,0.9375,0.0
280,0,2,81,0.9438155136268345,0.9129499126918482,0.9375,0.0
281,0,2,82,0.9438155136268345,0.9129499126918482,0.9375,4.0
282,0,2,83,0.9438155136268345,0.9129499126918482,0.9375,0.0
283,0,2,84,0.9438155136268345,0.9129499126918482,0.9375,1.0
284,0,2,85,0.9438155136268345,0.9129499126918482,0.9375,1.0
285,0,2,86,0.9438155136268345,0.9129499126918482,0.9375,1.0
286,0,2,87,0.9438155136268345,0.9129499126918482,0.9375,2.0
287,0,2,88,0.9438155136268345,0.9129499126918482,0.9375,0.0
288,0,2,89,0.9438155136268345,0.9129499126918482,0.9375,0.0
289,0,2,90,0.9438155136268345,0.9129499126918482,0.9375,2.0
290,0,2,91,0.9438155136268345,0.9129499126918482,0.9375,0.0
291,0,2,92,0.9438155136268345,0.9129499126918482,0.9375,0.0
292,0,2,93,0.9438155136268345,0.9129499126918482,0.9375,1.0
293,0,2,94,0.9438155136268345,0.9129499126918482,0.9375,2.0
294,0,2,95,0.9438155136268345,0.9129499126918482,0.9375,1.0
295,0,2,96,0.9438155136268345,0.9129499126918482,0.9375,1.0
296,0,2,97,0.9438155136268345,0.9129499126918482,0.9375,0.0
297,0,2,98,0.9438155136268345,0.9129499126918482,0.9375,1.0
298,0,2,99,0.9438155136268345,0.9129499126918482,0.9375,0.0
299,0,2,100,0.9438155136268345,0.9129499126918482,0.9375,3.0
300,0,2,101,0.9438155136268345,0.9129499126918482,0.9375,1.0
301,0,2,102,0.9438155136268345,0.9129499126918482,0.9375,1.0
302,0,2,103,0.9438155136268345,0.9129499126918482,0.9375,1.0
303,0,2,104,0.9438155136268345,0.9129499126918482,0.9375,0.0
304,0,2,105,0.9438155136268345,0.9129499126918482,0.9375,2.0
305,0,2,106,0.9438155136268345,0.9129499126918482,0.9375,0.0
306,0,2,107,0.9438155136268345,0.9129499126918482,0.9375,1.0
307,0,2,108,0.9438155136268345,0.9129499126918482,0.9375,0.0
308,0,2,109,0.9438155136268345,0.9129499126918482,0.9375,2.0
309,0,2,110,0.9438155136268345,0.9129499126918482,0.9375,1.0
310,0,2,111,0.9438155136268345,0.9129499126918482,0.9375,0.0
311,0,2,112,0.9438155136268345,0.9129499126918482,0.9375,1.0
312,0,2,113,0.9438155136268345,0.9129499126918482,0.9375,1.0
313,0,2,114,0.9438155136268345,0.9129499126918482,0.9375,1.0
314,0,2,115,0.9438155136268345,0.9129499126918482,0.9375,0.0
315,0,2,116,0.9438155136268345,0.9129499126918482,0.9375,1.0
316,0,2,117,0.9438155136268345,0.9129499126918482,0.9375,2.0
317,0,2,118,0.9438155136268345,0.9129499126918482,0.9375,1.0
318,0,2,119,0.9438155136268345,0.9129499126918482,0.9375,1.0
319,0,2,120,0.9438155136268345,0.9129499126918482,0.9375,0.0
320,0,2,121,0.9438155136268345,0.9129499126918482,0.9375,3.0
321,0,2,122,0.9438155136268345,0.9129499126918482,0.9375,0.0
322,0,2,123,0.9438155136268345,0.9129499126918482,0.9375,2.0
323,0,2,124,0.9438155136268345,0.9129499126918482,0.9375,1.0
324,0,2,125,0.9438155136268345,0.9129499126918482,0.9375,1.0
325,0,2,126,0.9438155136268345,0.9129499126918482,0.9375,2.0
326,0,2,127,0.9438155136268345,0.9129499126918482,0.9375,0.0
327,0,2,128,0.9438155136268345,0.9129499126918482,0.9375,0.0
328,0,2,129,0.9438155136268345,0.9129499126918482,0.9375,1.0
329,0,2,130,0.9438155136268345,0.9129499126918482,0.9375,0.0
330,0,2,131,0.9438155136268345,0.9129499126918482,0.9375,0.0
331,0,2,132,0.9438155136268345,0.9129499126918482,0.9375,3.0
332,0,2,133,0.9438155136268345,0.9129499126918482,0.9375,0.0
333,0,2,134,0.9438155136268345,0.9129499126918482,0.9375,0.0
334,0,2,135,0.9438155136268345,0.9129499126918482,0.9375,1.0
335,0,2,136,0.9438155136268345,0.9129499126918482,0.9375,0.0
336,0,2,137,0.9438155136268345,0.9129499126918482,0.9375,3.0
337,0,2,138,0.9438155136268345,0.9129499126918482,0.9375,3.0
338,0,2,139,0.9438155136268345,0.9129499126918482,0.9375,0.0
339,0,2,140,0.9438155136268345,0.9129499126918482,0.9375,1.0
340,0,2,141,0.9438155136268345,0.9129499126918482,0.9375,1.0
341,0,2,142,0.9438155136268345,0.9129499126918482,0.9375,1.0
342,0,2,143,0.9438155136268345,0.9129499126918482,0.9375,0.0
343,0,2,144,0.9438155136268345,0.9129499126918482,0.9375,1.0
344,0,2,145,0.9438155136268345,0.9129499126918482,0.9375,2.0
345,0,2,146,0.9438155136268345,0.9129499126918482,0.9375,1.0
346,0,2,147,0.9438155136268345,0.9129499126918482,0.9375,0.0
347,0,2,148,0.9438155136268345,0.9129499126918482,0.9375,2.0
348,0,2,149,0.9438155136268345,0.9129499126918482,0.9375,0.0
349,0,2,150,0.9438155136268345,0.9129499126918482,0.9375,0.0
350,0,2,151,0.9438155136268345,0.9129499126918482,0.9375,1.0
351,0,2,152,0.9438155136268345,0.9129499126918482,0.9375,0.0
352,0,2,153,0.9438155136268345,0.9129499126918482,0.9375,2.0
353,0,2,154,0.9438155136268345,0.9129499126918482,0.9375,1.0
354,0,2,155,0.9438155136268345,0.9129499126918482,0.9375,3.0
355,0,2,156,0.9438155136268345,0.9129499126918482,0.9375,1.0
356,0,2,157,0.9438155136268345,0.9129499126918482,0.9375,0.0
357,0,2,158,0.9438155136268345,0.9129499126918482,0.9375,0.0
358,0,2,159,0.9438155136268345,0.9129499126918482,0.9375,1.0
359,0,2,160,0.9438155136268345,0.9129499126918482,0.9375,3.0
360,0,2,161,0.9438155136268345,0.9129499126918482,0.9375,1.0
361,0,2,162,0.9438155136268345,0.9129499126918482,0.9375,2.0
362,0,2,163,0.9438155136268345,0.9129499126918482,0.9375,0.0
363,0,2,164,0.9438155136268345,0.9129499126918482,0.9375,0.0
364,0,2,165,0.9438155136268345,0.9129499126918482,0.9375,0.0
365,0,2,166,0.9438155136268345,0.9129499126918482,0.9375,1.0
366,0,2,167,0.9438155136268345,0.9129499126918482,0.9375,2.0
367,0,2,168,0.9438155136268345,0.9129499126918482,0.9375,1.0
368,0,2,169,0.9438155136268345,0.9129499126918482,0.9375,2.0
369,0,2,170,0.9438155136268345,0.9129499126918482,0.9375,1.0
370,0,2,171,0.9438155136268345,0.9129499126918482,0.9375,1.0
371,0,2,172,0.9438155136268345,0.9129499126918482,0.9375,0.0
372,0,2,173,0.9438155136268345,0.9129499126918482,0.9375,1.0
373,0,2,174,0.9438155136268345,0.9129499126918482,0.9375,0.0
374,0,2,175,0.9438155136268345,0.9129499126918482,0.9375,1.0
375,0,2,176,0.9438155136268345,0.9129499126918482,0.9375,1.0
376,0,2,177,0.9438155136268345,0.9129499126918482,0.9375,2.0
377,0,2,178,0.9438155136268345,0.9129499126918482,0.9375,0.0
378,0,2,179,0.9438155136268345,0.9129499126918482,0.9375,1.0
379,0,2,180,0.9438155136268345,0.9129499126918482,0.9375,1.0
380,0,2,181,0.9438155136268345,0.9129499126918482,0.9375,3.0
381,0,2,182,0.9438155136268345,0.9129499126918482,0.9375,0.0
382,0,2,183,0.9438155136268345,0.9129499126918482,0.9375,1.0
383,0,2,184,0.9438155136268345,0.9129499126918482,0.9375,1.0
384,0,2,185,0.9438155136268345,0.9129499126918482,0.9375,0.0
385,0,2,186,0.9438155136268345,0.9129499126918482,0.9375,1.0
386,0,2,187,0.9438155136268345,0.9129499126918482,0.9375,0.0
387,0,2,188,0.9438155136268345,0.9129499126918482,0.9375,1.0
388,0,2,189,0.9438155136268345,0.9129499126918482,0.9375,4.0
389,0,2,190,0.9438155136268345,0.9129499126918482,0.9375,0.0
390,0,2,191,0.9438155136268345,0.9129499126918482,0.9375,2.0
391,0,2,192,0.9438155136268345,0.9129499126918482,0.9375,0.0
392,0,2,193,0.9438155136268345,0.9129499126918482,0.9375,1.0
393,0,2,194,0.9438155136268345,0.9129499126918482,0.9375,0.0
394,0,2,195,0.9438155136268345,0.9129499126918482,0.9375,0.0
395,0,2,196,0.9438155136268345,0.9129499126918482,0.9375,1.0
396,0,2,197,0.9438155136268345,0.9129499126918482,0.9375,2.0
397,0,2,198,0.9438155136268345,0.9129499126918482,0.9375,2.0
398,0,2,199,0.9438155136268345,0.9129499126918482,0.9375,1.0
399,0,2,200,0.9438155136268345,0.9129499126918482,0.9375,0.0
400,0,3,1,0.9508875681352744,0.9024605024605024,0.8823529411764706,0.0
401,0,3,2,0.9506854628864403,0.9092981092981093,0.9090909090909091,0.0
402,0,3,3,0.9506854628864403,0.9092981092981093,0.9090909090909091,0.0
403,0,3,4,0.9506854628864403,0.9092981092981093,0.9090909090909091,0.0
404,0,3,5,0.9506854628864403,0.9092981092981093,0.9090909090909091,0.0
405,0,3,6,0.9506854628864403,0.9092981092981093,0.9090909090909091,0.0
406,0,3,7,0.9506854628864403,0.9092981092981093,0.9090909090909091,0.0
407,0,3,8,0.9506854628864403,0.9092981092981093,0.9090909090909091,0.0
408,0,3,9,0.9506854628864403,0.9092981092981093,0.9090909090909091,0.0
409,0,3,10,0.9506854628864403,0.9092981092981093,0.9090909090909091,0.0
410,0,3,11,0.9508569453523583,0.9172753172753172,0.8823529411764706,0.0
411,0,3,12,0.9508569453523583,0.9172753172753172,0.8823529411764706,0.0
412,0,3,13,0.9508569453523583,0.9172753172753172,0.8823529411764706,0.0
413,0,3,14,0.9508569453523583,0.9172753172753172,0.8823529411764706,1.0
414,0,3,15,0.9508569453523583,0.9172753172753172,0.8823529411764706,0.0
415,0,3,16,0.9508569453523583,0.9172753172753172,0.8823529411764706,1.0
416,0,3,17,0.9508569453523583,0.9172753172753172,0.8823529411764706,0.0
417,0,3,18,0.9508569453523583,0.9172753172753172,0.8823529411764706,1.0
418,0,3,19,0.9508569453523583,0.9172753172753172,0.8823529411764706,1.0
419,0,3,20,0.9508569453523583,0.9172753172753172,0.8823529411764706,0.0
420,0,3,21,0.9508569453523583,0.9172753172753172,0.8823529411764706,1.0
421,0,3,22,0.9508569453523583,0.9172753172753172,0.8823529411764706,2.0
422,0,3,23,0.9508569453523583,0.9172753172753172,0.8823529411764706,1.0
423,0,3,24,0.9508569453523583,0.9172753172753172,0.8823529411764706,1.0
424,0,3,25,0.9508569453523583,0.9172753172753172,0.8823529411764706,1.0
425,0,3,26,0.9508569453523583,0.9172753172753172,0.8823529411764706,0.0
426,0,3,27,0.9508569453523583,0.9172753172753172,0.8823529411764706,2.0
427,0,3,28,0.9508569453523583,0.9172753172753172,0.8823529411764706,0.0
428,0,3,29,0.9508569453523583,0.9172753172753172,0.8823529411764706,0.0
429,0,3,30,0.9508569453523583,0.9172753172753172,0.8823529411764706,1.0
430,0,3,31,0.9508569453523583,0.9172753172753172,0.8823529411764706,3.0
431,0,3,32,0.9508569453523583,0.9172753172753172,0.8823529411764706,2.0
432,0,3,33,0.9508569453523583,0.9172753172753172,0.8823529411764706,1.0
433,0,3,34,0.9508569453523583,0.9172753172753172,0.8823529411764706,1.0
434,0,3,35,0.9508569453523583,0.9172753172753172,0.8823529411764706,0.0
435,0,3,36,0.9508569453523583,0.9172753172753172,0.8823529411764706,1.0
436,0,3,37,0.9508569453523583,0.9172753172753172,0.8823529411764706,0.0
437,0,3,38,0.9508569453523583,0.9172753172753172,0.8823529411764706,2.0
438,0,3,39,0.9508569453523583,0.9172753172753172,0.8823529411764706,0.0
439,0,3,40,0.9508569453523583,0.9172753172753172,0.8823529411764706,0.0
440,0,3,41,0.9508569453523583,0.9172753172753172,0.8823529411764706,3.0
441,0,3,42,0.9508569453523583,0.9172753172753172,0.8823529411764706,0.0
442,0,3,43,0.9508569453523583,0.9172753172753172,0.8823529411764706,1.0
443,0,3,44,0.9508569453523583,0.9172753172753172,0.8823529411764706,0.0
444,0,3,45,0.9508569453523583,0.9172753172753172,0.8823529411764706,1.0
445,0,3,46,0.9508569453523583,0.9172753172753172,0.8823529411764706,0.0
446,0,3,47,0.9508569453523583,0.9172753172753172,0.8823529411764706,3.0
447,0,3,48,0.9508569453523583,0.9172753172753172,0.8823529411764706,1.0
448,0,3,49,0.9508569453523583,0.9172753172753172,0.8823529411764706,1.0
449,0,3,50,0.9508569453523583,0.9172753172753172,0.8823529411764706,1.0
450,0,3,51,0.9508569453523583,0.9172753172753172,0.8823529411764706,1.0
451,0,3,52,0.9508569453523583,0.9172753172753172,0.8823529411764706,0.0
452,0,3,53,0.9508569453523583,0.9172753172753172,0.8823529411764706,1.0
453,0,3,54,0.9508569453523583,0.9172753172753172,0.8823529411764706,0.0
454,0,3,55,0.9508569453523583,0.9172753172753172,0.8823529411764706,1.0
455,0,3,56,0.9508569453523583,0.9172753172753172,0.8823529411764706,1.0
456,0,3,57,0.9508569453523583,0.9172753172753172,0.8823529411764706,2.0
457,0,3,58,0.9508569453523583,0.9172753172753172,0.8823529411764706,0.0
458,0,3,59,0.9508569453523583,0.9172753172753172,0.8823529411764706,1.0
459,0,3,60,0.9508569453523583,0.9172753172753172,0.8823529411764706,2.0
460,0,3,61,0.9508569453523583,0.9172753172753172,0.8823529411764706,0.0
461,0,3,62,0.9508569453523583,0.9172753172753172,0.8823529411764706,1.0
462,0,3,63,0.9508569453523583,0.9172753172753172,0.8823529411764706,0.0
463,0,3,64,0.9508569453523583,0.9172753172753172,0.8823529411764706,2.0
464,0,3,65,0.9508569453523583,0.9172753172753172,0.8823529411764706,2.0
465,0,3,66,0.9508569453523583,0.9172753172753172,0.8823529411764706,1.0
466,0,3,67,0.9508569453523583,0.9172753172753172,0.8823529411764706,1.0
467,0,3,68,0.9508569453523583,0.9172753172753172,0.8823529411764706,1.0
468,0,3,69,0.9508569453523583,0.9172753172753172,0.8823529411764706,0.0
469,0,3,70,0.9508569453523583,0.9172753172753172,0.8823529411764706,0.0
470,0,3,71,0.9508569453523583,0.9172753172753172,0.8823529411764706,1.0
471,0,3,72,0.9508569453523583,0.9172753172753172,0.8823529411764706,1.0
472,0,3,73,0.9508569453523583,0.9172753172753172,0.8823529411764706,0.0
473,0,3,74,0.9508569453523583,0.9172753172753172,0.8823529411764706,2.0
474,0,3,75,0.9508569453523583,0.9172753172753172,0.8823529411764706,2.0
475,0,3,76,0.9508569453523583,0.9172753172753172,0.8823529411764706,1.0
476,0,3,77,0.9508569453523583,0.9172753172753172,0.8823529411764706,1.0
477,0,3,78,0.9508569453523583,0.9172753172753172,0.8823529411764706,1.0
478,0,3,79,0.9508569453523583,0.9172753172753172,0.8823529411764706,1.0
479,0,3,80,0.9508569453523583,0.9172753172753172,0.8823529411764706,0.0
480,0,3,81,0.9508569453523583,0.9172753172753172,0.8823529411764706,1.0
481,0,3,82,0.9508569453523583,0.9172753172753172,0.8823529411764706,1.0
482,0,3,83,0.9508569453523583,0.9172753172753172,0.8823529411764706,1.0
483,0,3,84,0.9508569453523583,0.9172753172753172,0.8823529411764706,1.0
484,0,3,85,0.9508569453523583,0.9172753172753172,0.8823529411764706,1.0
485,0,3,86,0.9508569453523583,0.9172753172753172,0.8823529411764706,0.0
486,0,3,87,0.9508569453523583,0.9172753172753172,0.8823529411764706,1.0
487,0,3,88,0.9508569453523583,0.9172753172753172,0.8823529411764706,1.0
488,0,3,89,0.9508569453523583,0.9172753172753172,0.8823529411764706,0.0
489,0,3,90,0.9508569453523583,0.9172753172753172,0.8823529411764706,0.0
490,0,3,91,0.9508569453523583,0.9172753172753172,0.8823529411764706,2.0
491,0,3,92,0.9508569453523583,0.9172753172753172,0.8823529411764706,3.0
492,0,3,93,0.9508569453523583,0.9172753172753172,0.8823529411764706,1.0
493,0,3,94,0.9508569453523583,0.9172753172753172,0.8823529411764706,0.0
494,0,3,95,0.9508569453523583,0.9172753172753172,0.8823529411764706,2.0
495,0,3,96,0.9508569453523583,0.9172753172753172,0.8823529411764706,0.0
496,0,3,97,0.9508569453523583,0.9172753172753172,0.8823529411764706,2.0
497,0,3,98,0.9508569453523583,0.9172753172753172,0.8823529411764706,2.0
498,0,3,99,0.9508569453523583,0.9172753172753172,0.8823529411764706,1.0
499,0,3,100,0.9508569453523583,0.9172753172753172,0.8823529411764706,0.0
500,0,3,101,0.9508569453523583,0.9172753172753172,0.8823529411764706,0.0
501,0,3,102,0.9508569453523583,0.9172753172753172,0.8823529411764706,1.0
502,0,3,103,0.9508569453523583,0.9172753172753172,0.8823529411764706,0.0
503,0,3,104,0.9508569453523583,0.9172753172753172,0.8823529411764706,1.0
504,0,3,105,0.9508569453523583,0.9172753172753172,0.8823529411764706,0.0
505,0,3,106,0.9508569453523583,0.9172753172753172,0.8823529411764706,1.0
506,0,3,107,0.9508569453523583,0.9172753172753172,0.8823529411764706,3.0
507,0,3,108,0.9508569453523583,0.9172753172753172,0.8823529411764706,1.0
508,0,3,109,0.9508569453523583,0.9172753172753172,0.8823529411764706,2.0
509,0,3,110,0.9508569453523583,0.9172753172753172,0.8823529411764706,1.0
510,0,3,111,0.9508569453523583,0.9172753172753172,0.8823529411764706,1.0
511,0,3,112,0.9508569453523583,0.9172753172753172,0.8823529411764706,1.0
512,0,3,113,0.9508569453523583,0.9172753172753172,0.8823529411764706,1.0
513,0,3,114,0.9508569453523583,0.9172753172753172,0.8823529411764706,2.0
514,0,3,115,0.9508569453523583,0.9172753172753172,0.8823529411764706,0.0
515,0,3,116,0.9508569453523583,0.9172753172753172,0.8823529411764706,0.0
516,0,3,117,0.9508569453523583,0.9172753172753172,0.8823529411764706,0.0
517,0,3,118,0.9508569453523583,0.9172753172753172,0.8823529411764706,1.0
518,0,3,119,0.9508569453523583,0.9172753172753172,0.8823529411764706,1.0
519,0,3,120,0.9508569453523583,0.9172753172753172,0.8823529411764706,2.0
520,0,3,121,0.9508569453523583,0.9172753172753172,0.8823529411764706,1.0
521,0,3,122,0.9508569453523583,0.9172753172753172,0.8823529411764706,0.0
522,0,3,123,0.9508569453523583,0.9172753172753172,0.8823529411764706,2.0
523,0,3,124,0.9508569453523583,0.9172753172753172,0.8823529411764706,1.0
524,0,3,125,0.9508569453523583,0.9172753172753172,0.8823529411764706,2.0
525,0,3,126,0.9508569453523583,0.9172753172753172,0.8823529411764706,0.0
526,0,3,127,0.9508569453523583,0.9172753172753172,0.8823529411764706,1.0
527,0,3,128,0.9508569453523583,0.9172753172753172,0.8823529411764706,1.0
528,0,3,129,0.9508569453523583,0.9172753172753172,0.8823529411764706,0.0
529,0,3,130,0.9508569453523583,0.9172753172753172,0.8823529411764706,3.0
530,0,3,131,0.9508569453523583,0.9172753172753172,0.8823529411764706,0.0
531,0,3,132,0.9508569453523583,0.9172753172753172,0.8823529411764706,0.0
532,0,3,133,0.9508569453523583,0.9172753172753172,0.8823529411764706,0.0
533,0,3,134,0.9508569453523583,0.9172753172753172,0.8823529411764706,0.0
534,0,3,135,0.9508569453523583,0.9172753172753172,0.8823529411764706,3.0
535,0,3,136,0.9508569453523583,0.9172753172753172,0.8823529411764706,2.0
536,0,3,137,0.9508569453523583,0.9172753172753172,0.8823529411764706,1.0
537,0,3,138,0.9508569453523583,0.9172753172753172,0.8823529411764706,1.0
538,0,3,139,0.9508569453523583,0.9172753172753172,0.8823529411764706,1.0
539,0,3,140,0.9508569453523583,0.9172753172753172,0.8823529411764706,0.0
540,0,3,141,0.9508569453523583,0.9172753172753172,0.8823529411764706,2.0
541,0,3,142,0.9508569453523583,0.9172753172753172,0.8823529411764706,2.0
542,0,3,143,0.9508569453523583,0.9172753172753172,0.8823529411764706,0.0
543,0,3,144,0.9508569453523583,0.9172753172753172,0.8823529411764706,0.0
544,0,3,145,0.9508569453523583,0.9172753172753172,0.8823529411764706,0.0
545,0,3,146,0.9508569453523583,0.9172753172753172,0.8823529411764706,1.0
546,0,3,147,0.9508569453523583,0.9172753172753172,0.8823529411764706,0.0
547,0,3,148,0.9508569453523583,0.9172753172753172,0.8823529411764706,1.0
548,0,3,149,0.9508569453523583,0.9172753172753172,0.8823529411764706,0.0
549,0,3,150,0.9508569453523583,0.9172753172753172,0.8823529411764706,2.0
550,0,3,151,0.9508569453523583,0.9172753172753172,0.8823529411764706,3.0
551,0,3,152,0.9508569453523583,0.9172753172753172,0.8823529411764706,1.0
552,0,3,153,0.9508569453523583,0.9172753172753172,0.8823529411764706,2.0
553,0,3,154,0.9508569453523583,0.9172753172753172,0.8823529411764706,1.0
554,0,3,155,0.9508569453523583,0.9172753172753172,0.8823529411764706,1.0
555,0,3,156,0.9508569453523583,0.9172753172753172,0.8823529411764706,0.0
556,0,3,157,0.9508569453523583,0.9172753172753172,0.8823529411764706,1.0
557,0,3,158,0.9508569453523583,0.9172753172753172,0.8823529411764706,1.0
558,0,3,159,0.9508569453523583,0.9172753172753172,0.8823529411764706,0.0
559,0,3,160,0.9508569453523583,0.9172753172753172,0.8823529411764706,1.0
560,0,3,161,0.9508569453523583,0.9172753172753172,0.8823529411764706,1.0
561,0,3,162,0.9508569453523583,0.9172753172753172,0.8823529411764706,0.0
562,0,3,163,0.9508569453523583,0.9172753172753172,0.8823529411764706,0.0
563,0,3,164,0.9508569453523583,0.9172753172753172,0.8823529411764706,1.0
564,0,3,165,0.9508569453523583,0.9172753172753172,0.8823529411764706,1.0
565,0,3,166,0.9508569453523583,0.9172753172753172,0.8823529411764706,1.0
566,0,3,167,0.9508569453523583,0.9172753172753172,0.8823529411764706,4.0
567,0,3,168,0.9508569453523583,0.9172753172753172,0.8823529411764706,1.0
568,0,3,169,0.9508569453523583,0.9172753172753172,0.8823529411764706,2.0
569,0,3,170,0.9508569453523583,0.9172753172753172,0.8823529411764706,1.0
570,0,3,171,0.9508569453523583,0.9172753172753172,0.8823529411764706,0.0
571,0,3,172,0.9508569453523583,0.9172753172753172,0.8823529411764706,2.0
572,0,3,173,0.9508569453523583,0.9172753172753172,0.8823529411764706,0.0
573,0,3,174,0.9508569453523583,0.9172753172753172,0.8823529411764706,1.0
574,0,3,175,0.9508569453523583,0.9172753172753172,0.8823529411764706,0.0
575,0,3,176,0.9508569453523583,0.9172753172753172,0.8823529411764706,1.0
576,0,3,177,0.9508569453523583,0.9172753172753172,0.8823529411764706,0.0
577,0,3,178,0.9508569453523583,0.9172753172753172,0.8823529411764706,0.0
578,0,3,179,0.9508569453523583,0.9172753172753172,0.8823529411764706,1.0
579,0,3,180,0.9508569453523583,0.9172753172753172,0.8823529411764706,0.0
580,0,3,181,0.9508569453523583,0.9172753172753172,0.8823529411764706,0.0
581,0,3,182,0.9508569453523583,0.9172753172753172,0.8823529411764706,2.0
582,0,3,183,0.9508569453523583,0.9172753172753172,0.8823529411764706,4.0
583,0,3,184,0.9508569453523583,0.9172753172753172,0.8823529411764706,3.0
584,0,3,185,0.9508569453523583,0.9172753172753172,0.8823529411764706,1.0
585,0,3,186,0.9508569453523583,0.9172753172753172,0.8823529411764706,0.0
586,0,3,187,0.9508569453523583,0.9172753172753172,0.8823529411764706,0.0
587,0,3,188,0.9508569453523583,0.9172753172753172,0.8823529411764706,0.0
588,0,3,189,0.9508569453523583,0.9172753172753172,0.8823529411764706,3.0
589,0,3,190,0.9508569453523583,0.9172753172753172,0.8823529411764706,1.0
590,0,3,191,0.9508569453523583,0.9172753172753172,0.8823529411764706,0.0
591,0,3,192,0.9508569453523583,0.9172753172753172,0.8823529411764706,0.0
592,0,3,193,0.9508569453523583,0.9172753172753172,0.8823529411764706,1.0
593,0,3,194,0.9508569453523583,0.9172753172753172,0.8823529411764706,0.0
594,0,3,195,0.9508569453523583,0.9172753172753172,0.8823529411764706,0.0
595,0,3,196,0.9508569453523583,0.9172753172753172,0.8823529411764706,1.0
596,0,3,197,0.9508569453523583,0.9172753172753172,0.8823529411764706,2.0
597,0,3,198,0.9508569453523583,0.9172753172753172,0.8823529411764706,2.0
598,0,3,199,0.9508569453523583,0.9172753172753172,0.8823529411764706,3.0
599,0,3,200,0.9508569453523583,0.9172753172753172,0.8823529411764706,2.0
600,0,4,1,0.9514309768395014,0.947008547008547,0.875,0.0
601,0,4,2,0.9514309768395014,0.947008547008547,0.875,0.0
602,0,4,3,0.9514309768395014,0.947008547008547,0.875,0.0
603,0,4,4,0.9514309768395014,0.947008547008547,0.875,0.0
604,0,4,5,0.9514309768395014,0.947008547008547,0.875,0.0
605,0,4,6,0.9514309768395014,0.947008547008547,0.875,0.0
606,0,4,7,0.9590140489197173,0.9549857549857549,0.875,0.0
607,0,4,8,0.9590140489197173,0.9549857549857549,0.875,0.0
608,0,4,9,0.9590140489197173,0.9549857549857549,0.875,0.0
609,0,4,10,0.9590140489197173,0.9549857549857549,0.875,0.0
610,0,4,11,0.9590140489197173,0.9549857549857549,0.875,0.0
611,0,4,12,0.9590140489197173,0.9549857549857549,0.875,0.0
612,0,4,13,0.9590140489197173,0.9549857549857549,0.875,0.0
613,0,4,14,0.9590140489197173,0.9549857549857549,0.875,0.0
614,0,4,15,0.9590140489197173,0.9549857549857549,0.875,1.0
615,0,4,16,0.9590140489197173,0.9549857549857549,0.875,2.0
616,0,4,17,0.9590140489197173,0.9549857549857549,0.875,2.0
617,0,4,18,0.9590140489197173,0.9549857549857549,0.875,1.0
618,0,4,19,0.9590140489197173,0.9549857549857549,0.875,1.0
619,0,4,20,0.9590140489197173,0.9549857549857549,0.875,0.0
620,0,4,21,0.9590140489197173,0.9549857549857549,0.875,0.0
621,0,4,22,0.9590140489197173,0.9549857549857549,0.875,0.0
622,0,4,23,0.9590140489197173,0.9549857549857549,0.875,0.0
623,0,4,24,0.9590140489197173,0.9549857549857549,0.875,2.0
624,0,4,25,0.9590140489197173,0.9549857549857549,0.875,1.0
625,0,4,26,0.9590140489197173,0.9549857549857549,0.875,0.0
626,0,4,27,0.9590140489197173,0.9549857549857549,0.875,0.0
627,0,4,28,0.9590140489197173,0.9549857549857549,0.875,2.0
628,0,4,29,0.9590140489197173,0.9549857549857549,0.875,0.0
629,0,4,30,0.9590140489197173,0.9549857549857549,0.875,0.0
630,0,4,31,0.9590140489197173,0.9549857549857549,0.875,0.0
631,0,4,32,0.9590140489197173,0.9549857549857549,0.875,5.0
632,0,4,33,0.9590140489197173,0.9549857549857549,0.875,1.0
633,0,4,34,0.9590140489197173,0.9549857549857549,0.875,1.0
634,0,4,35,0.9590140489197173,0.9549857549857549,0.875,1.0
635,0,4,36,0.9590140489197173,0.9549857549857549,0.875,0.0
636,0,4,37,0.9590140489197173,0.9549857549857549,0.875,0.0
637,0,4,38,0.9590140489197173,0.9549857549857549,0.875,2.0
638,0,4,39,0.9590140489197173,0.9549857549857549,0.875,1.0
639,0,4,40,0.9590140489197173,0.9549857549857549,0.875,0.0
640,0,4,41,0.9590140489197173,0.9549857549857549,0.875,1.0
641,0,4,42,0.9590140489197173,0.9549857549857549,0.875,2.0
642,0,4,43,0.9590140489197173,0.9549857549857549,0.875,0.0
643,0,4,44,0.9590140489197173,0.9549857549857549,0.875,0.0
644,0,4,45,0.9590140489197173,0.9549857549857549,0.875,0.0
645,0,4,46,0.9590140489197173,0.9549857549857549,0.875,2.0
646,0,4,47,0.9590140489197173,0.9549857549857549,0.875,1.0
647,0,4,48,0.9590140489197173,0.9549857549857549,0.875,0.0
648,0,4,49,0.9590140489197173,0.9549857549857549,0.875,0.0
649,0,4,50,0.9590140489197173,0.9549857549857549,0.875,3.0
650,0,4,51,0.9590140489197173,0.9549857549857549,0.875,0.0
651,0,4,52,0.9590140489197173,0.9549857549857549,0.875,1.0
652,0,4,53,0.9590140489197173,0.9549857549857549,0.875,1.0
653,0,4,54,0.9590140489197173,0.9549857549857549,0.875,0.0
654,0,4,55,0.9590140489197173,0.9549857549857549,0.875,2.0
655,0,4,56,0.9590140489197173,0.9549857549857549,0.875,1.0
656,0,4,57,0.9590140489197173,0.9549857549857549,0.875,2.0
657,0,4,58,0.9590140489197173,0.9549857549857549,0.875,1.0
658,0,4,59,0.9590140489197173,0.9549857549857549,0.875,1.0
659,0,4,60,0.9590140489197173,0.9549857549857549,0.875,0.0
660,0,4,61,0.9590140489197173,0.9549857549857549,0.875,1.0
661,0,4,62,0.9590140489197173,0.9549857549857549,0.875,2.0
662,0,4,63,0.9590140489197173,0.9549857549857549,0.875,0.0
663,0,4,64,0.9590140489197173,0.9549857549857549,0.875,1.0
664,0,4,65,0.9590140489197173,0.9549857549857549,0.875,1.0
665,0,4,66,0.9590140489197173,0.9549857549857549,0.875,1.0
666,0,4,67,0.9590140489197173,0.9549857549857549,0.875,0.0
667,0,4,68,0.9590140489197173,0.9549857549857549,0.875,2.0
668,0,4,69,0.9590140489197173,0.9549857549857549,0.875,1.0
669,0,4,70,0.9590140489197173,0.9549857549857549,0.875,0.0
670,0,4,71,0.9590140489197173,0.9549857549857549,0.875,1.0
671,0,4,72,0.9590140489197173,0.9549857549857549,0.875,1.0
672,0,4,73,0.9590140489197173,0.9549857549857549,0.875,0.0
673,0,4,74,0.9590140489197173,0.9549857549857549,0.875,2.0
674,0,4,75,0.9590140489197173,0.9549857549857549,0.875,1.0
675,0,4,76,0.9590140489197173,0.9549857549857549,0.875,2.0
676,0,4,77,0.9590140489197173,0.9549857549857549,0.875,1.0
677,0,4,78,0.9590140489197173,0.9549857549857549,0.875,0.0
678,0,4,79,0.9590140489197173,0.9549857549857549,0.875,1.0
679,0,4,80,0.9590140489197173,0.9549857549857549,0.875,1.0
680,0,4,81,0.9590140489197173,0.9549857549857549,0.875,1.0
681,0,4,82,0.9590140489197173,0.9549857549857549,0.875,1.0
682,0,4,83,0.9590140489197173,0.9549857549857549,0.875,1.0
683,0,4,84,0.9590140489197173,0.9549857549857549,0.875,2.0
684,0,4,85,0.9590140489197173,0.9549857549857549,0.875,1.0
685,0,4,86,0.9590140489197173,0.9549857549857549,0.875,1.0
686,0,4,87,0.9590140489197173,0.9549857549857549,0.875,1.0
687,0,4,88,0.9590140489197173,0.9549857549857549,0.875,1.0
688,0,4,89,0.9590140489197173,0.9549857549857549,0.875,2.0
689,0,4,90,0.9590140489197173,0.9549857549857549,0.875,0.0
690,0,4,91,0.9590140489197173,0.9549857549857549,0.875,1.0
691,0,4,92,0.9590140489197173,0.9549857549857549,0.875,1.0
692,0,4,93,0.9590140489197173,0.9549857549857549,0.875,0.0
693,0,4,94,0.9590140489197173,0.9549857549857549,0.875,0.0
694,0,4,95,0.9590140489197173,0.9549857549857549,0.875,1.0
695,0,4,96,0.9590140489197173,0.9549857549857549,0.875,3.0
696,0,4,97,0.9590140489197173,0.9549857549857549,0.875,0.0
697,0,4,98,0.9590140489197173,0.9549857549857549,0.875,1.0
698,0,4,99,0.9590140489197173,0.9549857549857549,0.875,2.0
699,0,4,100,0.9590140489197173,0.9549857549857549,0.875,1.0
700,0,4,101,0.9590140489197173,0.9549857549857549,0.875,0.0
701,0,4,102,0.9590140489197173,0.9549857549857549,0.875,1.0
702,0,4,103,0.9590140489197173,0.9549857549857549,0.875,0.0
703,0,4,104,0.9590140489197173,0.9549857549857549,0.875,1.0
704,0,4,105,0.9590140489197173,0.9549857549857549,0.875,2.0
705,0,4,106,0.9590140489197173,0.9549857549857549,0.875,0.0
706,0,4,107,0.9590140489197173,0.9549857549857549,0.875,2.0
707,0,4,108,0.9590140489197173,0.9549857549857549,0.875,1.0
708,0,4,109,0.9590140489197173,0.9549857549857549,0.875,0.0
709,0,4,110,0.9590140489197173,0.9549857549857549,0.875,1.0
710,0,4,111,0.9590140489197173,0.9549857549857549,0.875,0.0
711,0,4,112,0.9590140489197173,0.9549857549857549,0.875,2.0
712,0,4,113,0.9590140489197173,0.9549857549857549,0.875,1.0
713,0,4,114,0.9590140489197173,0.9549857549857549,0.875,2.0
714,0,4,115,0.9590140489197173,0.9549857549857549,0.875,1.0
715,0,4,116,0.9590140489197173,0.9549857549857549,0.875,1.0
716,0,4,117,0.9590140489197173,0.9549857549857549,0.875,0.0
717,0,4,118,0.9590140489197173,0.9549857549857549,0.875,2.0
718,0,4,119,0.9590140489197173,0.9549857549857549,0.875,0.0
719,0,4,120,0.9590140489197173,0.9549857549857549,0.875,0.0
720,0,4,121,0.9590140489197173,0.9549857549857549,0.875,1.0
721,0,4,122,0.9590140489197173,0.9549857549857549,0.875,2.0
722,0,4,123,0.9590140489197173,0.9549857549857549,0.875,1.0
723,0,4,124,0.9590140489197173,0.9549857549857549,0.875,0.0
724,0,4,125,0.9590140489197173,0.9549857549857549,0.875,2.0
725,0,4,126,0.9590140489197173,0.9549857549857549,0.875,2.0
726,0,4,127,0.9590140489197173,0.9549857549857549,0.875,0.0
727,0,4,128,0.9590140489197173,0.9549857549857549,0.875,1.0
728,0,4,129,0.9590140489197173,0.9549857549857549,0.875,3.0
729,0,4,130,0.9590140489197173,0.9549857549857549,0.875,0.0
730,0,4,131,0.9590140489197173,0.9549857549857549,0.875,0.0
731,0,4,132,0.9590140489197173,0.9549857549857549,0.875,1.0
732,0,4,133,0.9590140489197173,0.9549857549857549,0.875,2.0
733,0,4,134,0.9590140489197173,0.9549857549857549,0.875,1.0
734,0,4,135,0.9590140489197173,0.9549857549857549,0.875,0.0
735,0,4,136,0.9590140489197173,0.9549857549857549,0.875,0.0
736,0,4,137,0.9590140489197173,0.9549857549857549,0.875,2.0
737,0,4,138,0.9590140489197173,0.9549857549857549,0.875,0.0
738,0,4,139,0.9590140489197173,0.9549857549857549,0.875,1.0
739,0,4,140,0.9590140489197173,0.9549857549857549,0.875,1.0
740,0,4,141,0.9590140489197173,0.9549857549857549,0.875,0.0
741,0,4,142,0.9590140489197173,0.9549857549857549,0.875,1.0
742,0,4,143,0.9590140489197173,0.9549857549857549,0.875,3.0
743,0,4,144,0.9590140489197173,0.9549857549857549,0.875,1.0
744,0,4,145,0.9590140489197173,0.9549857549857549,0.875,1.0
745,0,4,146,0.9590140489197173,0.9549857549857549,0.875,0.0
746,0,4,147,0.9590140489197173,0.9549857549857549,0.875,1.0
747,0,4,148,0.9590140489197173,0.9549857549857549,0.875,3.0
748,0,4,149,0.9590140489197173,0.9549857549857549,0.875,2.0
749,0,4,150,0.9590140489197173,0.9549857549857549,0.875,1.0
750,0,4,151,0.9590140489197173,0.9549857549857549,0.875,0.0
751,0,4,152,0.9590140489197173,0.9549857549857549,0.875,0.0
752,0,4,153,0.9590140489197173,0.9549857549857549,0.875,0.0
753,0,4,154,0.9590140489197173,0.9549857549857549,0.875,0.0
754,0,4,155,0.9590140489197173,0.9549857549857549,0.875,0.0
755,0,4,156,0.9590140489197173,0.9549857549857549,0.875,2.0
756,0,4,157,0.9590140489197173,0.9549857549857549,0.875,0.0
757,0,4,158,0.9590140489197173,0.9549857549857549,0.875,1.0
758,0,4,159,0.9590140489197173,0.9549857549857549,0.875,1.0
759,0,4,160,0.9590140489197173,0.9549857549857549,0.875,3.0
760,0,4,161,0.9590140489197173,0.9549857549857549,0.875,1.0
761,0,4,162,0.9590140489197173,0.9549857549857549,0.875,2.0
762,0,4,163,0.9590140489197173,0.9549857549857549,0.875,1.0
763,0,4,164,0.9590140489197173,0.9549857549857549,0.875,1.0
764,0,4,165,0.9590140489197173,0.9549857549857549,0.875,1.0
765,0,4,166,0.9590140489197173,0.9549857549857549,0.875,2.0
766,0,4,167,0.9590140489197173,0.9549857549857549,0.875,0.0
767,0,4,168,0.9590140489197173,0.9549857549857549,0.875,0.0
768,0,4,169,0.9590140489197173,0.9549857549857549,0.875,0.0
769,0,4,170,0.9590140489197173,0.9549857549857549,0.875,2.0
770,0,4,171,0.9590140489197173,0.9549857549857549,0.875,1.0
771,0,4,172,0.9590140489197173,0.9549857549857549,0.875,0.0
772,0,4,173,0.9590140489197173,0.9549857549857549,0.875,1.0
773,0,4,174,0.9590140489197173,0.9549857549857549,0.875,0.0
774,0,4,175,0.9590140489197173,0.9549857549857549,0.875,0.0
775,0,4,176,0.9590140489197173,0.9549857549857549,0.875,3.0
776,0,4,177,0.9590140489197173,0.9549857549857549,0.875,2.0
777,0,4,178,0.9590140489197173,0.9549857549857549,0.875,1.0
778,0,4,179,0.9590140489197173,0.9549857549857549,0.875,2.0
779,0,4,180,0.9590140489197173,0.9549857549857549,0.875,1.0
780,0,4,181,0.9590140489197173,0.9549857549857549,0.875,2.0
781,0,4,182,0.9590140489197173,0.9549857549857549,0.875,0.0
782,0,4,183,0.9590140489197173,0.9549857549857549,0.875,0.0
783,0,4,184,0.9590140489197173,0.9549857549857549,0.875,0.0
784,0,4,185,0.9590140489197173,0.9549857549857549,0.875,1.0
785,0,4,186,0.9590140489197173,0.9549857549857549,0.875,1.0
786,0,4,187,0.9590140489197173,0.9549857549857549,0.875,0.0
787,0,4,188,0.9590140489197173,0.9549857549857549,0.875,2.0
788,0,4,189,0.9590140489197173,0.9549857549857549,0.875,0.0
789,0,4,190,0.9590140489197173,0.9549857549857549,0.875,2.0
790,0,4,191,0.9590140489197173,0.9549857549857549,0.875,0.0
791,0,4,192,0.9590140489197173,0.9549857549857549,0.875,2.0
792,0,4,193,0.9590140489197173,0.9549857549857549,0.875,1.0
793,0,4,194,0.9590140489197173,0.9549857549857549,0.875,1.0
794,0,4,195,0.9590140489197173,0.9549857549857549,0.875,1.0
795,0,4,196,0.9590140489197173,0.9549857549857549,0.875,3.0
796,0,4,197,0.9590140489197173,0.9549857549857549,0.875,1.0
797,0,4,198,0.9590140489197173,0.9549857549857549,0.875,1.0
798,0,4,199,0.9590140489197173,0.9549857549857549,0.875,0.0
799,0,4,200,0.9590140489197173,0.9549857549857549,0.875,1.0
800,0,5,1,0.9551007016101437,0.9251109146281561,0.9142857142857143,0.0
801,0,5,2,0.9551007016101437,0.9251109146281561,0.9142857142857143,0.0
802,0,5,3,0.9530564395667552,0.9297777777777778,0.9142857142857143,0.0
803,0,5,4,0.9530564395667552,0.9297777777777778,0.9142857142857143,0.0
804,0,5,5,0.9530564395667552,0.9297777777777778,0.9142857142857143,0.0
805,0,5,6,0.9530564395667552,0.9297777777777778,0.9142857142857143,0.0
806,0,5,7,0.9530564395667552,0.9297777777777778,0.9142857142857143,0.0
807,0,5,8,0.9530564395667552,0.9297777777777778,0.9142857142857143,0.0
808,0,5,9,0.9530564395667552,0.9297777777777778,0.9142857142857143,0.0
809,0,5,10,0.9530564395667552,0.9297777777777778,0.9142857142857143,0.0
810,0,5,11,0.9530564395667552,0.9297777777777778,0.9142857142857143,0.0
811,0,5,12,0.9530564395667552,0.9297777777777778,0.9142857142857143,0.0
812,0,5,13,0.9530564395667552,0.9297777777777778,0.9142857142857143,0.0
813,0,5,14,0.9530564395667552,0.9297777777777778,0.9142857142857143,1.0
814,0,5,15,0.9530564395667552,0.9297777777777778,0.9142857142857143,1.0
815,0,5,16,0.9570756619346014,0.9383931623931623,0.9142857142857143,2.0
816,0,5,17,0.9570756619346014,0.9383931623931623,0.9142857142857143,1.0
817,0,5,18,0.9570756619346014,0.9383931623931623,0.9142857142857143,0.0
818,0,5,19,0.9570756619346014,0.9383931623931623,0.9142857142857143,2.0
819,0,5,20,0.9570756619346014,0.9383931623931623,0.9142857142857143,0.0
820,0,5,21,0.9570756619346014,0.9383931623931623,0.9142857142857143,0.0
821,0,5,22,0.9570756619346014,0.9383931623931623,0.9142857142857143,0.0
822,0,5,23,0.9570756619346014,0.9383931623931623,0.9142857142857143,0.0
823,0,5,24,0.9570756619346014,0.9383931623931623,0.9142857142857143,1.0
824,0,5,25,0.9570756619346014,0.9383931623931623,0.9142857142857143,0.0
825,0,5,26,0.9570756619346014,0.9383931623931623,0.9142857142857143,0.0
826,0,5,27,0.9570756619346014,0.9383931623931623,0.9142857142857143,1.0
827,0,5,28,0.9570756619346014,0.9383931623931623,0.9142857142857143,0.0
828,0,5,29,0.9570756619346014,0.9383931623931623,0.9142857142857143,1.0
829,0,5,30,0.9570756619346014,0.9383931623931623,0.9142857142857143,0.0
830,0,5,31,0.9570756619346014,0.9383931623931623,0.9142857142857143,2.0
831,0,5,32,0.9570756619346014,0.9383931623931623,0.9142857142857143,1.0
832,0,5,33,0.9570756619346014,0.9383931623931623,0.9142857142857143,2.0
833,0,5,34,0.9570756619346014,0.9383931623931623,0.9142857142857143,1.0
834,0,5,35,0.9570756619346014,0.9383931623931623,0.9142857142857143,0.0
835,0,5,36,0.9570756619346014,0.9383931623931623,0.9142857142857143,0.0
836,0,5,37,0.9570756619346014,0.9383931623931623,0.9142857142857143,1.0
837,0,5,38,0.9570756619346014,0.9383931623931623,0.9142857142857143,0.0
838,0,5,39,0.9570756619346014,0.9383931623931623,0.9142857142857143,1.0
839,0,5,40,0.9570756619346014,0.9383931623931623,0.9142857142857143,0.0
840,0,5,41,0.9570756619346014,0.9383931623931623,0.9142857142857143,2.0
841,0,5,42,0.9570756619346014,0.9383931623931623,0.9142857142857143,0.0
842,0,5,43,0.9570756619346014,0.9383931623931623,0.9142857142857143,1.0
843,0,5,44,0.9570756619346014,0.9383931623931623,0.9142857142857143,1.0
844,0,5,45,0.9570756619346014,0.9383931623931623,0.9142857142857143,2.0
845,0,5,46,0.9570756619346014,0.9383931623931623,0.9142857142857143,0.0
846,0,5,47,0.9570756619346014,0.9383931623931623,0.9142857142857143,1.0
847,0,5,48,0.9570756619346014,0.9383931623931623,0.9142857142857143,2.0
848,0,5,49,0.9570756619346014,0.9383931623931623,0.9142857142857143,0.0
849,0,5,50,0.9570756619346014,0.9383931623931623,0.9142857142857143,2.0
850,0,5,51,0.9570756619346014,0.9383931623931623,0.9142857142857143,0.0
851,0,5,52,0.9570756619346014,0.9383931623931623,0.9142857142857143,2.0
852,0,5,53,0.9570756619346014,0.9383931623931623,0.9142857142857143,1.0
853,0,5,54,0.9570756619346014,0.9383931623931623,0.9142857142857143,1.0
854,0,5,55,0.9570756619346014,0.9383931623931623,0.9142857142857143,1.0
855,0,5,56,0.9570756619346014,0.9383931623931623,0.9142857142857143,0.0
856,0,5,57,0.9570756619346014,0.9383931623931623,0.9142857142857143,0.0
857,0,5,58,0.9570756619346014,0.9383931623931623,0.9142857142857143,1.0
858,0,5,59,0.9570756619346014,0.9383931623931623,0.9142857142857143,0.0
859,0,5,60,0.9570756619346014,0.9383931623931623,0.9142857142857143,1.0
860,0,5,61,0.9570756619346014,0.9383931623931623,0.9142857142857143,0.0
861,0,5,62,0.9570756619346014,0.9383931623931623,0.9142857142857143,2.0
862,0,5,63,0.9570756619346014,0.9383931623931623,0.9142857142857143,1.0
863,0,5,64,0.9570756619346014,0.9383931623931623,0.9142857142857143,1.0
864,0,5,65,0.9570756619346014,0.9383931623931623,0.9142857142857143,3.0
865,0,5,66,0.9570756619346014,0.9383931623931623,0.9142857142857143,0.0
866,0,5,67,0.9570756619346014,0.9383931623931623,0.9142857142857143,3.0
867,0,5,68,0.9570756619346014,0.9383931623931623,0.9142857142857143,0.0
868,0,5,69,0.9570756619346014,0.9383931623931623,0.9142857142857143,0.0
869,0,5,70,0.9570756619346014,0.9383931623931623,0.9142857142857143,1.0
870,0,5,71,0.9570756619346014,0.9383931623931623,0.9142857142857143,1.0
871,0,5,72,0.9570756619346014,0.9383931623931623,0.9142857142857143,1.0
872,0,5,73,0.9570756619346014,0.9383931623931623,0.9142857142857143,0.0
873,0,5,74,0.9570756619346014,0.9383931623931623,0.9142857142857143,2.0
874,0,5,75,0.9570756619346014,0.9383931623931623,0.9142857142857143,0.0
875,0,5,76,0.9570756619346014,0.9383931623931623,0.9142857142857143,0.0
876,0,5,77,0.9570756619346014,0.9383931623931623,0.9142857142857143,0.0
877,0,5,78,0.9570756619346014,0.9383931623931623,0.9142857142857143,1.0
878,0,5,79,0.9570756619346014,0.9383931623931623,0.9142857142857143,0.0
879,0,5,80,0.9570756619346014,0.9383931623931623,0.9142857142857143,3.0
880,0,5,81,0.9570756619346014,0.9383931623931623,0.9142857142857143,1.0
881,0,5,82,0.9570756619346014,0.9383931623931623,0.9142857142857143,2.0
882,0,5,83,0.9570756619346014,0.9383931623931623,0.9142857142857143,1.0
883,0,5,84,0.9570756619346014,0.9383931623931623,0.9142857142857143,1.0
884,0,5,85,0.9570756619346014,0.9383931623931623,0.9142857142857143,4.0
885,0,5,86,0.9570756619346014,0.9383931623931623,0.9142857142857143,0.0
886,0,5,87,0.9570756619346014,0.9383931623931623,0.9142857142857143,0.0
887,0,5,88,0.9570756619346014,0.9383931623931623,0.9142857142857143,0.0
888,0,5,89,0.9570756619346014,0.9383931623931623,0.9142857142857143,1.0
889,0,5,90,0.9570756619346014,0.9383931623931623,0.9142857142857143,1.0
890,0,5,91,0.9570756619346014,0.9383931623931623,0.9142857142857143,1.0
891,0,5,92,0.9570756619346014,0.9383931623931623,0.9142857142857143,0.0
892,0,5,93,0.9570756619346014,0.9383931623931623,0.9142857142857143,1.0
893,0,5,94,0.9570756619346014,0.9383931623931623,0.9142857142857143,1.0
894,0,5,95,0.9570756619346014,0.9383931623931623,0.9142857142857143,0.0
895,0,5,96,0.9570756619346014,0.9383931623931623,0.9142857142857143,1.0
896,0,5,97,0.9570756619346014,0.9383931623931623,0.9142857142857143,1.0
897,0,5,98,0.9570756619346014,0.9383931623931623,0.9142857142857143,2.0
898,0,5,99,0.9570756619346014,0.9383931623931623,0.9142857142857143,1.0
899,0,5,100,0.9570756619346014,0.9383931623931623,0.9142857142857143,3.0
900,0,5,101,0.9570756619346014,0.9383931623931623,0.9142857142857143,0.0
901,0,5,102,0.9570756619346014,0.9383931623931623,0.9142857142857143,1.0
902,0,5,103,0.9570756619346014,0.9383931623931623,0.9142857142857143,0.0
903,0,5,104,0.9570756619346014,0.9383931623931623,0.9142857142857143,2.0
904,0,5,105,0.9570756619346014,0.9383931623931623,0.9142857142857143,0.0
905,0,5,106,0.9570756619346014,0.9383931623931623,0.9142857142857143,0.0
906,0,5,107,0.9570756619346014,0.9383931623931623,0.9142857142857143,0.0
907,0,5,108,0.9570756619346014,0.9383931623931623,0.9142857142857143,0.0
908,0,5,109,0.9570756619346014,0.9383931623931623,0.9142857142857143,2.0
909,0,5,110,0.9570756619346014,0.9383931623931623,0.9142857142857143,1.0
910,0,5,111,0.9570756619346014,0.9383931623931623,0.9142857142857143,1.0
911,0,5,112,0.9570756619346014,0.9383931623931623,0.9142857142857143,1.0
912,0,5,113,0.9570756619346014,0.9383931623931623,0.9142857142857143,1.0
913,0,5,114,0.9570756619346014,0.9383931623931623,0.9142857142857143,1.0
914,0,5,115,0.9570756619346014,0.9383931623931623,0.9142857142857143,2.0
915,0,5,116,0.9570756619346014,0.9383931623931623,0.9142857142857143,1.0
916,0,5,117,0.9570756619346014,0.9383931623931623,0.9142857142857143,4.0
917,0,5,118,0.9570756619346014,0.9383931623931623,0.9142857142857143,0.0
918,0,5,119,0.9570756619346014,0.9383931623931623,0.9142857142857143,0.0
919,0,5,120,0.9570756619346014,0.9383931623931623,0.9142857142857143,1.0
920,0,5,121,0.9570756619346014,0.9383931623931623,0.9142857142857143,0.0
921,0,5,122,0.9570756619346014,0.9383931623931623,0.9142857142857143,0.0
922,0,5,123,0.9570756619346014,0.9383931623931623,0.9142857142857143,1.0
923,0,5,124,0.9570756619346014,0.9383931623931623,0.9142857142857143,0.0
924,0,5,125,0.9570756619346014,0.9383931623931623,0.9142857142857143,0.0
925,0,5,126,0.9570756619346014,0.9383931623931623,0.9142857142857143,3.0
926,0,5,127,0.9570756619346014,0.9383931623931623,0.9142857142857143,0.0
927,0,5,128,0.9570756619346014,0.9383931623931623,0.9142857142857143,2.0
928,0,5,129,0.9570756619346014,0.9383931623931623,0.9142857142857143,2.0
929,0,5,130,0.9570756619346014,0.9383931623931623,0.9142857142857143,1.0
930,0,5,131,0.9570756619346014,0.9383931623931623,0.9142857142857143,1.0
931,0,5,132,0.9570756619346014,0.9383931623931623,0.9142857142857143,2.0
932,0,5,133,0.9570756619346014,0.9383931623931623,0.9142857142857143,1.0
933,0,5,134,0.9570756619346014,0.9383931623931623,0.9142857142857143,1.0
934,0,5,135,0.9570756619346014,0.9383931623931623,0.9142857142857143,1.0
935,0,5,136,0.9570756619346014,0.9383931623931623,0.9142857142857143,0.0
936,0,5,137,0.9570756619346014,0.9383931623931623,0.9142857142857143,0.0
937,0,5,138,0.9570756619346014,0.9383931623931623,0.9142857142857143,1.0
938,0,5,139,0.9570756619346014,0.9383931623931623,0.9142857142857143,1.0
939,0,5,140,0.9570756619346014,0.9383931623931623,0.9142857142857143,0.0
940,0,5,141,0.9570756619346014,0.9383931623931623,0.9142857142857143,0.0
941,0,5,142,0.9570756619346014,0.9383931623931623,0.9142857142857143,2.0
942,0,5,143,0.9570756619346014,0.9383931623931623,0.9142857142857143,1.0
943,0,5,144,0.9570756619346014,0.9383931623931623,0.9142857142857143,3.0
944,0,5,145,0.9570756619346014,0.9383931623931623,0.9142857142857143,1.0
945,0,5,146,0.9570756619346014,0.9383931623931623,0.9142857142857143,0.0
946,0,5,147,0.9570756619346014,0.9383931623931623,0.9142857142857143,0.0
947,0,5,148,0.9570756619346014,0.9383931623931623,0.9142857142857143,3.0
948,0,5,149,0.9570756619346014,0.9383931623931623,0.9142857142857143,1.0
949,0,5,150,0.9570756619346014,0.9383931623931623,0.9142857142857143,2.0
950,0,5,151,0.9570756619346014,0.9383931623931623,0.9142857142857143,0.0
951,0,5,152,0.9570756619346014,0.9383931623931623,0.9142857142857143,2.0
952,0,5,153,0.9570756619346014,0.9383931623931623,0.9142857142857143,0.0
953,0,5,154,0.9570756619346014,0.9383931623931623,0.9142857142857143,0.0
954,0,5,155,0.9570756619346014,0.9383931623931623,0.9142857142857143,0.0
955,0,5,156,0.9570756619346014,0.9383931623931623,0.9142857142857143,0.0
956,0,5,157,0.9570756619346014,0.9383931623931623,0.9142857142857143,0.0
957,0,5,158,0.9570756619346014,0.9383931623931623,0.9142857142857143,0.0
958,0,5,159,0.9570756619346014,0.9383931623931623,0.9142857142857143,0.0
959,0,5,160,0.9570756619346014,0.9383931623931623,0.9142857142857143,3.0
960,0,5,161,0.9570756619346014,0.9383931623931623,0.9142857142857143,1.0
961,0,5,162,0.9570756619346014,0.9383931623931623,0.9142857142857143,1.0
962,0,5,163,0.9570756619346014,0.9383931623931623,0.9142857142857143,2.0
963,0,5,164,0.9570756619346014,0.9383931623931623,0.9142857142857143,1.0
964,0,5,165,0.9570756619346014,0.9383931623931623,0.9142857142857143,2.0
965,0,5,166,0.9570756619346014,0.9383931623931623,0.9142857142857143,1.0
966,0,5,167,0.9570756619346014,0.9383931623931623,0.9142857142857143,0.0
967,0,5,168,0.9570756619346014,0.9383931623931623,0.9142857142857143,1.0
968,0,5,169,0.9570756619346014,0.9383931623931623,0.9142857142857143,3.0
969,0,5,170,0.9570756619346014,0.9383931623931623,0.9142857142857143,0.0
970,0,5,171,0.9570756619346014,0.9383931623931623,0.9142857142857143,1.0
971,0,5,172,0.9570756619346014,0.9383931623931623,0.9142857142857143,0.0
972,0,5,173,0.9570756619346014,0.9383931623931623,0.9142857142857143,0.0
973,0,5,174,0.9570756619346014,0.9383931623931623,0.9142857142857143,0.0
974,0,5,175,0.9570756619346014,0.9383931623931623,0.9142857142857143,1.0
975,0,5,176,0.9570756619346014,0.9383931623931623,0.9142857142857143,1.0
976,0,5,177,0.9570756619346014,0.9383931623931623,0.9142857142857143,3.0
977,0,5,178,0.9570756619346014,0.9383931623931623,0.9142857142857143,2.0
978,0,5,179,0.9570756619346014,0.9383931623931623,0.9142857142857143,1.0
979,0,5,180,0.9570756619346014,0.9383931623931623,0.9142857142857143,0.0
980,0,5,181,0.9570756619346014,0.9383931623931623,0.9142857142857143,0.0
981,0,5,182,0.9570756619346014,0.9383931623931623,0.9142857142857143,1.0
982,0,5,183,0.9570756619346014,0.9383931623931623,0.9142857142857143,1.0
983,0,5,184,0.9570756619346014,0.9383931623931623,0.9142857142857143,0.0
984,0,5,185,0.9570756619346014,0.9383931623931623,0.9142857142857143,1.0
985,0,5,186,0.9570756619346014,0.9383931623931623,0.9142857142857143,0.0
986,0,5,187,0.9570756619346014,0.9383931623931623,0.9142857142857143,1.0
987,0,5,188,0.9570756619346014,0.9383931623931623,0.9142857142857143,1.0
988,0,5,189,0.9570756619346014,0.9383931623931623,0.9142857142857143,2.0
989,0,5,190,0.9570756619346014,0.9383931623931623,0.9142857142857143,1.0
990,0,5,191,0.9570756619346014,0.9383931623931623,0.9142857142857143,2.0
991,0,5,192,0.9570756619346014,0.9383931623931623,0.9142857142857143,2.0
992,0,5,193,0.9570756619346014,0.9383931623931623,0.9142857142857143,0.0
993,0,5,194,0.9570756619346014,0.9383931623931623,0.9142857142857143,1.0
994,0,5,195,0.9570756619346014,0.9383931623931623,0.9142857142857143,1.0
995,0,5,196,0.9570756619346014,0.9383931623931623,0.9142857142857143,0.0
996,0,5,197,0.9570756619346014,0.9383931623931623,0.9142857142857143,0.0
997,0,5,198,0.9570756619346014,0.9383931623931623,0.9142857142857143,1.0
998,0,5,199,0.9570756619346014,0.9383931623931623,0.9142857142857143,1.0
999,0,5,200,0.9570756619346014,0.9383931623931623,0.9142857142857143,0.0
1000,1,1,1,0.933058941086574,0.9166593406593406,0.9714285714285714,0.0
1001,1,1,2,0.9523688053510195,0.9246137566137567,0.9714285714285714,0.0
1002,1,1,3,0.9523688053510195,0.9246137566137567,0.9714285714285714,0.0
1003,1,1,4,0.9523688053510195,0.9246137566137567,0.9714285714285714,0.0
1004,1,1,5,0.9523688053510195,0.9246137566137567,0.9714285714285714,0.0
1005,1,1,6,0.9523688053510195,0.9246137566137567,0.9714285714285714,0.0
1006,1,1,7,0.9523688053510195,0.9246137566137567,0.9714285714285714,0.0
1007,1,1,8,0.9523688053510195,0.9246137566137567,0.9714285714285714,0.0
1008,1,1,9,0.9523688053510195,0.9246137566137567,0.9714285714285714,0.0
1009,1,1,10,0.9523688053510195,0.9246137566137567,0.9714285714285714,0.0
1010,1,1,11,0.9523688053510195,0.9246137566137567,0.9714285714285714,0.0
1011,1,1,12,0.9523688053510195,0.9246137566137567,0.9714285714285714,0.0
1012,1,1,13,0.9523688053510195,0.9246137566137567,0.9714285714285714,0.0
1013,1,1,14,0.9523688053510195,0.9246137566137567,0.9714285714285714,0.0
1014,1,1,15,0.9483361976202553,0.9320211640211639,0.875,1.0
1015,1,1,16,0.9483361976202553,0.9320211640211639,0.875,2.0
1016,1,1,17,0.9483361976202553,0.9320211640211639,0.875,0.0
1017,1,1,18,0.9483361976202553,0.9320211640211639,0.875,0.0
1018,1,1,19,0.9483361976202553,0.9320211640211639,0.875,1.0
1019,1,1,20,0.9483361976202553,0.9320211640211639,0.875,0.0
1020,1,1,21,0.9483361976202553,0.9320211640211639,0.875,2.0
1021,1,1,22,0.9483361976202553,0.9320211640211639,0.875,1.0
1022,1,1,23,0.9483361976202553,0.9320211640211639,0.875,1.0
1023,1,1,24,0.9483361976202553,0.9320211640211639,0.875,0.0
1024,1,1,25,0.9483361976202553,0.9320211640211639,0.875,0.0
1025,1,1,26,0.9483361976202553,0.9320211640211639,0.875,0.0
1026,1,1,27,0.9483361976202553,0.9320211640211639,0.875,2.0
1027,1,1,28,0.9483361976202553,0.9320211640211639,0.875,0.0
1028,1,1,29,0.9483361976202553,0.9320211640211639,0.875,1.0
1029,1,1,30,0.9483361976202553,0.9320211640211639,0.875,1.0
1030,1,1,31,0.9483361976202553,0.9320211640211639,0.875,1.0
1031,1,1,32,0.9483361976202553,0.9320211640211639,0.875,1.0
1032,1,1,33,0.9483361976202553,0.9320211640211639,0.875,1.0
1033,1,1,34,0.9483361976202553,0.9320211640211639,0.875,1.0
1034,1,1,35,0.9483361976202553,0.9320211640211639,0.875,0.0
1035,1,1,36,0.9483361976202553,0.9320211640211639,0.875,2.0
1036,1,1,37,0.9483361976202553,0.9320211640211639,0.875,3.0
1037,1,1,38,0.9483361976202553,0.9320211640211639,0.875,1.0
1038,1,1,39,0.9483361976202553,0.9320211640211639,0.875,0.0
1039,1,1,40,0.9483361976202553,0.9320211640211639,0.875,0.0
1040,1,1,41,0.9483361976202553,0.9320211640211639,0.875,2.0
1041,1,1,42,0.9483361976202553,0.9320211640211639,0.875,0.0
1042,1,1,43,0.9483361976202553,0.9320211640211639,0.875,2.0
1043,1,1,44,0.9483361976202553,0.9320211640211639,0.875,1.0
1044,1,1,45,0.9483361976202553,0.9320211640211639,0.875,0.0
1045,1,1,46,0.9483361976202553,0.9320211640211639,0.875,0.0
1046,1,1,47,0.9483361976202553,0.9320211640211639,0.875,2.0
1047,1,1,48,0.9483361976202553,0.9320211640211639,0.875,1.0
1048,1,1,49,0.9483361976202553,0.9320211640211639,0.875,0.0
1049,1,1,50,0.9483361976202553,0.9320211640211639,0.875,0.0
1050,1,1,51,0.9483361976202553,0.9320211640211639,0.875,2.0
1051,1,1,52,0.9483361976202553,0.9320211640211639,0.875,1.0
1052,1,1,53,0.9483361976202553,0.9320211640211639,0.875,1.0
1053,1,1,54,0.9483361976202553,0.9320211640211639,0.875,1.0
1054,1,1,55,0.9483361976202553,0.9320211640211639,0.875,1.0
1055,1,1,56,0.9483361976202553,0.9320211640211639,0.875,1.0
1056,1,1,57,0.9483361976202553,0.9320211640211639,0.875,1.0
1057,1,1,58,0.9483361976202553,0.9320211640211639,0.875,2.0
1058,1,1,59,0.9483361976202553,0.9320211640211639,0.875,2.0
1059,1,1,60,0.9483361976202553,0.9320211640211639,0.875,0.0
1060,1,1,61,0.9483361976202553,0.9320211640211639,0.875,1.0
1061,1,1,62,0.9483361976202553,0.9320211640211639,0.875,1.0
1062,1,1,63,0.9483361976202553,0.9320211640211639,0.875,1.0
1063,1,1,64,0.9483361976202553,0.9320211640211639,0.875,0.0
1064,1,1,65,0.9483361976202553,0.9320211640211639,0.875,0.0
1065,1,1,66,0.9483361976202553,0.9320211640211639,0.875,1.0
1066,1,1,67,0.9483361976202553,0.9320211640211639,0.875,0.0
1067,1,1,68,0.9483361976202553,0.9320211640211639,0.875,1.0
1068,1,1,69,0.9483361976202553,0.9320211640211639,0.875,3.0
1069,1,1,70,0.9483361976202553,0.9320211640211639,0.875,1.0
1070,1,1,71,0.9483361976202553,0.9320211640211639,0.875,0.0
1071,1,1,72,0.9483361976202553,0.9320211640211639,0.875,0.0
1072,1,1,73,0.9483361976202553,0.9320211640211639,0.875,0.0
1073,1,1,74,0.9483361976202553,0.9320211640211639,0.875,3.0
1074,1,1,75,0.9483361976202553,0.9320211640211639,0.875,1.0
1075,1,1,76,0.9483361976202553,0.9320211640211639,0.875,1.0
1076,1,1,77,0.9483361976202553,0.9320211640211639,0.875,1.0
1077,1,1,78,0.9483361976202553,0.9320211640211639,0.875,0.0
1078,1,1,79,0.9483361976202553,0.9320211640211639,0.875,1.0
1079,1,1,80,0.9483361976202553,0.9320211640211639,0.875,0.0
1080,1,1,81,0.9483361976202553,0.9320211640211639,0.875,1.0
1081,1,1,82,0.9483361976202553,0.9320211640211639,0.875,1.0
1082,1,1,83,0.9483361976202553,0.9320211640211639,0.875,0.0
1083,1,1,84,0.9483361976202553,0.9320211640211639,0.875,2.0
1084,1,1,85,0.9483361976202553,0.9320211640211639,0.875,0.0
1085,1,1,86,0.9483361976202553,0.9320211640211639,0.875,0.0
1086,1,1,87,0.9483361976202553,0.9320211640211639,0.875,1.0
1087,1,1,88,0.9483361976202553,0.9320211640211639,0.875,3.0
1088,1,1,89,0.9483361976202553,0.9320211640211639,0.875,1.0
1089,1,1,90,0.9483361976202553,0.9320211640211639,0.875,1.0
1090,1,1,91,0.9483361976202553,0.9320211640211639,0.875,2.0
1091,1,1,92,0.9483361976202553,0.9320211640211639,0.875,2.0
1092,1,1,93,0.9483361976202553,0.9320211640211639,0.875,0.0
1093,1,1,94,0.9483361976202553,0.9320211640211639,0.875,0.0
1094,1,1,95,0.9483361976202553,0.9320211640211639,0.875,0.0
1095,1,1,96,0.9483361976202553,0.9320211640211639,0.875,1.0
1096,1,1,97,0.9483361976202553,0.9320211640211639,0.875,1.0
1097,1,1,98,0.9483361976202553,0.9320211640211639,0.875,1.0
1098,1,1,99,0.9483361976202553,0.9320211640211639,0.875,0.0
1099,1,1,100,0.9483361976202553,0.9320211640211639,0.875,0.0
1100,1,1,101,0.9483361976202553,0.9320211640211639,0.875,1.0
1101,1,1,102,0.9483361976202553,0.9320211640211639,0.875,0.0
1102,1,1,103,0.9483361976202553,0.9320211640211639,0.875,3.0
1103,1,1,104,0.9483361976202553,0.9320211640211639,0.875,2.0
1104,1,1,105,0.9483361976202553,0.9320211640211639,0.875,3.0
1105,1,1,106,0.9483361976202553,0.9320211640211639,0.875,1.0
1106,1,1,107,0.9483361976202553,0.9320211640211639,0.875,0.0
1107,1,1,108,0.9483361976202553,0.9320211640211639,0.875,1.0
1108,1,1,109,0.9483361976202553,0.9320211640211639,0.875,2.0
1109,1,1,110,0.9483361976202553,0.9320211640211639,0.875,0.0
1110,1,1,111,0.9483361976202553,0.9320211640211639,0.875,1.0
1111,1,1,112,0.9483361976202553,0.9320211640211639,0.875,0.0
1112,1,1,113,0.9483361976202553,0.9320211640211639,0.875,0.0
1113,1,1,114,0.9483361976202553,0.9320211640211639,0.875,1.0
1114,1,1,115,0.9483361976202553,0.9320211640211639,0.875,1.0
1115,1,1,116,0.9483361976202553,0.9320211640211639,0.875,0.0
1116,1,1,117,0.9483361976202553,0.9320211640211639,0.875,1.0
1117,1,1,118,0.9483361976202553,0.9320211640211639,0.875,2.0
1118,1,1,119,0.9483361976202553,0.9320211640211639,0.875,2.0
1119,1,1,120,0.9483361976202553,0.9320211640211639,0.875,1.0
1120,1,1,121,0.9483361976202553,0.9320211640211639,0.875,1.0
1121,1,1,122,0.9483361976202553,0.9320211640211639,0.875,1.0
1122,1,1,123,0.9483361976202553,0.9320211640211639,0.875,1.0
1123,1,1,124,0.9483361976202553,0.9320211640211639,0.875,2.0
1124,1,1,125,0.9483361976202553,0.9320211640211639,0.875,0.0
1125,1,1,126,0.9483361976202553,0.9320211640211639,0.875,2.0
1126,1,1,127,0.9483361976202553,0.9320211640211639,0.875,0.0
1127,1,1,128,0.9483361976202553,0.9320211640211639,0.875,1.0
1128,1,1,129,0.9483361976202553,0.9320211640211639,0.875,0.0
1129,1,1,130,0.9483361976202553,0.9320211640211639,0.875,0.0
1130,1,1,131,0.9483361976202553,0.9320211640211639,0.875,2.0
1131,1,1,132,0.9483361976202553,0.9320211640211639,0.875,0.0
1132,1,1,133,0.9483361976202553,0.9320211640211639,0.875,1.0
1133,1,1,134,0.9483361976202553,0.9320211640211639,0.875,4.0
1134,1,1,135,0.9483361976202553,0.9320211640211639,0.875,0.0
1135,1,1,136,0.9483361976202553,0.9320211640211639,0.875,1.0
1136,1,1,137,0.9483361976202553,0.9320211640211639,0.875,1.0
1137,1,1,138,0.9483361976202553,0.9320211640211639,0.875,2.0
1138,1,1,139,0.9483361976202553,0.9320211640211639,0.875,0.0
1139,1,1,140,0.9483361976202553,0.9320211640211639,0.875,1.0
1140,1,1,141,0.9483361976202553,0.9320211640211639,0.875,1.0
1141,1,1,142,0.9483361976202553,0.9320211640211639,0.875,2.0
1142,1,1,143,0.9483361976202553,0.9320211640211639,0.875,1.0
1143,1,1,144,0.9483361976202553,0.9320211640211639,0.875,0.0
1144,1,1,145,0.9483361976202553,0.9320211640211639,0.875,0.0
1145,1,1,146,0.9483361976202553,0.9320211640211639,0.875,0.0
1146,1,1,147,0.9483361976202553,0.9320211640211639,0.875,0.0
1147,1,1,148,0.9483361976202553,0.9320211640211639,0.875,1.0
1148,1,1,149,0.9483361976202553,0.9320211640211639,0.875,0.0
1149,1,1,150,0.9483361976202553,0.9320211640211639,0.875,1.0
1150,1,1,151,0.9483361976202553,0.9320211640211639,0.875,4.0
1151,1,1,152,0.9483361976202553,0.9320211640211639,0.875,1.0
1152,1,1,153,0.9483361976202553,0.9320211640211639,0.875,2.0
1153,1,1,154,0.9483361976202553,0.9320211640211639,0.875,1.0
1154,1,1,155,0.9483361976202553,0.9320211640211639,0.875,1.0
1155,1,1,156,0.9483361976202553,0.9320211640211639,0.875,1.0
1156,1,1,157,0.9483361976202553,0.9320211640211639,0.875,1.0
1157,1,1,158,0.9483361976202553,0.9320211640211639,0.875,0.0
1158,1,1,159,0.9483361976202553,0.9320211640211639,0.875,0.0
1159,1,1,160,0.9483361976202553,0.9320211640211639,0.875,0.0
1160,1,1,161,0.9483361976202553,0.9320211640211639,0.875,1.0
1161,1,1,162,0.9483361976202553,0.9320211640211639,0.875,0.0
1162,1,1,163,0.9483361976202553,0.9320211640211639,0.875,1.0
1163,1,1,164,0.9483361976202553,0.9320211640211639,0.875,0.0
1164,1,1,165,0.9483361976202553,0.9320211640211639,0.875,2.0
1165,1,1,166,0.9483361976202553,0.9320211640211639,0.875,0.0
1166,1,1,167,0.9483361976202553,0.9320211640211639,0.875,2.0
1167,1,1,168,0.9483361976202553,0.9320211640211639,0.875,5.0
1168,1,1,169,0.9483361976202553,0.9320211640211639,0.875,1.0
1169,1,1,170,0.9483361976202553,0.9320211640211639,0.875,0.0
1170,1,1,171,0.9483361976202553,0.9320211640211639,0.875,1.0
1171,1,1,172,0.9483361976202553,0.9320211640211639,0.875,1.0
1172,1,1,173,0.9483361976202553,0.9320211640211639,0.875,1.0
1173,1,1,174,0.9483361976202553,0.9320211640211639,0.875,0.0
1174,1,1,175,0.9483361976202553,0.9320211640211639,0.875,1.0
1175,1,1,176,0.9483361976202553,0.9320211640211639,0.875,0.0
1176,1,1,177,0.9483361976202553,0.9320211640211639,0.875,0.0
1177,1,1,178,0.9483361976202553,0.9320211640211639,0.875,2.0
1178,1,1,179,0.9483361976202553,0.9320211640211639,0.875,0.0
1179,1,1,180,0.9483361976202553,0.9320211640211639,0.875,1.0
1180,1,1,181,0.9483361976202553,0.9320211640211639,0.875,1.0
1181,1,1,182,0.9483361976202553,0.9320211640211639,0.875,1.0
1182,1,1,183,0.9483361976202553,0.9320211640211639,0.875,1.0
1183,1,1,184,0.9483361976202553,0.9320211640211639,0.875,3.0
1184,1,1,185,0.9483361976202553,0.9320211640211639,0.875,2.0
1185,1,1,186,0.9483361976202553,0.9320211640211639,0.875,2.0
1186,1,1,187,0.9483361976202553,0.9320211640211639,0.875,0.0
1187,1,1,188,0.9483361976202553,0.9320211640211639,0.875,0.0
1188,1,1,189,0.9483361976202553,0.9320211640211639,0.875,1.0
1189,1,1,190,0.9483361976202553,0.9320211640211639,0.875,0.0
1190,1,1,191,0.9483361976202553,0.9320211640211639,0.875,1.0
1191,1,1,192,0.9483361976202553,0.9320211640211639,0.875,0.0
1192,1,1,193,0.9483361976202553,0.9320211640211639,0.875,1.0
1193,1,1,194,0.9483361976202553,0.9320211640211639,0.875,1.0
1194,1,1,195,0.9483361976202553,0.9320211640211639,0.875,0.0
1195,1,1,196,0.9483361976202553,0.9320211640211639,0.875,2.0
1196,1,1,197,0.9483361976202553,0.9320211640211639,0.875,1.0
1197,1,1,198,0.9483361976202553,0.9320211640211639,0.875,2.0
1198,1,1,199,0.9483361976202553,0.9320211640211639,0.875,4.0
1199,1,1,200,0.9483361976202553,0.9320211640211639,0.875,0.0
1200,1,2,1,0.9363055702502008,0.8969499126918482,0.9375,0.0
1201,1,2,2,0.9345748675849187,0.9055652973072329,0.9375,0.0
1202,1,2,3,0.9345748675849187,0.9055652973072329,0.9375,0.0
1203,1,2,4,0.9345748675849187,0.9055652973072329,0.9375,0.0
1204,1,2,5,0.9345748675849187,0.9055652973072329,0.9375,0.0
1205,1,2,6,0.9345748675849187,0.9055652973072329,0.9375,0.0
1206,1,2,7,0.9345748675849187,0.9055652973072329,0.9375,0.0
1207,1,2,8,0.9345748675849187,0.9055652973072329,0.9375,0.0
1208,1,2,9,0.9345748675849187,0.9055652973072329,0.9375,0.0
1209,1,2,10,0.9345748675849187,0.9055652973072329,0.9375,0.0
1210,1,2,11,0.9345748675849187,0.9055652973072329,0.9375,0.0
1211,1,2,12,0.9345748675849187,0.9055652973072329,0.9375,0.0
1212,1,2,13,0.9345748675849187,0.9055652973072329,0.9375,0.0
1213,1,2,14,0.9345748675849187,0.9055652973072329,0.9375,0.0
1214,1,2,15,0.9345748675849187,0.9055652973072329,0.9375,1.0
1215,1,2,16,0.9345748675849187,0.9055652973072329,0.9375,1.0
1216,1,2,17,0.9345748675849187,0.9055652973072329,0.9375,1.0
1217,1,2,18,0.9345748675849187,0.9055652973072329,0.9375,0.0
1218,1,2,19,0.9345748675849187,0.9055652973072329,0.9375,1.0
1219,1,2,20,0.9345748675849187,0.9055652973072329,0.9375,1.0
1220,1,2,21,0.9345748675849187,0.9055652973072329,0.9375,0.0
1221,1,2,22,0.9345748675849187,0.9055652973072329,0.9375,1.0
1222,1,2,23,0.9345748675849187,0.9055652973072329,0.9375,2.0
1223,1,2,24,0.9345748675849187,0.9055652973072329,0.9375,2.0
1224,1,2,25,0.9345748675849187,0.9055652973072329,0.9375,0.0
1225,1,2,26,0.9345748675849187,0.9055652973072329,0.9375,1.0
1226,1,2,27,0.9345748675849187,0.9055652973072329,0.9375,1.0
1227,1,2,28,0.9345748675849187,0.9055652973072329,0.9375,0.0
1228,1,2,29,0.9345748675849187,0.9055652973072329,0.9375,1.0
1229,1,2,30,0.9345748675849187,0.9055652973072329,0.9375,0.0
1230,1,2,31,0.9345748675849187,0.9055652973072329,0.9375,1.0
1231,1,2,32,0.9345748675849187,0.9055652973072329,0.9375,1.0
1232,1,2,33,0.9345748675849187,0.9055652973072329,0.9375,2.0
1233,1,2,34,0.9345748675849187,0.9055652973072329,0.9375,1.0
1234,1,2,35,0.9345748675849187,0.9055652973072329,0.9375,1.0
1235,1,2,36,0.9345748675849187,0.9055652973072329,0.9375,0.0
1236,1,2,37,0.9345748675849187,0.9055652973072329,0.9375,3.0
1237,1,2,38,0.9345748675849187,0.9055652973072329,0.9375,1.0
1238,1,2,39,0.9345748675849187,0.9055652973072329,0.9375,0.0
1239,1,2,40,0.9345748675849187,0.9055652973072329,0.9375,2.0
1240,1,2,41,0.9345748675849187,0.9055652973072329,0.9375,1.0
1241,1,2,42,0.9345748675849187,0.9055652973072329,0.9375,1.0
1242,1,2,43,0.9345748675849187,0.9055652973072329,0.9375,0.0
1243,1,2,44,0.9345748675849187,0.9055652973072329,0.9375,1.0
1244,1,2,45,0.9345748675849187,0.9055652973072329,0.9375,0.0
1245,1,2,46,0.9345748675849187,0.9055652973072329,0.9375,1.0
1246,1,2,47,0.9345748675849187,0.9055652973072329,0.9375,2.0
1247,1,2,48,0.9345748675849187,0.9055652973072329,0.9375,1.0
1248,1,2,49,0.9345748675849187,0.9055652973072329,0.9375,1.0
1249,1,2,50,0.9345748675849187,0.9055652973072329,0.9375,2.0
1250,1,2,51,0.9345748675849187,0.9055652973072329,0.9375,0.0
1251,1,2,52,0.9345748675849187,0.9055652973072329,0.9375,0.0
1252,1,2,53,0.9345748675849187,0.9055652973072329,0.9375,2.0
1253,1,2,54,0.9345748675849187,0.9055652973072329,0.9375,2.0
1254,1,2,55,0.9345748675849187,0.9055652973072329,0.9375,0.0
1255,1,2,56,0.9345748675849187,0.9055652973072329,0.9375,1.0
1256,1,2,57,0.9345748675849187,0.9055652973072329,0.9375,0.0
1257,1,2,58,0.9345748675849187,0.9055652973072329,0.9375,0.0
1258,1,2,59,0.9345748675849187,0.9055652973072329,0.9375,2.0
1259,1,2,60,0.9415932914046122,0.9129499126918482,0.9375,1.0
1260,1,2,61,0.9415932914046122,0.9129499126918482,0.9375,0.0
1261,1,2,62,0.9415932914046122,0.9129499126918482,0.9375,1.0
1262,1,2,63,0.9415932914046122,0.9129499126918482,0.9375,1.0
1263,1,2,64,0.9415932914046122,0.9129499126918482,0.9375,0.0
1264,1,2,65,0.9415932914046122,0.9129499126918482,0.9375,1.0
1265,1,2,66,0.9415932914046122,0.9129499126918482,0.9375,2.0
1266,1,2,67,0.9415932914046122,0.9129499126918482,0.9375,2.0
1267,1,2,68,0.9415932914046122,0.9129499126918482,0.9375,0.0
1268,1,2,69,0.9415932914046122,0.9129499126918482,0.9375,2.0
1269,1,2,70,0.9415932914046122,0.9129499126918482,0.9375,0.0
1270,1,2,71,0.9415932914046122,0.9129499126918482,0.9375,1.0
1271,1,2,72,0.9415932914046122,0.9129499126918482,0.9375,1.0
1272,1,2,73,0.9415932914046122,0.9129499126918482,0.9375,2.0
1273,1,2,74,0.9415932914046122,0.9129499126918482,0.9375,0.0
1274,1,2,75,0.9415932914046122,0.9129499126918482,0.9375,0.0
1275,1,2,76,0.9415932914046122,0.9129499126918482,0.9375,1.0
1276,1,2,77,0.9415932914046122,0.9129499126918482,0.9375,3.0
1277,1,2,78,0.9415932914046122,0.9129499126918482,0.9375,0.0
1278,1,2,79,0.9415932914046122,0.9129499126918482,0.9375,0.0
1279,1,2,80,0.9415932914046122,0.9129499126918482,0.9375,0.0
1280,1,2,81,0.9415932914046122,0.9129499126918482,0.9375,0.0
1281,1,2,82,0.9415932914046122,0.9129499126918482,0.9375,3.0
1282,1,2,83,0.9415932914046122,0.9129499126918482,0.9375,1.0
1283,1,2,84,0.9415932914046122,0.9129499126918482,0.9375,2.0
1284,1,2,85,0.9415932914046122,0.9129499126918482,0.9375,2.0
1285,1,2,86,0.9415932914046122,0.9129499126918482,0.9375,0.0
1286,1,2,87,0.9415932914046122,0.9129499126918482,0.9375,0.0
1287,1,2,88,0.9415932914046122,0.9129499126918482,0.9375,1.0
1288,1,2,89,0.9415932914046122,0.9129499126918482,0.9375,0.0
1289,1,2,90,0.9415932914046122,0.9129499126918482,0.9375,1.0
1290,1,2,91,0.9415932914046122,0.9129499126918482,0.9375,2.0
1291,1,2,92,0.9415932914046122,0.9129499126918482,0.9375,1.0
1292,1,2,93,0.9415932914046122,0.9129499126918482,0.9375,0.0
1293,1,2,94,0.9415932914046122,0.9129499126918482,0.9375,1.0
1294,1,2,95,0.9415932914046122,0.9129499126918482,0.9375,1.0
1295,1,2,96,0.9415932914046122,0.9129499126918482,0.9375,0.0
1296,1,2,97,0.9415932914046122,0.9129499126918482,0.9375,2.0
1297,1,2,98,0.9415932914046122,0.9129499126918482,0.9375,0.0
1298,1,2,99,0.9415932914046122,0.9129499126918482,0.9375,0.0
1299,1,2,100,0.9415932914046122,0.9129499126918482,0.9375,4.0
1300,1,2,101,0.9415932914046122,0.9129499126918482,0.9375,1.0
1301,1,2,102,0.9415932914046122,0.9129499126918482,0.9375,1.0
1302,1,2,103,0.9415932914046122,0.9129499126918482,0.9375,0.0
1303,1,2,104,0.9415932914046122,0.9129499126918482,0.9375,1.0
1304,1,2,105,0.9415932914046122,0.9129499126918482,0.9375,2.0
1305,1,2,106,0.9415932914046122,0.9129499126918482,0.9375,0.0
1306,1,2,107,0.9415932914046122,0.9129499126918482,0.9375,1.0
1307,1,2,108,0.9415932914046122,0.9129499126918482,0.9375,0.0
1308,1,2,109,0.9415932914046122,0.9129499126918482,0.9375,0.0
1309,1,2,110,0.9415932914046122,0.9129499126918482,0.9375,1.0
1310,1,2,111,0.9415932914046122,0.9129499126918482,0.9375,2.0
1311,1,2,112,0.9415932914046122,0.9129499126918482,0.9375,3.0
1312,1,2,113,0.9415932914046122,0.9129499126918482,0.9375,0.0
1313,1,2,114,0.9415932914046122,0.9129499126918482,0.9375,0.0
1314,1,2,115,0.9415932914046122,0.9129499126918482,0.9375,1.0
1315,1,2,116,0.9415932914046122,0.9129499126918482,0.9375,0.0
1316,1,2,117,0.9455808303454221,0.9135425052844408,1.0,0.0
1317,1,2,118,0.9455808303454221,0.9135425052844408,1.0,2.0
1318,1,2,119,0.9455808303454221,0.9135425052844408,1.0,1.0
1319,1,2,120,0.9455808303454221,0.9135425052844408,1.0,0.0
1320,1,2,121,0.9455808303454221,0.9135425052844408,1.0,2.0
1321,1,2,122,0.9455808303454221,0.9135425052844408,1.0,1.0
1322,1,2,123,0.9455808303454221,0.9135425052844408,1.0,0.0
1323,1,2,124,0.9455808303454221,0.9135425052844408,1.0,1.0
1324,1,2,125,0.9455808303454221,0.9135425052844408,1.0,2.0
1325,1,2,126,0.9455808303454221,0.9135425052844408,1.0,2.0
1326,1,2,127,0.9455808303454221,0.9135425052844408,1.0,2.0
1327,1,2,128,0.9455808303454221,0.9135425052844408,1.0,1.0
1328,1,2,129,0.9455808303454221,0.9135425052844408,1.0,0.0
1329,1,2,130,0.9455808303454221,0.9135425052844408,1.0,0.0
1330,1,2,131,0.9455808303454221,0.9135425052844408,1.0,1.0
1331,1,2,132,0.9455808303454221,0.9135425052844408,1.0,0.0
1332,1,2,133,0.9455808303454221,0.9135425052844408,1.0,0.0
1333,1,2,134,0.9455808303454221,0.9135425052844408,1.0,1.0
1334,1,2,135,0.9455808303454221,0.9135425052844408,1.0,2.0
1335,1,2,136,0.9455808303454221,0.9135425052844408,1.0,1.0
1336,1,2,137,0.9455808303454221,0.9135425052844408,1.0,1.0
1337,1,2,138,0.9455808303454221,0.9135425052844408,1.0,1.0
1338,1,2,139,0.9455808303454221,0.9135425052844408,1.0,2.0
1339,1,2,140,0.9455808303454221,0.9135425052844408,1.0,1.0
1340,1,2,141,0.9455808303454221,0.9135425052844408,1.0,1.0
1341,1,2,142,0.9455808303454221,0.9135425052844408,1.0,2.0
1342,1,2,143,0.9455808303454221,0.9135425052844408,1.0,0.0
1343,1,2,144,0.9455808303454221,0.9135425052844408,1.0,0.0
1344,1,2,145,0.9455808303454221,0.9135425052844408,1.0,1.0
1345,1,2,146,0.9455808303454221,0.9135425052844408,1.0,1.0
1346,1,2,147,0.9455808303454221,0.9135425052844408,1.0,1.0
1347,1,2,148,0.9455808303454221,0.9135425052844408,1.0,0.0
1348,1,2,149,0.9455808303454221,0.9135425052844408,1.0,0.0
1349,1,2,150,0.9455808303454221,0.9135425052844408,1.0,0.0
1350,1,2,151,0.9455808303454221,0.9135425052844408,1.0,2.0
1351,1,2,152,0.9455808303454221,0.9135425052844408,1.0,2.0
1352,1,2,153,0.9455808303454221,0.9135425052844408,1.0,2.0
1353,1,2,154,0.9455808303454221,0.9135425052844408,1.0,2.0
1354,1,2,155,0.9455808303454221,0.9135425052844408,1.0,1.0
1355,1,2,156,0.9455808303454221,0.9135425052844408,1.0,0.0
1356,1,2,157,0.9455808303454221,0.9135425052844408,1.0,0.0
1357,1,2,158,0.9455808303454221,0.9135425052844408,1.0,1.0
1358,1,2,159,0.9455808303454221,0.9135425052844408,1.0,3.0
1359,1,2,160,0.9455808303454221,0.9135425052844408,1.0,0.0
1360,1,2,161,0.9455808303454221,0.9135425052844408,1.0,0.0
1361,1,2,162,0.9455808303454221,0.9135425052844408,1.0,0.0
1362,1,2,163,0.9455808303454221,0.9135425052844408,1.0,1.0
1363,1,2,164,0.9455808303454221,0.9135425052844408,1.0,0.0
1364,1,2,165,0.9455808303454221,0.9135425052844408,1.0,0.0
1365,1,2,166,0.9455808303454221,0.9135425052844408,1.0,3.0
1366,1,2,167,0.9455808303454221,0.9135425052844408,1.0,0.0
1367,1,2,168,0.9455808303454221,0.9135425052844408,1.0,1.0
1368,1,2,169,0.9455808303454221,0.9135425052844408,1.0,2.0
1369,1,2,170,0.9455808303454221,0.9135425052844408,1.0,2.0
1370,1,2,171,0.9455808303454221,0.9135425052844408,1.0,0.0
1371,1,2,172,0.9455808303454221,0.9135425052844408,1.0,1.0
1372,1,2,173,0.9455808303454221,0.9135425052844408,1.0,0.0
1373,1,2,174,0.9455808303454221,0.9135425052844408,1.0,2.0
1374,1,2,175,0.9455808303454221,0.9135425052844408,1.0,0.0
1375,1,2,176,0.9455808303454221,0.9135425052844408,1.0,0.0
1376,1,2,177,0.9455808303454221,0.9135425052844408,1.0,1.0
1377,1,2,178,0.9455808303454221,0.9135425052844408,1.0,1.0
1378,1,2,179,0.9455808303454221,0.9135425052844408,1.0,0.0
1379,1,2,180,0.9455808303454221,0.9135425052844408,1.0,2.0
1380,1,2,181,0.9455808303454221,0.9135425052844408,1.0,5.0
1381,1,2,182,0.9455808303454221,0.9135425052844408,1.0,0.0
1382,1,2,183,0.9455808303454221,0.9135425052844408,1.0,0.0
1383,1,2,184,0.9455808303454221,0.9135425052844408,1.0,2.0
1384,1,2,185,0.9455808303454221,0.9135425052844408,1.0,0.0
1385,1,2,186,0.9455808303454221,0.9135425052844408,1.0,0.0
1386,1,2,187,0.9455808303454221,0.9135425052844408,1.0,1.0
1387,1,2,188,0.9455808303454221,0.9135425052844408,1.0,0.0
1388,1,2,189,0.9455808303454221,0.9135425052844408,1.0,2.0
1389,1,2,190,0.9455808303454221,0.9135425052844408,1.0,1.0
1390,1,2,191,0.9455808303454221,0.9135425052844408,1.0,0.0
1391,1,2,192,0.9455808303454221,0.9135425052844408,1.0,1.0
1392,1,2,193,0.9455808303454221,0.9135425052844408,1.0,1.0
1393,1,2,194,0.9455808303454221,0.9135425052844408,1.0,2.0
1394,1,2,195,0.9455808303454221,0.9135425052844408,1.0,0.0
1395,1,2,196,0.9455808303454221,0.9135425052844408,1.0,1.0
1396,1,2,197,0.9455808303454221,0.9135425052844408,1.0,2.0
1397,1,2,198,0.9455808303454221,0.9135425052844408,1.0,2.0
1398,1,2,199,0.9455808303454221,0.9135425052844408,1.0,1.0
1399,1,2,200,0.9455808303454221,0.9135425052844408,1.0,1.0
1400,1,3,1,0.9500615227506428,0.9006827246827246,0.9375,0.0
1401,1,3,2,0.9466374354421865,0.9092981092981093,0.9375,0.0
1402,1,3,3,0.9466374354421865,0.9092981092981093,0.9375,0.0
1403,1,3,4,0.9466374354421865,0.9092981092981093,0.9375,0.0
1404,1,3,5,0.9466374354421865,0.9092981092981093,0.9375,0.0
1405,1,3,6,0.9466374354421865,0.9092981092981093,0.9375,0.0
1406,1,3,7,0.9508569453523583,0.9172753172753172,0.9375,0.0
1407,1,3,8,0.9508569453523583,0.9172753172753172,0.9375,0.0
1408,1,3,9,0.9508569453523583,0.9172753172753172,0.9375,0.0
1409,1,3,10,0.9508569453523583,0.9172753172753172,0.9375,0.0
1410,1,3,11,0.9508569453523583,0.9172753172753172,0.9375,0.0
1411,1,3,12,0.963530752502715,0.9246599326599327,0.9375,0.0
1412,1,3,13,0.963530752502715,0.9246599326599327,0.9375,0.0
1413,1,3,14,0.963530752502715,0.9246599326599327,0.9375,0.0
1414,1,3,15,0.963530752502715,0.9246599326599327,0.9375,1.0
1415,1,3,16,0.963530752502715,0.9246599326599327,0.9375,1.0
1416,1,3,17,0.963530752502715,0.9246599326599327,0.9375,1.0
1417,1,3,18,0.963530752502715,0.9246599326599327,0.9375,0.0
1418,1,3,19,0.963530752502715,0.9246599326599327,0.9375,1.0
1419,1,3,20,0.963530752502715,0.9246599326599327,0.9375,0.0
1420,1,3,21,0.963530752502715,0.9246599326599327,0.9375,1.0
1421,1,3,22,0.963530752502715,0.9246599326599327,0.9375,0.0
1422,1,3,23,0.963530752502715,0.9246599326599327,0.9375,3.0
1423,1,3,24,0.963530752502715,0.9246599326599327,0.9375,1.0
1424,1,3,25,0.963530752502715,0.9246599326599327,0.9375,1.0
1425,1,3,26,0.963530752502715,0.9246599326599327,0.9375,0.0
1426,1,3,27,0.963530752502715,0.9246599326599327,0.9375,2.0
1427,1,3,28,0.963530752502715,0.9246599326599327,0.9375,1.0
1428,1,3,29,0.963530752502715,0.9246599326599327,0.9375,1.0
1429,1,3,30,0.963530752502715,0.9246599326599327,0.9375,1.0
1430,1,3,31,0.963530752502715,0.9246599326599327,0.9375,1.0
1431,1,3,32,0.963530752502715,0.9246599326599327,0.9375,0.0
1432,1,3,33,0.963530752502715,0.9246599326599327,0.9375,1.0
1433,1,3,34,0.963530752502715,0.9246599326599327,0.9375,0.0
1434,1,3,35,0.963530752502715,0.9246599326599327,0.9375,2.0
1435,1,3,36,0.963530752502715,0.9246599326599327,0.9375,0.0
1436,1,3,37,0.963530752502715,0.9246599326599327,0.9375,0.0
1437,1,3,38,0.963530752502715,0.9246599326599327,0.9375,1.0
1438,1,3,39,0.963530752502715,0.9246599326599327,0.9375,0.0
1439,1,3,40,0.963530752502715,0.9246599326599327,0.9375,2.0
1440,1,3,41,0.963530752502715,0.9246599326599327,0.9375,2.0
1441,1,3,42,0.963530752502715,0.9246599326599327,0.9375,4.0
1442,1,3,43,0.963530752502715,0.9246599326599327,0.9375,0.0
1443,1,3,44,0.963530752502715,0.9246599326599327,0.9375,0.0
1444,1,3,45,0.963530752502715,0.9246599326599327,0.9375,0.0
1445,1,3,46,0.963530752502715,0.9246599326599327,0.9375,1.0
1446,1,3,47,0.963530752502715,0.9246599326599327,0.9375,0.0
1447,1,3,48,0.963530752502715,0.9246599326599327,0.9375,2.0
1448,1,3,49,0.963530752502715,0.9246599326599327,0.9375,0.0
1449,1,3,50,0.963530752502715,0.9246599326599327,0.9375,1.0
1450,1,3,51,0.963530752502715,0.9246599326599327,0.9375,0.0
1451,1,3,52,0.963530752502715,0.9246599326599327,0.9375,1.0
1452,1,3,53,0.963530752502715,0.9246599326599327,0.9375,1.0
1453,1,3,54,0.963530752502715,0.9246599326599327,0.9375,1.0
1454,1,3,55,0.963530752502715,0.9246599326599327,0.9375,1.0
1455,1,3,56,0.963530752502715,0.9246599326599327,0.9375,1.0
1456,1,3,57,0.963530752502715,0.9246599326599327,0.9375,2.0
1457,1,3,58,0.963530752502715,0.9246599326599327,0.9375,1.0
1458,1,3,59,0.963530752502715,0.9246599326599327,0.9375,2.0
1459,1,3,60,0.963530752502715,0.9246599326599327,0.9375,1.0
1460,1,3,61,0.963530752502715,0.9246599326599327,0.9375,0.0
1461,1,3,62,0.963530752502715,0.9246599326599327,0.9375,1.0
1462,1,3,63,0.963530752502715,0.9246599326599327,0.9375,0.0
1463,1,3,64,0.963530752502715,0.9246599326599327,0.9375,1.0
1464,1,3,65,0.963530752502715,0.9246599326599327,0.9375,1.0
1465,1,3,66,0.963530752502715,0.9246599326599327,0.9375,2.0
1466,1,3,67,0.963530752502715,0.9246599326599327,0.9375,0.0
1467,1,3,68,0.963530752502715,0.9246599326599327,0.9375,1.0
1468,1,3,69,0.963530752502715,0.9246599326599327,0.9375,2.0
1469,1,3,70,0.963530752502715,0.9246599326599327,0.9375,1.0
1470,1,3,71,0.963530752502715,0.9246599326599327,0.9375,0.0
1471,1,3,72,0.963530752502715,0.9246599326599327,0.9375,0.0
1472,1,3,73,0.963530752502715,0.9246599326599327,0.9375,2.0
1473,1,3,74,0.963530752502715,0.9246599326599327,0.9375,1.0
1474,1,3,75,0.963530752502715,0.9246599326599327,0.9375,2.0
1475,1,3,76,0.963530752502715,0.9246599326599327,0.9375,1.0
1476,1,3,77,0.963530752502715,0.9246599326599327,0.9375,1.0
1477,1,3,78,0.963530752502715,0.9246599326599327,0.9375,0.0
1478,1,3,79,0.963530752502715,0.9246599326599327,0.9375,1.0
1479,1,3,80,0.963530752502715,0.9246599326599327,0.9375,0.0
1480,1,3,81,0.963530752502715,0.9246599326599327,0.9375,1.0
1481,1,3,82,0.963530752502715,0.9246599326599327,0.9375,1.0
1482,1,3,83,0.963530752502715,0.9246599326599327,0.9375,1.0
1483,1,3,84,0.963530752502715,0.9246599326599327,0.9375,0.0
1484,1,3,85,0.963530752502715,0.9246599326599327,0.9375,2.0
1485,1,3,86,0.963530752502715,0.9246599326599327,0.9375,2.0
1486,1,3,87,0.963530752502715,0.9246599326599327,0.9375,2.0
1487,1,3,88,0.963530752502715,0.9246599326599327,0.9375,0.0
1488,1,3,89,0.963530752502715,0.9246599326599327,0.9375,2.0
1489,1,3,90,0.963530752502715,0.9246599326599327,0.9375,0.0
1490,1,3,91,0.963530752502715,0.9246599326599327,0.9375,1.0
1491,1,3,92,0.963530752502715,0.9246599326599327,0.9375,1.0
1492,1,3,93,0.963530752502715,0.9246599326599327,0.9375,2.0
1493,1,3,94,0.963530752502715,0.9246599326599327,0.9375,0.0
1494,1,3,95,0.963530752502715,0.9246599326599327,0.9375,1.0
1495,1,3,96,0.963530752502715,0.9246599326599327,0.9375,0.0
1496,1,3,97,0.963530752502715,0.9246599326599327,0.9375,1.0
1497,1,3,98,0.963530752502715,0.9246599326599327,0.9375,2.0
1498,1,3,99,0.963530752502715,0.9246599326599327,0.9375,0.0
1499,1,3,100,0.963530752502715,0.9246599326599327,0.9375,0.0
1500,1,3,101,0.963530752502715,0.9246599326599327,0.9375,0.0
1501,1,3,102,0.963530752502715,0.9246599326599327,0.9375,1.0
1502,1,3,103,0.963530752502715,0.9246599326599327,0.9375,3.0
1503,1,3,104,0.963530752502715,0.9246599326599327,0.9375,2.0
1504,1,3,105,0.963530752502715,0.9246599326599327,0.9375,0.0
1505,1,3,106,0.963530752502715,0.9246599326599327,0.9375,1.0
1506,1,3,107,0.963530752502715,0.9246599326599327,0.9375,1.0
1507,1,3,108,0.963530752502715,0.9246599326599327,0.9375,0.0
1508,1,3,109,0.963530752502715,0.9246599326599327,0.9375,0.0
1509,1,3,110,0.963530752502715,0.9246599326599327,0.9375,3.0
1510,1,3,111,0.963530752502715,0.9246599326599327,0.9375,2.0
1511,1,3,112,0.963530752502715,0.9246599326599327,0.9375,1.0
1512,1,3,113,0.963530752502715,0.9246599326599327,0.9375,1.0
1513,1,3,114,0.963530752502715,0.9246599326599327,0.9375,0.0
1514,1,3,115,0.963530752502715,0.9246599326599327,0.9375,1.0
1515,1,3,116,0.963530752502715,0.9246599326599327,0.9375,1.0
1516,1,3,117,0.963530752502715,0.9246599326599327,0.9375,2.0
1517,1,3,118,0.963530752502715,0.9246599326599327,0.9375,0.0
1518,1,3,119,0.963530752502715,0.9246599326599327,0.9375,0.0
1519,1,3,120,0.963530752502715,0.9246599326599327,0.9375,2.0
1520,1,3,121,0.963530752502715,0.9246599326599327,0.9375,0.0
1521,1,3,122,0.963530752502715,0.9246599326599327,0.9375,1.0
1522,1,3,123,0.963530752502715,0.9246599326599327,0.9375,1.0
1523,1,3,124,0.963530752502715,0.9246599326599327,0.9375,0.0
1524,1,3,125,0.963530752502715,0.9246599326599327,0.9375,2.0
1525,1,3,126,0.963530752502715,0.9246599326599327,0.9375,1.0
1526,1,3,127,0.963530752502715,0.9246599326599327,0.9375,1.0
1527,1,3,128,0.963530752502715,0.9246599326599327,0.9375,3.0
1528,1,3,129,0.963530752502715,0.9246599326599327,0.9375,0.0
1529,1,3,130,0.963530752502715,0.9246599326599327,0.9375,1.0
1530,1,3,131,0.963530752502715,0.9246599326599327,0.9375,1.0
1531,1,3,132,0.963530752502715,0.9246599326599327,0.9375,2.0
1532,1,3,133,0.963530752502715,0.9246599326599327,0.9375,0.0
1533,1,3,134,0.963530752502715,0.9246599326599327,0.9375,1.0
1534,1,3,135,0.963530752502715,0.9246599326599327,0.9375,0.0
1535,1,3,136,0.963530752502715,0.9246599326599327,0.9375,1.0
1536,1,3,137,0.963530752502715,0.9246599326599327,0.9375,1.0
1537,1,3,138,0.963530752502715,0.9246599326599327,0.9375,0.0
1538,1,3,139,0.963530752502715,0.9246599326599327,0.9375,3.0
1539,1,3,140,0.963530752502715,0.9246599326599327,0.9375,0.0
1540,1,3,141,0.963530752502715,0.9246599326599327,0.9375,0.0
1541,1,3,142,0.963530752502715,0.9246599326599327,0.9375,3.0
1542,1,3,143,0.963530752502715,0.9246599326599327,0.9375,1.0
1543,1,3,144,0.963530752502715,0.9246599326599327,0.9375,2.0
1544,1,3,145,0.963530752502715,0.9246599326599327,0.9375,1.0
1545,1,3,146,0.963530752502715,0.9246599326599327,0.9375,0.0
1546,1,3,147,0.963530752502715,0.9246599326599327,0.9375,0.0
1547,1,3,148,0.963530752502715,0.9246599326599327,0.9375,0.0
1548,1,3,149,0.963530752502715,0.9246599326599327,0.9375,1.0
1549,1,3,150,0.963530752502715,0.9246599326599327,0.9375,1.0
1550,1,3,151,0.963530752502715,0.9246599326599327,0.9375,3.0
1551,1,3,152,0.963530752502715,0.9246599326599327,0.9375,1.0
1552,1,3,153,0.963530752502715,0.9246599326599327,0.9375,0.0
1553,1,3,154,0.963530752502715,0.9246599326599327,0.9375,0.0
1554,1,3,155,0.963530752502715,0.9246599326599327,0.9375,0.0
1555,1,3,156,0.963530752502715,0.9246599326599327,0.9375,1.0
1556,1,3,157,0.963530752502715,0.9246599326599327,0.9375,1.0
1557,1,3,158,0.963530752502715,0.9246599326599327,0.9375,2.0
1558,1,3,159,0.963530752502715,0.9246599326599327,0.9375,1.0
1559,1,3,160,0.963530752502715,0.9246599326599327,0.9375,2.0
1560,1,3,161,0.963530752502715,0.9246599326599327,0.9375,2.0
1561,1,3,162,0.963530752502715,0.9246599326599327,0.9375,0.0
1562,1,3,163,0.963530752502715,0.9246599326599327,0.9375,0.0
1563,1,3,164,0.963530752502715,0.9246599326599327,0.9375,1.0
1564,1,3,165,0.963530752502715,0.9246599326599327,0.9375,3.0
1565,1,3,166,0.963530752502715,0.9246599326599327,0.9375,1.0
1566,1,3,167,0.963530752502715,0.9246599326599327,0.9375,0.0
1567,1,3,168,0.963530752502715,0.9246599326599327,0.9375,0.0
1568,1,3,169,0.963530752502715,0.9246599326599327,0.9375,0.0
1569,1,3,170,0.963530752502715,0.9246599326599327,0.9375,1.0
1570,1,3,171,0.963530752502715,0.9246599326599327,0.9375,0.0
1571,1,3,172,0.963530752502715,0.9246599326599327,0.9375,1.0
1572,1,3,173,0.963530752502715,0.9246599326599327,0.9375,2.0
1573,1,3,174,0.963530752502715,0.9246599326599327,0.9375,0.0
1574,1,3,175,0.963530752502715,0.9246599326599327,0.9375,3.0
1575,1,3,176,0.963530752502715,0.9246599326599327,0.9375,0.0
1576,1,3,177,0.963530752502715,0.9246599326599327,0.9375,1.0
1577,1,3,178,0.963530752502715,0.9246599326599327,0.9375,2.0
1578,1,3,179,0.963530752502715,0.9246599326599327,0.9375,2.0
1579,1,3,180,0.963530752502715,0.9246599326599327,0.9375,1.0
1580,1,3,181,0.963530752502715,0.9246599326599327,0.9375,1.0
1581,1,3,182,0.963530752502715,0.9246599326599327,0.9375,0.0
1582,1,3,183,0.963530752502715,0.9246599326599327,0.9375,1.0
1583,1,3,184,0.963530752502715,0.9246599326599327,0.9375,0.0
1584,1,3,185,0.963530752502715,0.9246599326599327,0.9375,0.0
1585,1,3,186,0.963530752502715,0.9246599326599327,0.9375,1.0
1586,1,3,187,0.963530752502715,0.9246599326599327,0.9375,1.0
1587,1,3,188,0.963530752502715,0.9246599326599327,0.9375,0.0
1588,1,3,189,0.963530752502715,0.9246599326599327,0.9375,3.0
1589,1,3,190,0.963530752502715,0.9246599326599327,0.9375,0.0
1590,1,3,191,0.963530752502715,0.9246599326599327,0.9375,2.0
1591,1,3,192,0.963530752502715,0.9246599326599327,0.9375,1.0
1592,1,3,193,0.963530752502715,0.9246599326599327,0.9375,2.0
1593,1,3,194,0.963530752502715,0.9246599326599327,0.9375,0.0
1594,1,3,195,0.963530752502715,0.9246599326599327,0.9375,2.0
1595,1,3,196,0.963530752502715,0.9246599326599327,0.9375,2.0
1596,1,3,197,0.963530752502715,0.9246599326599327,0.9375,0.0
1597,1,3,198,0.963530752502715,0.9246599326599327,0.9375,1.0
1598,1,3,199,0.963530752502715,0.9246599326599327,0.9375,0.0
1599,1,3,200,0.963530752502715,0.9246599326599327,0.9375,0.0
1600,1,4,1,0.9514309768395014,0.947008547008547,0.875,0.0
1601,1,4,2,0.9514309768395014,0.947008547008547,0.875,0.0
1602,1,4,3,0.9514309768395014,0.947008547008547,0.875,0.0
1603,1,4,4,0.9514309768395014,0.947008547008547,0.875,0.0
1604,1,4,5,0.9514309768395014,0.947008547008547,0.875,0.0
1605,1,4,6,0.9514309768395014,0.947008547008547,0.875,0.0
1606,1,4,7,0.9514309768395014,0.947008547008547,0.875,0.0
1607,1,4,8,0.9590470751724126,0.9481074481074481,0.875,0.0
1608,1,4,9,0.9590470751724126,0.9481074481074481,0.875,0.0
1609,1,4,10,0.9590470751724126,0.9481074481074481,0.875,0.0
1610,1,4,11,0.9590470751724126,0.9481074481074481,0.875,0.0
1611,1,4,12,0.9590470751724126,0.9481074481074481,0.875,0.0
1612,1,4,13,0.9590470751724126,0.9481074481074481,0.875,1.0
1613,1,4,14,0.9590470751724126,0.9481074481074481,0.875,0.0
1614,1,4,15,0.9590470751724126,0.9481074481074481,0.875,0.0
1615,1,4,16,0.9590470751724126,0.9481074481074481,0.875,0.0
1616,1,4,17,0.9590470751724126,0.9481074481074481,0.875,0.0
1617,1,4,18,0.9590470751724126,0.9481074481074481,0.875,0.0
1618,1,4,19,0.9518426406473918,0.9481481481481481,0.875,0.0
1619,1,4,20,0.9518426406473918,0.9481481481481481,0.875,1.0
1620,1,4,21,0.9518426406473918,0.9481481481481481,0.875,1.0
1621,1,4,22,0.9518426406473918,0.9481481481481481,0.875,0.0
1622,1,4,23,0.9518426406473918,0.9481481481481481,0.875,0.0
1623,1,4,24,0.9518426406473918,0.9481481481481481,0.875,0.0
1624,1,4,25,0.9518426406473918,0.9481481481481481,0.875,1.0
1625,1,4,26,0.9518426406473918,0.9481481481481481,0.875,0.0
1626,1,4,27,0.9518426406473918,0.9481481481481481,0.875,0.0
1627,1,4,28,0.9518426406473918,0.9481481481481481,0.875,1.0
1628,1,4,29,0.9518426406473918,0.9481481481481481,0.875,1.0
1629,1,4,30,0.9553443241490752,0.9496807151979565,0.875,0.0
1630,1,4,31,0.9553443241490752,0.9496807151979565,0.875,0.0
1631,1,4,32,0.9553443241490752,0.9496807151979565,0.875,1.0
1632,1,4,33,0.9553443241490752,0.9496807151979565,0.875,2.0
1633,1,4,34,0.9590140489197173,0.9549857549857549,0.875,0.0
1634,1,4,35,0.9590140489197173,0.9549857549857549,0.875,0.0
1635,1,4,36,0.9590140489197173,0.9549857549857549,0.875,2.0
1636,1,4,37,0.9590140489197173,0.9549857549857549,0.875,1.0
1637,1,4,38,0.9590140489197173,0.9549857549857549,0.875,0.0
1638,1,4,39,0.9590140489197173,0.9549857549857549,0.875,1.0
1639,1,4,40,0.9590140489197173,0.9549857549857549,0.875,1.0
1640,1,4,41,0.9590140489197173,0.9549857549857549,0.875,1.0
1641,1,4,42,0.9590140489197173,0.9549857549857549,0.875,0.0
1642,1,4,43,0.9590140489197173,0.9549857549857549,0.875,1.0
1643,1,4,44,0.9590140489197173,0.9549857549857549,0.875,0.0
1644,1,4,45,0.9590140489197173,0.9549857549857549,0.875,2.0
1645,1,4,46,0.9590140489197173,0.9549857549857549,0.875,1.0
1646,1,4,47,0.9590140489197173,0.9549857549857549,0.875,2.0
1647,1,4,48,0.9590140489197173,0.9549857549857549,0.875,2.0
1648,1,4,49,0.9590140489197173,0.9549857549857549,0.875,0.0
1649,1,4,50,0.9590140489197173,0.9549857549857549,0.875,1.0
1650,1,4,51,0.9590140489197173,0.9549857549857549,0.875,0.0
1651,1,4,52,0.9590140489197173,0.9549857549857549,0.875,1.0
1652,1,4,53,0.9590140489197173,0.9549857549857549,0.875,0.0
1653,1,4,54,0.9590140489197173,0.9549857549857549,0.875,1.0
1654,1,4,55,0.9590140489197173,0.9549857549857549,0.875,1.0
1655,1,4,56,0.9590140489197173,0.9549857549857549,0.875,2.0
1656,1,4,57,0.9590140489197173,0.9549857549857549,0.875,1.0
1657,1,4,58,0.9590140489197173,0.9549857549857549,0.875,0.0
1658,1,4,59,0.9590140489197173,0.9549857549857549,0.875,2.0
1659,1,4,60,0.9590140489197173,0.9549857549857549,0.875,0.0
1660,1,4,61,0.9590140489197173,0.9549857549857549,0.875,1.0
1661,1,4,62,0.9590140489197173,0.9549857549857549,0.875,2.0
1662,1,4,63,0.9590140489197173,0.9549857549857549,0.875,0.0
1663,1,4,64,0.9590140489197173,0.9549857549857549,0.875,1.0
1664,1,4,65,0.9590140489197173,0.9549857549857549,0.875,1.0
1665,1,4,66,0.9590140489197173,0.9549857549857549,0.875,0.0
1666,1,4,67,0.9590140489197173,0.9549857549857549,0.875,1.0
1667,1,4,68,0.9590140489197173,0.9549857549857549,0.875,0.0
1668,1,4,69,0.9590140489197173,0.9549857549857549,0.875,1.0
1669,1,4,70,0.9590140489197173,0.9549857549857549,0.875,1.0
1670,1,4,71,0.9590140489197173,0.9549857549857549,0.875,1.0
1671,1,4,72,0.9590140489197173,0.9549857549857549,0.875,1.0
1672,1,4,73,0.9590140489197173,0.9549857549857549,0.875,3.0
1673,1,4,74,0.9590140489197173,0.9549857549857549,0.875,1.0
1674,1,4,75,0.9590140489197173,0.9549857549857549,0.875,2.0
1675,1,4,76,0.9590140489197173,0.9549857549857549,0.875,0.0
1676,1,4,77,0.9590140489197173,0.9549857549857549,0.875,1.0
1677,1,4,78,0.9590140489197173,0.9549857549857549,0.875,1.0
1678,1,4,79,0.9590140489197173,0.9549857549857549,0.875,0.0
1679,1,4,80,0.9590140489197173,0.9549857549857549,0.875,1.0
1680,1,4,81,0.9590140489197173,0.9549857549857549,0.875,0.0
1681,1,4,82,0.9590140489197173,0.9549857549857549,0.875,1.0
1682,1,4,83,0.9590140489197173,0.9549857549857549,0.875,2.0
1683,1,4,84,0.9590140489197173,0.9549857549857549,0.875,0.0
1684,1,4,85,0.9590140489197173,0.9549857549857549,0.875,1.0
1685,1,4,86,0.9590140489197173,0.9549857549857549,0.875,1.0
1686,1,4,87,0.9590140489197173,0.9549857549857549,0.875,1.0
1687,1,4,88,0.9590140489197173,0.9549857549857549,0.875,2.0
1688,1,4,89,0.9590140489197173,0.9549857549857549,0.875,1.0
1689,1,4,90,0.9590140489197173,0.9549857549857549,0.875,2.0
1690,1,4,91,0.9590140489197173,0.9549857549857549,0.875,0.0
1691,1,4,92,0.9590140489197173,0.9549857549857549,0.875,2.0
1692,1,4,93,0.9590140489197173,0.9549857549857549,0.875,1.0
1693,1,4,94,0.9590140489197173,0.9549857549857549,0.875,0.0
1694,1,4,95,0.9590140489197173,0.9549857549857549,0.875,0.0
1695,1,4,96,0.9590140489197173,0.9549857549857549,0.875,0.0
1696,1,4,97,0.9590140489197173,0.9549857549857549,0.875,1.0
1697,1,4,98,0.9590140489197173,0.9549857549857549,0.875,2.0
1698,1,4,99,0.9590140489197173,0.9549857549857549,0.875,1.0
1699,1,4,100,0.9590140489197173,0.9549857549857549,0.875,0.0
1700,1,4,101,0.9590140489197173,0.9549857549857549,0.875,3.0
1701,1,4,102,0.9590140489197173,0.9549857549857549,0.875,1.0
1702,1,4,103,0.9590140489197173,0.9549857549857549,0.875,0.0
1703,1,4,104,0.9590140489197173,0.9549857549857549,0.875,1.0
1704,1,4,105,0.9590140489197173,0.9549857549857549,0.875,2.0
1705,1,4,106,0.9590140489197173,0.9549857549857549,0.875,0.0
1706,1,4,107,0.9590140489197173,0.9549857549857549,0.875,2.0
1707,1,4,108,0.9590140489197173,0.9549857549857549,0.875,0.0
1708,1,4,109,0.9590140489197173,0.9549857549857549,0.875,0.0
1709,1,4,110,0.9590140489197173,0.9549857549857549,0.875,1.0
1710,1,4,111,0.9590140489197173,0.9549857549857549,0.875,0.0
1711,1,4,112,0.9590140489197173,0.9549857549857549,0.875,1.0
1712,1,4,113,0.9590140489197173,0.9549857549857549,0.875,0.0
1713,1,4,114,0.9590140489197173,0.9549857549857549,0.875,5.0
1714,1,4,115,0.9590140489197173,0.9549857549857549,0.875,0.0
1715,1,4,116,0.9590140489197173,0.9549857549857549,0.875,0.0
1716,1,4,117,0.9590140489197173,0.9549857549857549,0.875,0.0
1717,1,4,118,0.9590140489197173,0.9549857549857549,0.875,4.0
1718,1,4,119,0.9590140489197173,0.9549857549857549,0.875,1.0
1719,1,4,120,0.9590140489197173,0.9549857549857549,0.875,1.0
1720,1,4,121,0.9590140489197173,0.9549857549857549,0.875,1.0
1721,1,4,122,0.9590140489197173,0.9549857549857549,0.875,0.0
1722,1,4,123,0.9590140489197173,0.9549857549857549,0.875,1.0
1723,1,4,124,0.9590140489197173,0.9549857549857549,0.875,0.0
1724,1,4,125,0.9590140489197173,0.9549857549857549,0.875,1.0
1725,1,4,126,0.9590140489197173,0.9549857549857549,0.875,0.0
1726,1,4,127,0.9590140489197173,0.9549857549857549,0.875,2.0
1727,1,4,128,0.9590140489197173,0.9549857549857549,0.875,0.0
1728,1,4,129,0.9590140489197173,0.9549857549857549,0.875,2.0
1729,1,4,130,0.9590140489197173,0.9549857549857549,0.875,0.0
1730,1,4,131,0.9590140489197173,0.9549857549857549,0.875,1.0
1731,1,4,132,0.9590140489197173,0.9549857549857549,0.875,0.0
1732,1,4,133,0.9590140489197173,0.9549857549857549,0.875,2.0
1733,1,4,134,0.9590140489197173,0.9549857549857549,0.875,1.0
1734,1,4,135,0.9590140489197173,0.9549857549857549,0.875,2.0
1735,1,4,136,0.9590140489197173,0.9549857549857549,0.875,3.0
1736,1,4,137,0.9590140489197173,0.9549857549857549,0.875,0.0
1737,1,4,138,0.9590140489197173,0.9549857549857549,0.875,0.0
1738,1,4,139,0.9590140489197173,0.9549857549857549,0.875,1.0
1739,1,4,140,0.9590140489197173,0.9549857549857549,0.875,1.0
1740,1,4,141,0.9590140489197173,0.9549857549857549,0.875,2.0
1741,1,4,142,0.9590140489197173,0.9549857549857549,0.875,1.0
1742,1,4,143,0.9590140489197173,0.9549857549857549,0.875,0.0
1743,1,4,144,0.9590140489197173,0.9549857549857549,0.875,0.0
1744,1,4,145,0.9590140489197173,0.9549857549857549,0.875,1.0
1745,1,4,146,0.9590140489197173,0.9549857549857549,0.875,0.0
1746,1,4,147,0.9590140489197173,0.9549857549857549,0.875,1.0
1747,1,4,148,0.9590140489197173,0.9549857549857549,0.875,1.0
1748,1,4,149,0.9590140489197173,0.9549857549857549,0.875,2.0
1749,1,4,150,0.9590140489197173,0.9549857549857549,0.875,2.0
1750,1,4,151,0.9590140489197173,0.9549857549857549,0.875,1.0
1751,1,4,152,0.9590140489197173,0.9549857549857549,0.875,2.0
1752,1,4,153,0.9590140489197173,0.9549857549857549,0.875,0.0
1753,1,4,154,0.9590140489197173,0.9549857549857549,0.875,1.0
1754,1,4,155,0.9590140489197173,0.9549857549857549,0.875,1.0
1755,1,4,156,0.9590140489197173,0.9549857549857549,0.875,0.0
1756,1,4,157,0.9590140489197173,0.9549857549857549,0.875,0.0
1757,1,4,158,0.9590140489197173,0.9549857549857549,0.875,1.0
1758,1,4,159,0.9590140489197173,0.9549857549857549,0.875,2.0
1759,1,4,160,0.9590140489197173,0.9549857549857549,0.875,0.0
1760,1,4,161,0.9590140489197173,0.9549857549857549,0.875,1.0
1761,1,4,162,0.9590140489197173,0.9549857549857549,0.875,1.0
1762,1,4,163,0.9590140489197173,0.9549857549857549,0.875,0.0
1763,1,4,164,0.9590140489197173,0.9549857549857549,0.875,4.0
1764,1,4,165,0.9590140489197173,0.9549857549857549,0.875,1.0
1765,1,4,166,0.9590140489197173,0.9549857549857549,0.875,2.0
1766,1,4,167,0.9590140489197173,0.9549857549857549,0.875,0.0
1767,1,4,168,0.9590140489197173,0.9549857549857549,0.875,2.0
1768,1,4,169,0.9590140489197173,0.9549857549857549,0.875,0.0
1769,1,4,170,0.9590140489197173,0.9549857549857549,0.875,1.0
1770,1,4,171,0.9590140489197173,0.9549857549857549,0.875,0.0
1771,1,4,172,0.9590140489197173,0.9549857549857549,0.875,1.0
1772,1,4,173,0.9590140489197173,0.9549857549857549,0.875,1.0
1773,1,4,174,0.9590140489197173,0.9549857549857549,0.875,0.0
1774,1,4,175,0.9590140489197173,0.9549857549857549,0.875,2.0
1775,1,4,176,0.9590140489197173,0.9549857549857549,0.875,0.0
1776,1,4,177,0.9590140489197173,0.9549857549857549,0.875,1.0
1777,1,4,178,0.9590140489197173,0.9549857549857549,0.875,1.0
1778,1,4,179,0.9590140489197173,0.9549857549857549,0.875,0.0
1779,1,4,180,0.9590140489197173,0.9549857549857549,0.875,1.0
1780,1,4,181,0.9590140489197173,0.9549857549857549,0.875,1.0
1781,1,4,182,0.9590140489197173,0.9549857549857549,0.875,1.0
1782,1,4,183,0.9590140489197173,0.9549857549857549,0.875,3.0
1783,1,4,184,0.9590140489197173,0.9549857549857549,0.875,1.0
1784,1,4,185,0.9590140489197173,0.9549857549857549,0.875,2.0
1785,1,4,186,0.9590140489197173,0.9549857549857549,0.875,0.0
1786,1,4,187,0.9590140489197173,0.9549857549857549,0.875,2.0
1787,1,4,188,0.9590140489197173,0.9549857549857549,0.875,0.0
1788,1,4,189,0.9590140489197173,0.9549857549857549,0.875,0.0
1789,1,4,190,0.9590140489197173,0.9549857549857549,0.875,0.0
1790,1,4,191,0.9590140489197173,0.9549857549857549,0.875,1.0
1791,1,4,192,0.9590140489197173,0.9549857549857549,0.875,2.0
1792,1,4,193,0.9590140489197173,0.9549857549857549,0.875,0.0
1793,1,4,194,0.9590140489197173,0.9549857549857549,0.875,1.0
1794,1,4,195,0.9590140489197173,0.9549857549857549,0.875,0.0
1795,1,4,196,0.9590140489197173,0.9549857549857549,0.875,1.0
1796,1,4,197,0.9590140489197173,0.9549857549857549,0.875,2.0
1797,1,4,198,0.9590140489197173,0.9549857549857549,0.875,3.0
1798,1,4,199,0.9590140489197173,0.9549857549857549,0.875,3.0
1799,1,4,200,0.9590140489197173,0.9549857549857549,0.875,0.0
1800,1,5,1,0.9413073260719178,0.9297777777777778,0.9090909090909091,0.0
1801,1,5,2,0.9413073260719178,0.9297777777777778,0.9090909090909091,0.0
1802,1,5,3,0.9413073260719178,0.9297777777777778,0.9090909090909091,0.0
1803,1,5,4,0.9413073260719178,0.9297777777777778,0.9090909090909091,0.0
1804,1,5,5,0.9413073260719178,0.9297777777777778,0.9090909090909091,0.0
1805,1,5,6,0.9413073260719178,0.9297777777777778,0.9090909090909091,0.0
1806,1,5,7,0.9413073260719178,0.9297777777777778,0.9090909090909091,0.0
1807,1,5,8,0.9398645480253662,0.9315148555148556,0.9142857142857143,0.0
1808,1,5,9,0.9398645480253662,0.9315148555148556,0.9142857142857143,0.0
1809,1,5,10,0.9398645480253662,0.9315148555148556,0.9142857142857143,0.0
1810,1,5,11,0.9398645480253662,0.9315148555148556,0.9142857142857143,0.0
1811,1,5,12,0.9398645480253662,0.9315148555148556,0.9142857142857143,0.0
1812,1,5,13,0.9398645480253662,0.9315148555148556,0.9142857142857143,0.0
1813,1,5,14,0.9398645480253662,0.9315148555148556,0.9142857142857143,0.0
1814,1,5,15,0.9398645480253662,0.9315148555148556,0.9142857142857143,0.0
1815,1,5,16,0.9398645480253662,0.9315148555148556,0.9142857142857143,1.0
1816,1,5,17,0.9398645480253662,0.9315148555148556,0.9142857142857143,0.0
1817,1,5,18,0.9398645480253662,0.9315148555148556,0.9142857142857143,0.0
1818,1,5,19,0.9398645480253662,0.9315148555148556,0.9142857142857143,0.0
1819,1,5,20,0.9398645480253662,0.9315148555148556,0.9142857142857143,2.0
1820,1,5,21,0.9398645480253662,0.9315148555148556,0.9142857142857143,1.0
1821,1,5,22,0.9398645480253662,0.9315148555148556,0.9142857142857143,1.0
1822,1,5,23,0.9492469157572314,0.9383931623931623,0.9411764705882353,0.0
1823,1,5,24,0.9492469157572314,0.9383931623931623,0.9411764705882353,1.0
1824,1,5,25,0.9492469157572314,0.9383931623931623,0.9411764705882353,1.0
1825,1,5,26,0.9492469157572314,0.9383931623931623,0.9411764705882353,1.0
1826,1,5,27,0.9492469157572314,0.9383931623931623,0.9411764705882353,0.0
1827,1,5,28,0.9492469157572314,0.9383931623931623,0.9411764705882353,2.0
1828,1,5,29,0.9492469157572314,0.9383931623931623,0.9411764705882353,0.0
1829,1,5,30,0.9492469157572314,0.9383931623931623,0.9411764705882353,2.0
1830,1,5,31,0.9492469157572314,0.9383931623931623,0.9411764705882353,0.0
1831,1,5,32,0.9492469157572314,0.9383931623931623,0.9411764705882353,2.0
1832,1,5,33,0.9492469157572314,0.9383931623931623,0.9411764705882353,0.0
1833,1,5,34,0.9492469157572314,0.9383931623931623,0.9411764705882353,1.0
1834,1,5,35,0.9492469157572314,0.9383931623931623,0.9411764705882353,2.0
1835,1,5,36,0.9492469157572314,0.9383931623931623,0.9411764705882353,0.0
1836,1,5,37,0.9492469157572314,0.9383931623931623,0.9411764705882353,0.0
1837,1,5,38,0.9492469157572314,0.9383931623931623,0.9411764705882353,2.0
1838,1,5,39,0.9492469157572314,0.9383931623931623,0.9411764705882353,1.0
1839,1,5,40,0.9492469157572314,0.9383931623931623,0.9411764705882353,0.0
1840,1,5,41,0.9492469157572314,0.9383931623931623,0.9411764705882353,1.0
1841,1,5,42,0.9492469157572314,0.9383931623931623,0.9411764705882353,0.0
1842,1,5,43,0.9492469157572314,0.9383931623931623,0.9411764705882353,2.0
1843,1,5,44,0.9492469157572314,0.9383931623931623,0.9411764705882353,2.0
1844,1,5,45,0.9492469157572314,0.9383931623931623,0.9411764705882353,1.0
1845,1,5,46,0.9492469157572314,0.9383931623931623,0.9411764705882353,1.0
1846,1,5,47,0.9492469157572314,0.9383931623931623,0.9411764705882353,1.0
1847,1,5,48,0.9492469157572314,0.9383931623931623,0.9411764705882353,0.0
1848,1,5,49,0.9492469157572314,0.9383931623931623,0.9411764705882353,3.0
1849,1,5,50,0.9492469157572314,0.9383931623931623,0.9411764705882353,0.0
1850,1,5,51,0.9492469157572314,0.9383931623931623,0.9411764705882353,0.0
1851,1,5,52,0.9492469157572314,0.9383931623931623,0.9411764705882353,1.0
1852,1,5,53,0.9492469157572314,0.9383931623931623,0.9411764705882353,0.0
1853,1,5,54,0.9492469157572314,0.9383931623931623,0.9411764705882353,2.0
1854,1,5,55,0.9492469157572314,0.9383931623931623,0.9411764705882353,0.0
1855,1,5,56,0.9492469157572314,0.9383931623931623,0.9411764705882353,1.0
1856,1,5,57,0.9492469157572314,0.9383931623931623,0.9411764705882353,2.0
1857,1,5,58,0.9492469157572314,0.9383931623931623,0.9411764705882353,2.0
1858,1,5,59,0.9492469157572314,0.9383931623931623,0.9411764705882353,1.0
1859,1,5,60,0.9492469157572314,0.9383931623931623,0.9411764705882353,0.0
1860,1,5,61,0.9492469157572314,0.9383931623931623,0.9411764705882353,2.0
1861,1,5,62,0.9492469157572314,0.9383931623931623,0.9411764705882353,0.0
1862,1,5,63,0.9492469157572314,0.9383931623931623,0.9411764705882353,0.0
1863,1,5,64,0.9492469157572314,0.9383931623931623,0.9411764705882353,2.0
1864,1,5,65,0.9492469157572314,0.9383931623931623,0.9411764705882353,0.0
1865,1,5,66,0.9492469157572314,0.9383931623931623,0.9411764705882353,0.0
1866,1,5,67,0.9492469157572314,0.9383931623931623,0.9411764705882353,0.0
1867,1,5,68,0.9492469157572314,0.9383931623931623,0.9411764705882353,3.0
1868,1,5,69,0.9492469157572314,0.9383931623931623,0.9411764705882353,0.0
1869,1,5,70,0.9492469157572314,0.9383931623931623,0.9411764705882353,2.0
1870,1,5,71,0.9492469157572314,0.9383931623931623,0.9411764705882353,1.0
1871,1,5,72,0.9492469157572314,0.9383931623931623,0.9411764705882353,1.0
1872,1,5,73,0.9492469157572314,0.9383931623931623,0.9411764705882353,1.0
1873,1,5,74,0.9492469157572314,0.9383931623931623,0.9411764705882353,1.0
1874,1,5,75,0.9492469157572314,0.9383931623931623,0.9411764705882353,1.0
1875,1,5,76,0.9492469157572314,0.9383931623931623,0.9411764705882353,1.0
1876,1,5,77,0.9492469157572314,0.9383931623931623,0.9411764705882353,1.0
1877,1,5,78,0.9492469157572314,0.9383931623931623,0.9411764705882353,0.0
1878,1,5,79,0.9492469157572314,0.9383931623931623,0.9411764705882353,0.0
1879,1,5,80,0.9492469157572314,0.9383931623931623,0.9411764705882353,1.0
1880,1,5,81,0.9492469157572314,0.9383931623931623,0.9411764705882353,1.0
1881,1,5,82,0.9492469157572314,0.9383931623931623,0.9411764705882353,0.0
1882,1,5,83,0.9492469157572314,0.9383931623931623,0.9411764705882353,1.0
1883,1,5,84,0.9492469157572314,0.9383931623931623,0.9411764705882353,1.0
1884,1,5,85,0.9492469157572314,0.9383931623931623,0.9411764705882353,0.0
1885,1,5,86,0.9492469157572314,0.9383931623931623,0.9411764705882353,2.0
1886,1,5,87,0.9492469157572314,0.9383931623931623,0.9411764705882353,2.0
1887,1,5,88,0.9492469157572314,0.9383931623931623,0.9411764705882353,2.0
1888,1,5,89,0.9492469157572314,0.9383931623931623,0.9411764705882353,0.0
1889,1,5,90,0.9492469157572314,0.9383931623931623,0.9411764705882353,0.0
1890,1,5,91,0.9492469157572314,0.9383931623931623,0.9411764705882353,0.0
1891,1,5,92,0.9492469157572314,0.9383931623931623,0.9411764705882353,3.0
1892,1,5,93,0.9492469157572314,0.9383931623931623,0.9411764705882353,1.0
1893,1,5,94,0.9492469157572314,0.9383931623931623,0.9411764705882353,1.0
1894,1,5,95,0.9492469157572314,0.9383931623931623,0.9411764705882353,2.0
1895,1,5,96,0.9492469157572314,0.9383931623931623,0.9411764705882353,0.0
1896,1,5,97,0.9492469157572314,0.9383931623931623,0.9411764705882353,0.0
1897,1,5,98,0.9492469157572314,0.9383931623931623,0.9411764705882353,2.0
1898,1,5,99,0.9492469157572314,0.9383931623931623,0.9411764705882353,0.0
1899,1,5,100,0.9492469157572314,0.9383931623931623,0.9411764705882353,1.0
1900,1,5,101,0.9492469157572314,0.9383931623931623,0.9411764705882353,0.0
1901,1,5,102,0.9492469157572314,0.9383931623931623,0.9411764705882353,2.0
1902,1,5,103,0.9492469157572314,0.9383931623931623,0.9411764705882353,2.0
1903,1,5,104,0.9492469157572314,0.9383931623931623,0.9411764705882353,0.0
1904,1,5,105,0.9492469157572314,0.9383931623931623,0.9411764705882353,2.0
1905,1,5,106,0.9492469157572314,0.9383931623931623,0.9411764705882353,0.0
1906,1,5,107,0.9492469157572314,0.9383931623931623,0.9411764705882353,1.0
1907,1,5,108,0.9492469157572314,0.9383931623931623,0.9411764705882353,2.0
1908,1,5,109,0.9492469157572314,0.9383931623931623,0.9411764705882353,1.0
1909,1,5,110,0.9492469157572314,0.9383931623931623,0.9411764705882353,1.0
1910,1,5,111,0.9492469157572314,0.9383931623931623,0.9411764705882353,0.0
1911,1,5,112,0.9492469157572314,0.9383931623931623,0.9411764705882353,0.0
1912,1,5,113,0.9492469157572314,0.9383931623931623,0.9411764705882353,0.0
1913,1,5,114,0.9492469157572314,0.9383931623931623,0.9411764705882353,2.0
1914,1,5,115,0.9492469157572314,0.9383931623931623,0.9411764705882353,1.0
1915,1,5,116,0.9492469157572314,0.9383931623931623,0.9411764705882353,1.0
1916,1,5,117,0.9492469157572314,0.9383931623931623,0.9411764705882353,0.0
1917,1,5,118,0.9492469157572314,0.9383931623931623,0.9411764705882353,0.0
1918,1,5,119,0.9492469157572314,0.9383931623931623,0.9411764705882353,3.0
1919,1,5,120,0.9492469157572314,0.9383931623931623,0.9411764705882353,2.0
1920,1,5,121,0.9492469157572314,0.9383931623931623,0.9411764705882353,0.0
1921,1,5,122,0.9492469157572314,0.9383931623931623,0.9411764705882353,0.0
1922,1,5,123,0.9492469157572314,0.9383931623931623,0.9411764705882353,3.0
1923,1,5,124,0.9492469157572314,0.9383931623931623,0.9411764705882353,0.0
1924,1,5,125,0.9492469157572314,0.9383931623931623,0.9411764705882353,2.0
1925,1,5,126,0.9492469157572314,0.9383931623931623,0.9411764705882353,0.0
1926,1,5,127,0.9492469157572314,0.9383931623931623,0.9411764705882353,1.0
1927,1,5,128,0.9492469157572314,0.9383931623931623,0.9411764705882353,0.0
1928,1,5,129,0.9492469157572314,0.9383931623931623,0.9411764705882353,1.0
1929,1,5,130,0.9492469157572314,0.9383931623931623,0.9411764705882353,2.0
1930,1,5,131,0.9492469157572314,0.9383931623931623,0.9411764705882353,0.0
1931,1,5,132,0.9492469157572314,0.9383931623931623,0.9411764705882353,1.0
1932,1,5,133,0.9492469157572314,0.9383931623931623,0.9411764705882353,1.0
1933,1,5,134,0.9492469157572314,0.9383931623931623,0.9411764705882353,1.0
1934,1,5,135,0.9492469157572314,0.9383931623931623,0.9411764705882353,0.0
1935,1,5,136,0.9492469157572314,0.9383931623931623,0.9411764705882353,1.0
1936,1,5,137,0.9492469157572314,0.9383931623931623,0.9411764705882353,3.0
1937,1,5,138,0.9492469157572314,0.9383931623931623,0.9411764705882353,0.0
1938,1,5,139,0.9492469157572314,0.9383931623931623,0.9411764705882353,1.0
1939,1,5,140,0.9492469157572314,0.9383931623931623,0.9411764705882353,1.0
1940,1,5,141,0.9492469157572314,0.9383931623931623,0.9411764705882353,1.0
1941,1,5,142,0.9492469157572314,0.9383931623931623,0.9411764705882353,0.0
1942,1,5,143,0.9492469157572314,0.9383931623931623,0.9411764705882353,1.0
1943,1,5,144,0.9492469157572314,0.9383931623931623,0.9411764705882353,3.0
1944,1,5,145,0.9492469157572314,0.9383931623931623,0.9411764705882353,0.0
1945,1,5,146,0.9492469157572314,0.9383931623931623,0.9411764705882353,0.0
1946,1,5,147,0.9492469157572314,0.9383931623931623,0.9411764705882353,1.0
1947,1,5,148,0.9492469157572314,0.9383931623931623,0.9411764705882353,1.0
1948,1,5,149,0.9492469157572314,0.9383931623931623,0.9411764705882353,2.0
1949,1,5,150,0.9492469157572314,0.9383931623931623,0.9411764705882353,1.0
1950,1,5,151,0.9492469157572314,0.9383931623931623,0.9411764705882353,1.0
1951,1,5,152,0.9492469157572314,0.9383931623931623,0.9411764705882353,0.0
1952,1,5,153,0.9492469157572314,0.9383931623931623,0.9411764705882353,2.0
1953,1,5,154,0.9492469157572314,0.9383931623931623,0.9411764705882353,1.0
1954,1,5,155,0.9492469157572314,0.9383931623931623,0.9411764705882353,1.0
1955,1,5,156,0.9492469157572314,0.9383931623931623,0.9411764705882353,0.0
1956,1,5,157,0.9492469157572314,0.9383931623931623,0.9411764705882353,1.0
1957,1,5,158,0.9492469157572314,0.9383931623931623,0.9411764705882353,1.0
1958,1,5,159,0.9492469157572314,0.9383931623931623,0.9411764705882353,0.0
1959,1,5,160,0.9492469157572314,0.9383931623931623,0.9411764705882353,3.0
1960,1,5,161,0.9492469157572314,0.9383931623931623,0.9411764705882353,1.0
1961,1,5,162,0.9492469157572314,0.9383931623931623,0.9411764705882353,0.0
1962,1,5,163,0.9492469157572314,0.9383931623931623,0.9411764705882353,0.0
1963,1,5,164,0.9492469157572314,0.9383931623931623,0.9411764705882353,1.0
1964,1,5,165,0.9492469157572314,0.9383931623931623,0.9411764705882353,1.0
1965,1,5,166,0.9492469157572314,0.9383931623931623,0.9411764705882353,1.0
1966,1,5,167,0.9492469157572314,0.9383931623931623,0.9411764705882353,1.0
1967,1,5,168,0.9492469157572314,0.9383931623931623,0.9411764705882353,3.0
1968,1,5,169,0.9492469157572314,0.9383931623931623,0.9411764705882353,1.0
1969,1,5,170,0.9492469157572314,0.9383931623931623,0.9411764705882353,0.0
1970,1,5,171,0.9492469157572314,0.9383931623931623,0.9411764705882353,1.0
1971,1,5,172,0.9492469157572314,0.9383931623931623,0.9411764705882353,0.0
1972,1,5,173,0.9492469157572314,0.9383931623931623,0.9411764705882353,0.0
1973,1,5,174,0.9492469157572314,0.9383931623931623,0.9411764705882353,1.0
1974,1,5,175,0.9492469157572314,0.9383931623931623,0.9411764705882353,2.0
1975,1,5,176,0.9492469157572314,0.9383931623931623,0.9411764705882353,3.0
1976,1,5,177,0.9492469157572314,0.9383931623931623,0.9411764705882353,0.0
1977,1,5,178,0.9492469157572314,0.9383931623931623,0.9411764705882353,0.0
1978,1,5,179,0.9492469157572314,0.9383931623931623,0.9411764705882353,1.0
1979,1,5,180,0.9492469157572314,0.9383931623931623,0.9411764705882353,2.0
1980,1,5,181,0.9492469157572314,0.9383931623931623,0.9411764705882353,0.0
1981,1,5,182,0.9492469157572314,0.9383931623931623,0.9411764705882353,2.0
1982,1,5,183,0.9492469157572314,0.9383931623931623,0.9411764705882353,2.0
1983,1,5,184,0.9492469157572314,0.9383931623931623,0.9411764705882353,1.0
1984,1,5,185,0.9492469157572314,0.9383931623931623,0.9411764705882353,1.0
1985,1,5,186,0.9492469157572314,0.9383931623931623,0.9411764705882353,0.0
1986,1,5,187,0.9492469157572314,0.9383931623931623,0.9411764705882353,0.0
1987,1,5,188,0.9492469157572314,0.9383931623931623,0.9411764705882353,0.0
1988,1,5,189,0.9492469157572314,0.9383931623931623,0.9411764705882353,0.0
1989,1,5,190,0.9492469157572314,0.9383931623931623,0.9411764705882353,1.0
1990,1,5,191,0.9492469157572314,0.9383931623931623,0.9411764705882353,2.0
1991,1,5,192,0.9492469157572314,0.9383931623931623,0.9411764705882353,0.0
1992,1,5,193,0.9492469157572314,0.9383931623931623,0.9411764705882353,3.0
1993,1,5,194,0.9492469157572314,0.9383931623931623,0.9411764705882353,2.0
1994,1,5,195,0.9492469157572314,0.9383931623931623,0.9411764705882353,1.0
1995,1,5,196,0.9492469157572314,0.9383931623931623,0.9411764705882353,2.0
1996,1,5,197,0.9492469157572314,0.9383931623931623,0.9411764705882353,0.0
1997,1,5,198,0.9492469157572314,0.9383931623931623,0.9411764705882353,1.0
1998,1,5,199,0.9492469157572314,0.9383931623931623,0.9411764705882353,1.0
1999,1,5,200,0.9492469157572314,0.9383931623931623,0.9411764705882353,1.0
2000,2,1,1,0.9387753815088967,0.9166593406593406,0.9411764705882353,0.0
2001,2,1,2,0.9387753815088967,0.9166593406593406,0.9411764705882353,0.0
2002,2,1,3,0.9387753815088967,0.9166593406593406,0.9411764705882353,0.0
2003,2,1,4,0.941307326071918,0.9246137566137567,0.875,0.0
2004,2,1,5,0.941307326071918,0.9246137566137567,0.875,0.0
2005,2,1,6,0.941307326071918,0.9246137566137567,0.875,0.0
2006,2,1,7,0.941307326071918,0.9246137566137567,0.875,0.0
2007,2,1,8,0.941307326071918,0.9246137566137567,0.875,0.0
2008,2,1,9,0.941307326071918,0.9246137566137567,0.875,0.0
2009,2,1,10,0.941307326071918,0.9246137566137567,0.875,0.0
2010,2,1,11,0.941307326071918,0.9246137566137567,0.875,0.0
2011,2,1,12,0.941307326071918,0.9246137566137567,0.875,0.0
2012,2,1,13,0.941307326071918,0.9246137566137567,0.875,0.0
2013,2,1,14,0.941307326071918,0.9246137566137567,0.875,1.0
2014,2,1,15,0.941307326071918,0.9246137566137567,0.875,1.0
2015,2,1,16,0.941307326071918,0.9246137566137567,0.875,0.0
2016,2,1,17,0.941307326071918,0.9246137566137567,0.875,0.0
2017,2,1,18,0.941307326071918,0.9246137566137567,0.875,0.0
2018,2,1,19,0.941307326071918,0.9246137566137567,0.875,2.0
2019,2,1,20,0.941307326071918,0.9246137566137567,0.875,0.0
2020,2,1,21,0.941307326071918,0.9246137566137567,0.875,0.0
2021,2,1,22,0.941307326071918,0.9246137566137567,0.875,2.0
2022,2,1,23,0.941307326071918,0.9246137566137567,0.875,0.0
2023,2,1,24,0.941307326071918,0.9246137566137567,0.875,1.0
2024,2,1,25,0.9389985064797131,0.9246365486365485,0.9411764705882353,0.0
2025,2,1,26,0.9389985064797131,0.9246365486365485,0.9411764705882353,0.0
2026,2,1,27,0.9389985064797131,0.9246365486365485,0.9411764705882353,0.0
2027,2,1,28,0.9465086704928997,0.9320211640211639,0.875,1.0
2028,2,1,29,0.9465086704928997,0.9320211640211639,0.875,1.0
2029,2,1,30,0.9465086704928997,0.9320211640211639,0.875,1.0
2030,2,1,31,0.9465086704928997,0.9320211640211639,0.875,2.0
2031,2,1,32,0.9465086704928997,0.9320211640211639,0.875,1.0
2032,2,1,33,0.9465086704928997,0.9320211640211639,0.875,2.0
2033,2,1,34,0.9465086704928997,0.9320211640211639,0.875,0.0
2034,2,1,35,0.9465086704928997,0.9320211640211639,0.875,0.0
2035,2,1,36,0.9465086704928997,0.9320211640211639,0.875,2.0
2036,2,1,37,0.9465086704928997,0.9320211640211639,0.875,0.0
2037,2,1,38,0.9465086704928997,0.9320211640211639,0.875,0.0
2038,2,1,39,0.9465086704928997,0.9320211640211639,0.875,1.0
2039,2,1,40,0.9465086704928997,0.9320211640211639,0.875,0.0
2040,2,1,41,0.9465086704928997,0.9320211640211639,0.875,1.0
2041,2,1,42,0.9465086704928997,0.9320211640211639,0.875,1.0
2042,2,1,43,0.9465086704928997,0.9320211640211639,0.875,2.0
2043,2,1,44,0.9465086704928997,0.9320211640211639,0.875,1.0
2044,2,1,45,0.9465086704928997,0.9320211640211639,0.875,1.0
2045,2,1,46,0.9465086704928997,0.9320211640211639,0.875,1.0
2046,2,1,47,0.9465086704928997,0.9320211640211639,0.875,3.0
2047,2,1,48,0.9465086704928997,0.9320211640211639,0.875,2.0
2048,2,1,49,0.9465086704928997,0.9320211640211639,0.875,1.0
2049,2,1,50,0.9465086704928997,0.9320211640211639,0.875,0.0
2050,2,1,51,0.9465086704928997,0.9320211640211639,0.875,1.0
2051,2,1,52,0.9465086704928997,0.9320211640211639,0.875,0.0
2052,2,1,53,0.9465086704928997,0.9320211640211639,0.875,1.0
2053,2,1,54,0.9465086704928997,0.9320211640211639,0.875,0.0
2054,2,1,55,0.9465086704928997,0.9320211640211639,0.875,0.0
2055,2,1,56,0.9465086704928997,0.9320211640211639,0.875,0.0
2056,2,1,57,0.9465086704928997,0.9320211640211639,0.875,1.0
2057,2,1,58,0.9465086704928997,0.9320211640211639,0.875,3.0
2058,2,1,59,0.9465086704928997,0.9320211640211639,0.875,1.0
2059,2,1,60,0.9465086704928997,0.9320211640211639,0.875,2.0
2060,2,1,61,0.9465086704928997,0.9320211640211639,0.875,0.0
2061,2,1,62,0.9465086704928997,0.9320211640211639,0.875,0.0
2062,2,1,63,0.9465086704928997,0.9320211640211639,0.875,1.0
2063,2,1,64,0.9465086704928997,0.9320211640211639,0.875,1.0
2064,2,1,65,0.9465086704928997,0.9320211640211639,0.875,2.0
2065,2,1,66,0.9465086704928997,0.9320211640211639,0.875,2.0
2066,2,1,67,0.9465086704928997,0.9320211640211639,0.875,0.0
2067,2,1,68,0.9465086704928997,0.9320211640211639,0.875,0.0
2068,2,1,69,0.9465086704928997,0.9320211640211639,0.875,0.0
2069,2,1,70,0.9465086704928997,0.9320211640211639,0.875,2.0
2070,2,1,71,0.9465086704928997,0.9320211640211639,0.875,1.0
2071,2,1,72,0.9465086704928997,0.9320211640211639,0.875,0.0
2072,2,1,73,0.9465086704928997,0.9320211640211639,0.875,3.0
2073,2,1,74,0.9465086704928997,0.9320211640211639,0.875,0.0
2074,2,1,75,0.9465086704928997,0.9320211640211639,0.875,0.0
2075,2,1,76,0.9465086704928997,0.9320211640211639,0.875,1.0
2076,2,1,77,0.9465086704928997,0.9320211640211639,0.875,1.0
2077,2,1,78,0.9465086704928997,0.9320211640211639,0.875,3.0
2078,2,1,79,0.9465086704928997,0.9320211640211639,0.875,1.0
2079,2,1,80,0.9465086704928997,0.9320211640211639,0.875,1.0
2080,2,1,81,0.9465086704928997,0.9320211640211639,0.875,1.0
2081,2,1,82,0.9465086704928997,0.9320211640211639,0.875,1.0
2082,2,1,83,0.9465086704928997,0.9320211640211639,0.875,0.0
2083,2,1,84,0.9465086704928997,0.9320211640211639,0.875,0.0
2084,2,1,85,0.9465086704928997,0.9320211640211639,0.875,1.0
2085,2,1,86,0.9465086704928997,0.9320211640211639,0.875,0.0
2086,2,1,87,0.9465086704928997,0.9320211640211639,0.875,1.0
2087,2,1,88,0.9465086704928997,0.9320211640211639,0.875,2.0
2088,2,1,89,0.9465086704928997,0.9320211640211639,0.875,0.0
2089,2,1,90,0.9465086704928997,0.9320211640211639,0.875,2.0
2090,2,1,91,0.9465086704928997,0.9320211640211639,0.875,1.0
2091,2,1,92,0.9465086704928997,0.9320211640211639,0.875,0.0
2092,2,1,93,0.9465086704928997,0.9320211640211639,0.875,2.0
2093,2,1,94,0.9465086704928997,0.9320211640211639,0.875,2.0
2094,2,1,95,0.9465086704928997,0.9320211640211639,0.875,0.0
2095,2,1,96,0.9465086704928997,0.9320211640211639,0.875,1.0
2096,2,1,97,0.9465086704928997,0.9320211640211639,0.875,1.0
2097,2,1,98,0.9465086704928997,0.9320211640211639,0.875,0.0
2098,2,1,99,0.9465086704928997,0.9320211640211639,0.875,0.0
2099,2,1,100,0.9465086704928997,0.9320211640211639,0.875,0.0
2100,2,1,101,0.9465086704928997,0.9320211640211639,0.875,1.0
2101,2,1,102,0.9465086704928997,0.9320211640211639,0.875,0.0
2102,2,1,103,0.9465086704928997,0.9320211640211639,0.875,3.0
2103,2,1,104,0.9465086704928997,0.9320211640211639,0.875,0.0
2104,2,1,105,0.9465086704928997,0.9320211640211639,0.875,3.0
2105,2,1,106,0.9465086704928997,0.9320211640211639,0.875,2.0
2106,2,1,107,0.9465086704928997,0.9320211640211639,0.875,0.0
2107,2,1,108,0.9465086704928997,0.9320211640211639,0.875,0.0
2108,2,1,109,0.9465086704928997,0.9320211640211639,0.875,1.0
2109,2,1,110,0.9465086704928997,0.9320211640211639,0.875,2.0
2110,2,1,111,0.9465086704928997,0.9320211640211639,0.875,2.0
2111,2,1,112,0.9465086704928997,0.9320211640211639,0.875,0.0
2112,2,1,113,0.9465086704928997,0.9320211640211639,0.875,0.0
2113,2,1,114,0.9465086704928997,0.9320211640211639,0.875,0.0
2114,2,1,115,0.9465086704928997,0.9320211640211639,0.875,0.0
2115,2,1,116,0.9465086704928997,0.9320211640211639,0.875,0.0
2116,2,1,117,0.9465086704928997,0.9320211640211639,0.875,1.0
2117,2,1,118,0.9465086704928997,0.9320211640211639,0.875,1.0
2118,2,1,119,0.9465086704928997,0.9320211640211639,0.875,2.0
2119,2,1,120,0.9465086704928997,0.9320211640211639,0.875,3.0
2120,2,1,121,0.9465086704928997,0.9320211640211639,0.875,1.0
2121,2,1,122,0.9465086704928997,0.9320211640211639,0.875,1.0
2122,2,1,123,0.9465086704928997,0.9320211640211639,0.875,0.0
2123,2,1,124,0.9465086704928997,0.9320211640211639,0.875,2.0
2124,2,1,125,0.9465086704928997,0.9320211640211639,0.875,2.0
2125,2,1,126,0.9465086704928997,0.9320211640211639,0.875,0.0
2126,2,1,127,0.9465086704928997,0.9320211640211639,0.875,0.0
2127,2,1,128,0.9465086704928997,0.9320211640211639,0.875,0.0
2128,2,1,129,0.9465086704928997,0.9320211640211639,0.875,1.0
2129,2,1,130,0.9465086704928997,0.9320211640211639,0.875,1.0
2130,2,1,131,0.9465086704928997,0.9320211640211639,0.875,0.0
2131,2,1,132,0.9465086704928997,0.9320211640211639,0.875,1.0
2132,2,1,133,0.9465086704928997,0.9320211640211639,0.875,2.0
2133,2,1,134,0.9465086704928997,0.9320211640211639,0.875,2.0
2134,2,1,135,0.9465086704928997,0.9320211640211639,0.875,0.0
2135,2,1,136,0.9465086704928997,0.9320211640211639,0.875,3.0
2136,2,1,137,0.9465086704928997,0.9320211640211639,0.875,1.0
2137,2,1,138,0.9465086704928997,0.9320211640211639,0.875,1.0
2138,2,1,139,0.9465086704928997,0.9320211640211639,0.875,0.0
2139,2,1,140,0.9465086704928997,0.9320211640211639,0.875,0.0
2140,2,1,141,0.9465086704928997,0.9320211640211639,0.875,2.0
2141,2,1,142,0.9465086704928997,0.9320211640211639,0.875,1.0
2142,2,1,143,0.9465086704928997,0.9320211640211639,0.875,0.0
2143,2,1,144,0.9465086704928997,0.9320211640211639,0.875,0.0
2144,2,1,145,0.9465086704928997,0.9320211640211639,0.875,1.0
2145,2,1,146,0.9465086704928997,0.9320211640211639,0.875,3.0
2146,2,1,147,0.9465086704928997,0.9320211640211639,0.875,1.0
2147,2,1,148,0.9465086704928997,0.9320211640211639,0.875,1.0
2148,2,1,149,0.9465086704928997,0.9320211640211639,0.875,1.0
2149,2,1,150,0.9465086704928997,0.9320211640211639,0.875,0.0
2150,2,1,151,0.9465086704928997,0.9320211640211639,0.875,4.0
2151,2,1,152,0.9465086704928997,0.9320211640211639,0.875,0.0
2152,2,1,153,0.9465086704928997,0.9320211640211639,0.875,0.0
2153,2,1,154,0.9465086704928997,0.9320211640211639,0.875,0.0
2154,2,1,155,0.9465086704928997,0.9320211640211639,0.875,1.0
2155,2,1,156,0.9465086704928997,0.9320211640211639,0.875,0.0
2156,2,1,157,0.9465086704928997,0.9320211640211639,0.875,1.0
2157,2,1,158,0.9465086704928997,0.9320211640211639,0.875,1.0
2158,2,1,159,0.9465086704928997,0.9320211640211639,0.875,1.0
2159,2,1,160,0.9465086704928997,0.9320211640211639,0.875,1.0
2160,2,1,161,0.9465086704928997,0.9320211640211639,0.875,2.0
2161,2,1,162,0.9465086704928997,0.9320211640211639,0.875,1.0
2162,2,1,163,0.9465086704928997,0.9320211640211639,0.875,2.0
2163,2,1,164,0.9465086704928997,0.9320211640211639,0.875,2.0
2164,2,1,165,0.9465086704928997,0.9320211640211639,0.875,1.0
2165,2,1,166,0.9465086704928997,0.9320211640211639,0.875,1.0
2166,2,1,167,0.9465086704928997,0.9320211640211639,0.875,0.0
2167,2,1,168,0.9465086704928997,0.9320211640211639,0.875,1.0
2168,2,1,169,0.9465086704928997,0.9320211640211639,0.875,0.0
2169,2,1,170,0.9465086704928997,0.9320211640211639,0.875,0.0
2170,2,1,171,0.9465086704928997,0.9320211640211639,0.875,0.0
2171,2,1,172,0.9465086704928997,0.9320211640211639,0.875,0.0
2172,2,1,173,0.9465086704928997,0.9320211640211639,0.875,1.0
2173,2,1,174,0.9465086704928997,0.9320211640211639,0.875,2.0
2174,2,1,175,0.9465086704928997,0.9320211640211639,0.875,1.0
2175,2,1,176,0.9465086704928997,0.9320211640211639,0.875,2.0
2176,2,1,177,0.9465086704928997,0.9320211640211639,0.875,2.0
2177,2,1,178,0.9465086704928997,0.9320211640211639,0.875,1.0
2178,2,1,179,0.9465086704928997,0.9320211640211639,0.875,2.0
2179,2,1,180,0.9465086704928997,0.9320211640211639,0.875,1.0
2180,2,1,181,0.9465086704928997,0.9320211640211639,0.875,1.0
2181,2,1,182,0.9465086704928997,0.9320211640211639,0.875,2.0
2182,2,1,183,0.9465086704928997,0.9320211640211639,0.875,0.0
2183,2,1,184,0.9465086704928997,0.9320211640211639,0.875,0.0
2184,2,1,185,0.9465086704928997,0.9320211640211639,0.875,0.0
2185,2,1,186,0.9465086704928997,0.9320211640211639,0.875,0.0
2186,2,1,187,0.9465086704928997,0.9320211640211639,0.875,2.0
2187,2,1,188,0.9465086704928997,0.9320211640211639,0.875,0.0
2188,2,1,189,0.9465086704928997,0.9320211640211639,0.875,2.0
2189,2,1,190,0.9465086704928997,0.9320211640211639,0.875,0.0
2190,2,1,191,0.9465086704928997,0.9320211640211639,0.875,3.0
2191,2,1,192,0.9465086704928997,0.9320211640211639,0.875,2.0
2192,2,1,193,0.9465086704928997,0.9320211640211639,0.875,0.0
2193,2,1,194,0.9465086704928997,0.9320211640211639,0.875,0.0
2194,2,1,195,0.9465086704928997,0.9320211640211639,0.875,1.0
2195,2,1,196,0.9465086704928997,0.9320211640211639,0.875,0.0
2196,2,1,197,0.9465086704928997,0.9320211640211639,0.875,1.0
2197,2,1,198,0.9465086704928997,0.9320211640211639,0.875,1.0
2198,2,1,199,0.9465086704928997,0.9320211640211639,0.875,2.0
2199,2,1,200,0.9465086704928997,0.9320211640211639,0.875,1.0
2200,2,2,1,0.9400791551558612,0.897588089330025,0.9696969696969697,0.0
2201,2,2,2,0.9400791551558612,0.897588089330025,0.9696969696969697,0.0
2202,2,2,3,0.9345748675849187,0.8986869904289261,0.9696969696969697,0.0
2203,2,2,4,0.9345748675849187,0.8986869904289261,0.9696969696969697,0.0
2204,2,2,5,0.9345748675849187,0.9055652973072329,0.9032258064516129,0.0
2205,2,2,6,0.9345748675849187,0.9055652973072329,0.9032258064516129,0.0
2206,2,2,7,0.9345748675849187,0.9055652973072329,0.9032258064516129,0.0
2207,2,2,8,0.9345748675849187,0.9055652973072329,0.9032258064516129,0.0
2208,2,2,9,0.9345748675849187,0.9055652973072329,0.9032258064516129,0.0
2209,2,2,10,0.9345748675849187,0.9055652973072329,0.9032258064516129,0.0
2210,2,2,11,0.9345748675849187,0.9055652973072329,0.9032258064516129,0.0
2211,2,2,12,0.9345748675849187,0.9055652973072329,0.9032258064516129,1.0
2212,2,2,13,0.9441985989846586,0.9135425052844408,0.9696969696969697,0.0
2213,2,2,14,0.9441985989846586,0.9135425052844408,0.9696969696969697,0.0
2214,2,2,15,0.9441985989846586,0.9135425052844408,0.9696969696969697,0.0
2215,2,2,16,0.9441985989846586,0.9135425052844408,0.9696969696969697,0.0
2216,2,2,17,0.9441985989846586,0.9135425052844408,0.9696969696969697,1.0
2217,2,2,18,0.9441985989846586,0.9135425052844408,0.9696969696969697,1.0
2218,2,2,19,0.9441985989846586,0.9135425052844408,0.9696969696969697,0.0
2219,2,2,20,0.9441985989846586,0.9135425052844408,0.9696969696969697,1.0
2220,2,2,21,0.9441985989846586,0.9135425052844408,0.9696969696969697,0.0
2221,2,2,22,0.9441985989846586,0.9135425052844408,0.9696969696969697,1.0
2222,2,2,23,0.9441985989846586,0.9135425052844408,0.9696969696969697,1.0
2223,2,2,24,0.9441985989846586,0.9135425052844408,0.9696969696969697,0.0
2224,2,2,25,0.9441985989846586,0.9135425052844408,0.9696969696969697,0.0
2225,2,2,26,0.9441985989846586,0.9135425052844408,0.9696969696969697,1.0
2226,2,2,27,0.9441985989846586,0.9135425052844408,0.9696969696969697,2.0
2227,2,2,28,0.9441985989846586,0.9135425052844408,0.9696969696969697,0.0
2228,2,2,29,0.9441985989846586,0.9135425052844408,0.9696969696969697,1.0
2229,2,2,30,0.9441985989846586,0.9135425052844408,0.9696969696969697,1.0
2230,2,2,31,0.9441985989846586,0.9135425052844408,0.9696969696969697,0.0
2231,2,2,32,0.9441985989846586,0.9135425052844408,0.9696969696969697,0.0
2232,2,2,33,0.9441985989846586,0.9135425052844408,0.9696969696969697,0.0
2233,2,2,34,0.9441985989846586,0.9135425052844408,0.9696969696969697,0.0
2234,2,2,35,0.9441985989846586,0.9135425052844408,0.9696969696969697,3.0
2235,2,2,36,0.9441985989846586,0.9135425052844408,0.9696969696969697,1.0
2236,2,2,37,0.9441985989846586,0.9135425052844408,0.9696969696969697,2.0
2237,2,2,38,0.9441985989846586,0.9135425052844408,0.9696969696969697,0.0
2238,2,2,39,0.9441985989846586,0.9135425052844408,0.9696969696969697,0.0
2239,2,2,40,0.9441985989846586,0.9135425052844408,0.9696969696969697,0.0
2240,2,2,41,0.9441985989846586,0.9135425052844408,0.9696969696969697,2.0
2241,2,2,42,0.9441985989846586,0.9135425052844408,0.9696969696969697,0.0
2242,2,2,43,0.9441985989846586,0.9135425052844408,0.9696969696969697,3.0
2243,2,2,44,0.9441985989846586,0.9135425052844408,0.9696969696969697,0.0
2244,2,2,45,0.9441985989846586,0.9135425052844408,0.9696969696969697,3.0
2245,2,2,46,0.9441985989846586,0.9135425052844408,0.9696969696969697,0.0
2246,2,2,47,0.9441985989846586,0.9135425052844408,0.9696969696969697,0.0
2247,2,2,48,0.9441985989846586,0.9135425052844408,0.9696969696969697,1.0
2248,2,2,49,0.9441985989846586,0.9135425052844408,0.9696969696969697,0.0
2249,2,2,50,0.9441985989846586,0.9135425052844408,0.9696969696969697,2.0
2250,2,2,51,0.9441985989846586,0.9135425052844408,0.9696969696969697,0.0
2251,2,2,52,0.9441985989846586,0.9135425052844408,0.9696969696969697,2.0
2252,2,2,53,0.9441985989846586,0.9135425052844408,0.9696969696969697,1.0
2253,2,2,54,0.9441985989846586,0.9135425052844408,0.9696969696969697,0.0
2254,2,2,55,0.9441985989846586,0.9135425052844408,0.9696969696969697,2.0
2255,2,2,56,0.9441985989846586,0.9135425052844408,0.9696969696969697,2.0
2256,2,2,57,0.9441985989846586,0.9135425052844408,0.9696969696969697,0.0
2257,2,2,58,0.9441985989846586,0.9135425052844408,0.9696969696969697,1.0
2258,2,2,59,0.9441985989846586,0.9135425052844408,0.9696969696969697,0.0
2259,2,2,60,0.9441985989846586,0.9135425052844408,0.9696969696969697,2.0
2260,2,2,61,0.9441985989846586,0.9135425052844408,0.9696969696969697,1.0
2261,2,2,62,0.9441985989846586,0.9135425052844408,0.9696969696969697,0.0
2262,2,2,63,0.9441985989846586,0.9135425052844408,0.9696969696969697,1.0
2263,2,2,64,0.9441985989846586,0.9135425052844408,0.9696969696969697,0.0
2264,2,2,65,0.9441985989846586,0.9135425052844408,0.9696969696969697,2.0
2265,2,2,66,0.9441985989846586,0.9135425052844408,0.9696969696969697,2.0
2266,2,2,67,0.9441985989846586,0.9135425052844408,0.9696969696969697,2.0
2267,2,2,68,0.9441985989846586,0.9135425052844408,0.9696969696969697,1.0
2268,2,2,69,0.9441985989846586,0.9135425052844408,0.9696969696969697,0.0
2269,2,2,70,0.9441985989846586,0.9135425052844408,0.9696969696969697,2.0
2270,2,2,71,0.9441985989846586,0.9135425052844408,0.9696969696969697,0.0
2271,2,2,72,0.9441985989846586,0.9135425052844408,0.9696969696969697,1.0
2272,2,2,73,0.9441985989846586,0.9135425052844408,0.9696969696969697,0.0
2273,2,2,74,0.9441985989846586,0.9135425052844408,0.9696969696969697,0.0
2274,2,2,75,0.9441985989846586,0.9135425052844408,0.9696969696969697,1.0
2275,2,2,76,0.9441985989846586,0.9135425052844408,0.9696969696969697,1.0
2276,2,2,77,0.9441985989846586,0.9135425052844408,0.9696969696969697,2.0
2277,2,2,78,0.9441985989846586,0.9135425052844408,0.9696969696969697,0.0
2278,2,2,79,0.9441985989846586,0.9135425052844408,0.9696969696969697,1.0
2279,2,2,80,0.9441985989846586,0.9135425052844408,0.9696969696969697,1.0
2280,2,2,81,0.9441985989846586,0.9135425052844408,0.9696969696969697,2.0
2281,2,2,82,0.9441985989846586,0.9135425052844408,0.9696969696969697,0.0
2282,2,2,83,0.9441985989846586,0.9135425052844408,0.9696969696969697,3.0
2283,2,2,84,0.9441985989846586,0.9135425052844408,0.9696969696969697,0.0
2284,2,2,85,0.9441985989846586,0.9135425052844408,0.9696969696969697,2.0
2285,2,2,86,0.9441985989846586,0.9135425052844408,0.9696969696969697,1.0
2286,2,2,87,0.9441985989846586,0.9135425052844408,0.9696969696969697,0.0
2287,2,2,88,0.9441985989846586,0.9135425052844408,0.9696969696969697,1.0
2288,2,2,89,0.9441985989846586,0.9135425052844408,0.9696969696969697,0.0
2289,2,2,90,0.9441985989846586,0.9135425052844408,0.9696969696969697,0.0
2290,2,2,91,0.9441985989846586,0.9135425052844408,0.9696969696969697,1.0
2291,2,2,92,0.9441985989846586,0.9135425052844408,0.9696969696969697,0.0
2292,2,2,93,0.9441985989846586,0.9135425052844408,0.9696969696969697,1.0
2293,2,2,94,0.9441985989846586,0.9135425052844408,0.9696969696969697,0.0
2294,2,2,95,0.9441985989846586,0.9135425052844408,0.9696969696969697,2.0
2295,2,2,96,0.9441985989846586,0.9135425052844408,0.9696969696969697,1.0
2296,2,2,97,0.9441985989846586,0.9135425052844408,0.9696969696969697,0.0
2297,2,2,98,0.9441985989846586,0.9135425052844408,0.9696969696969697,4.0
2298,2,2,99,0.9441985989846586,0.9135425052844408,0.9696969696969697,3.0
2299,2,2,100,0.9441985989846586,0.9135425052844408,0.9696969696969697,2.0
2300,2,2,101,0.9441985989846586,0.9135425052844408,0.9696969696969697,0.0
2301,2,2,102,0.9441985989846586,0.9135425052844408,0.9696969696969697,0.0
2302,2,2,103,0.9441985989846586,0.9135425052844408,0.9696969696969697,0.0
2303,2,2,104,0.9441985989846586,0.9135425052844408,0.9696969696969697,0.0
2304,2,2,105,0.9441985989846586,0.9135425052844408,0.9696969696969697,0.0
2305,2,2,106,0.9441985989846586,0.9135425052844408,0.9696969696969697,1.0
2306,2,2,107,0.9441985989846586,0.9135425052844408,0.9696969696969697,1.0
2307,2,2,108,0.9441985989846586,0.9135425052844408,0.9696969696969697,0.0
2308,2,2,109,0.9441985989846586,0.9135425052844408,0.9696969696969697,0.0
2309,2,2,110,0.9441985989846586,0.9135425052844408,0.9696969696969697,2.0
2310,2,2,111,0.9441985989846586,0.9135425052844408,0.9696969696969697,2.0
2311,2,2,112,0.9441985989846586,0.9135425052844408,0.9696969696969697,3.0
2312,2,2,113,0.9441985989846586,0.9135425052844408,0.9696969696969697,2.0
2313,2,2,114,0.9441985989846586,0.9135425052844408,0.9696969696969697,1.0
2314,2,2,115,0.9441985989846586,0.9135425052844408,0.9696969696969697,1.0
2315,2,2,116,0.9441985989846586,0.9135425052844408,0.9696969696969697,1.0
2316,2,2,117,0.9441985989846586,0.9135425052844408,0.9696969696969697,0.0
2317,2,2,118,0.9441985989846586,0.9135425052844408,0.9696969696969697,0.0
2318,2,2,119,0.9441985989846586,0.9135425052844408,0.9696969696969697,0.0
2319,2,2,120,0.9441985989846586,0.9135425052844408,0.9696969696969697,0.0
2320,2,2,121,0.9441985989846586,0.9135425052844408,0.9696969696969697,0.0
2321,2,2,122,0.9441985989846586,0.9135425052844408,0.9696969696969697,0.0
2322,2,2,123,0.9441985989846586,0.9135425052844408,0.9696969696969697,0.0
2323,2,2,124,0.9441985989846586,0.9135425052844408,0.9696969696969697,2.0
2324,2,2,125,0.9441985989846586,0.9135425052844408,0.9696969696969697,0.0
2325,2,2,126,0.9441985989846586,0.9135425052844408,0.9696969696969697,3.0
2326,2,2,127,0.9441985989846586,0.9135425052844408,0.9696969696969697,5.0
2327,2,2,128,0.9441985989846586,0.9135425052844408,0.9696969696969697,1.0
2328,2,2,129,0.9441985989846586,0.9135425052844408,0.9696969696969697,0.0
2329,2,2,130,0.9441985989846586,0.9135425052844408,0.9696969696969697,1.0
2330,2,2,131,0.9441985989846586,0.9135425052844408,0.9696969696969697,0.0
2331,2,2,132,0.9441985989846586,0.9135425052844408,0.9696969696969697,0.0
2332,2,2,133,0.9441985989846586,0.9135425052844408,0.9696969696969697,3.0
2333,2,2,134,0.9441985989846586,0.9135425052844408,0.9696969696969697,0.0
2334,2,2,135,0.9441985989846586,0.9135425052844408,0.9696969696969697,0.0
2335,2,2,136,0.9441985989846586,0.9135425052844408,0.9696969696969697,0.0
2336,2,2,137,0.9441985989846586,0.9135425052844408,0.9696969696969697,0.0
2337,2,2,138,0.9441985989846586,0.9135425052844408,0.9696969696969697,0.0
2338,2,2,139,0.9441985989846586,0.9135425052844408,0.9696969696969697,0.0
2339,2,2,140,0.9441985989846586,0.9135425052844408,0.9696969696969697,3.0
2340,2,2,141,0.9441985989846586,0.9135425052844408,0.9696969696969697,2.0
2341,2,2,142,0.9441985989846586,0.9135425052844408,0.9696969696969697,2.0
2342,2,2,143,0.9441985989846586,0.9135425052844408,0.9696969696969697,2.0
2343,2,2,144,0.9441985989846586,0.9135425052844408,0.9696969696969697,1.0
2344,2,2,145,0.9441985989846586,0.9135425052844408,0.9696969696969697,0.0
2345,2,2,146,0.9441985989846586,0.9135425052844408,0.9696969696969697,0.0
2346,2,2,147,0.9441985989846586,0.9135425052844408,0.9696969696969697,2.0
2347,2,2,148,0.9441985989846586,0.9135425052844408,0.9696969696969697,0.0
2348,2,2,149,0.9441985989846586,0.9135425052844408,0.9696969696969697,1.0
2349,2,2,150,0.9441985989846586,0.9135425052844408,0.9696969696969697,2.0
2350,2,2,151,0.9441985989846586,0.9135425052844408,0.9696969696969697,0.0
2351,2,2,152,0.9441985989846586,0.9135425052844408,0.9696969696969697,0.0
2352,2,2,153,0.9441985989846586,0.9135425052844408,0.9696969696969697,0.0
2353,2,2,154,0.9441985989846586,0.9135425052844408,0.9696969696969697,0.0
2354,2,2,155,0.9441985989846586,0.9135425052844408,0.9696969696969697,3.0
2355,2,2,156,0.9441985989846586,0.9135425052844408,0.9696969696969697,2.0
2356,2,2,157,0.9441985989846586,0.9135425052844408,0.9696969696969697,2.0
2357,2,2,158,0.9441985989846586,0.9135425052844408,0.9696969696969697,1.0
2358,2,2,159,0.9441985989846586,0.9135425052844408,0.9696969696969697,1.0
2359,2,2,160,0.9441985989846586,0.9135425052844408,0.9696969696969697,2.0
2360,2,2,161,0.9441985989846586,0.9135425052844408,0.9696969696969697,0.0
2361,2,2,162,0.9441985989846586,0.9135425052844408,0.9696969696969697,0.0
2362,2,2,163,0.9441985989846586,0.9135425052844408,0.9696969696969697,2.0
2363,2,2,164,0.9441985989846586,0.9135425052844408,0.9696969696969697,0.0
2364,2,2,165,0.9441985989846586,0.9135425052844408,0.9696969696969697,0.0
2365,2,2,166,0.9441985989846586,0.9135425052844408,0.9696969696969697,1.0
2366,2,2,167,0.9441985989846586,0.9135425052844408,0.9696969696969697,1.0
2367,2,2,168,0.9441985989846586,0.9135425052844408,0.9696969696969697,0.0
2368,2,2,169,0.9441985989846586,0.9135425052844408,0.9696969696969697,1.0
2369,2,2,170,0.9441985989846586,0.9135425052844408,0.9696969696969697,1.0
2370,2,2,171,0.9441985989846586,0.9135425052844408,0.9696969696969697,3.0
2371,2,2,172,0.9441985989846586,0.9135425052844408,0.9696969696969697,1.0
2372,2,2,173,0.9441985989846586,0.9135425052844408,0.9696969696969697,2.0
2373,2,2,174,0.9441985989846586,0.9135425052844408,0.9696969696969697,1.0
2374,2,2,175,0.9441985989846586,0.9135425052844408,0.9696969696969697,1.0
2375,2,2,176,0.9441985989846586,0.9135425052844408,0.9696969696969697,1.0
2376,2,2,177,0.9441985989846586,0.9135425052844408,0.9696969696969697,0.0
2377,2,2,178,0.9441985989846586,0.9135425052844408,0.9696969696969697,0.0
2378,2,2,179,0.9441985989846586,0.9135425052844408,0.9696969696969697,2.0
2379,2,2,180,0.9441985989846586,0.9135425052844408,0.9696969696969697,1.0
2380,2,2,181,0.9441985989846586,0.9135425052844408,0.9696969696969697,1.0
2381,2,2,182,0.9441985989846586,0.9135425052844408,0.9696969696969697,0.0
2382,2,2,183,0.9441985989846586,0.9135425052844408,0.9696969696969697,1.0
2383,2,2,184,0.9441985989846586,0.9135425052844408,0.9696969696969697,1.0
2384,2,2,185,0.9441985989846586,0.9135425052844408,0.9696969696969697,1.0
2385,2,2,186,0.9441985989846586,0.9135425052844408,0.9696969696969697,0.0
2386,2,2,187,0.9441985989846586,0.9135425052844408,0.9696969696969697,2.0
2387,2,2,188,0.9441985989846586,0.9135425052844408,0.9696969696969697,2.0
2388,2,2,189,0.9441985989846586,0.9135425052844408,0.9696969696969697,1.0
2389,2,2,190,0.9441985989846586,0.9135425052844408,0.9696969696969697,0.0
2390,2,2,191,0.9441985989846586,0.9135425052844408,0.9696969696969697,2.0
2391,2,2,192,0.9441985989846586,0.9135425052844408,0.9696969696969697,1.0
2392,2,2,193,0.9441985989846586,0.9135425052844408,0.9696969696969697,0.0
2393,2,2,194,0.9441985989846586,0.9135425052844408,0.9696969696969697,0.0
2394,2,2,195,0.9441985989846586,0.9135425052844408,0.9696969696969697,2.0
2395,2,2,196,0.9441985989846586,0.9135425052844408,0.9696969696969697,2.0
2396,2,2,197,0.9441985989846586,0.9135425052844408,0.9696969696969697,1.0
2397,2,2,198,0.9441985989846586,0.9135425052844408,0.9696969696969697,2.0
2398,2,2,199,0.9441985989846586,0.9135425052844408,0.9696969696969697,0.0
2399,2,2,200,0.9441985989846586,0.9135425052844408,0.9696969696969697,0.0
2400,2,3,1,0.9466690639167703,0.9006827246827246,0.9375,0.0
2401,2,3,2,0.9466690639167703,0.9006827246827246,0.9375,0.0
2402,2,3,3,0.9527242672196801,0.9092981092981093,0.9375,0.0
2403,2,3,4,0.9527242672196801,0.9092981092981093,0.9375,0.0
2404,2,3,5,0.9527242672196801,0.9092981092981093,0.9375,0.0
2405,2,3,6,0.9527242672196801,0.9092981092981093,0.9375,0.0
2406,2,3,7,0.9527242672196801,0.9092981092981093,0.9375,0.0
2407,2,3,8,0.9527242672196801,0.9092981092981093,0.9375,0.0
2408,2,3,9,0.9527242672196801,0.9092981092981093,0.9375,0.0
2409,2,3,10,0.9546601146601146,0.9172753172753172,0.9090909090909091,0.0
2410,2,3,11,0.9546601146601146,0.9172753172753172,0.9090909090909091,0.0
2411,2,3,12,0.9546601146601146,0.9172753172753172,0.9090909090909091,0.0
2412,2,3,13,0.9546601146601146,0.9172753172753172,0.9090909090909091,0.0
2413,2,3,14,0.9546601146601146,0.9172753172753172,0.9090909090909091,1.0
2414,2,3,15,0.9546601146601146,0.9172753172753172,0.9090909090909091,0.0
2415,2,3,16,0.9546601146601146,0.9172753172753172,0.9090909090909091,0.0
2416,2,3,17,0.9546601146601146,0.9172753172753172,0.9090909090909091,0.0
2417,2,3,18,0.9546601146601146,0.9172753172753172,0.9090909090909091,1.0
2418,2,3,19,0.9546601146601146,0.9172753172753172,0.9090909090909091,0.0
2419,2,3,20,0.9546601146601146,0.9172753172753172,0.9090909090909091,1.0
2420,2,3,21,0.9546601146601146,0.9172753172753172,0.9090909090909091,0.0
2421,2,3,22,0.9546601146601146,0.9172753172753172,0.9090909090909091,1.0
2422,2,3,23,0.9546601146601146,0.9172753172753172,0.9090909090909091,1.0
2423,2,3,24,0.9546601146601146,0.9172753172753172,0.9090909090909091,0.0
2424,2,3,25,0.9546601146601146,0.9172753172753172,0.9090909090909091,2.0
2425,2,3,26,0.9546601146601146,0.9172753172753172,0.9090909090909091,2.0
2426,2,3,27,0.9546601146601146,0.9172753172753172,0.9090909090909091,0.0
2427,2,3,28,0.9546601146601146,0.9172753172753172,0.9090909090909091,0.0
2428,2,3,29,0.9546601146601146,0.9172753172753172,0.9090909090909091,1.0
2429,2,3,30,0.9546601146601146,0.9172753172753172,0.9090909090909091,0.0
2430,2,3,31,0.9546601146601146,0.9172753172753172,0.9090909090909091,0.0
2431,2,3,32,0.9546601146601146,0.9172753172753172,0.9090909090909091,0.0
2432,2,3,33,0.9546601146601146,0.9172753172753172,0.9090909090909091,0.0
2433,2,3,34,0.9546601146601146,0.9172753172753172,0.9090909090909091,1.0
2434,2,3,35,0.9546601146601146,0.9172753172753172,0.9090909090909091,2.0
2435,2,3,36,0.9546601146601146,0.9172753172753172,0.9090909090909091,1.0
2436,2,3,37,0.9546601146601146,0.9172753172753172,0.9090909090909091,0.0
2437,2,3,38,0.9546601146601146,0.9172753172753172,0.9090909090909091,1.0
2438,2,3,39,0.9546601146601146,0.9172753172753172,0.9090909090909091,1.0
2439,2,3,40,0.9546601146601146,0.9172753172753172,0.9090909090909091,2.0
2440,2,3,41,0.9546601146601146,0.9172753172753172,0.9090909090909091,1.0
2441,2,3,42,0.9546601146601146,0.9172753172753172,0.9090909090909091,4.0
2442,2,3,43,0.9546601146601146,0.9172753172753172,0.9090909090909091,1.0
2443,2,3,44,0.9546601146601146,0.9172753172753172,0.9090909090909091,0.0
2444,2,3,45,0.9546601146601146,0.9172753172753172,0.9090909090909091,0.0
2445,2,3,46,0.9546601146601146,0.9172753172753172,0.9090909090909091,1.0
2446,2,3,47,0.9546601146601146,0.9172753172753172,0.9090909090909091,0.0
2447,2,3,48,0.9546601146601146,0.9172753172753172,0.9090909090909091,0.0
2448,2,3,49,0.9546601146601146,0.9172753172753172,0.9090909090909091,0.0
2449,2,3,50,0.9546601146601146,0.9172753172753172,0.9090909090909091,3.0
2450,2,3,51,0.9546601146601146,0.9172753172753172,0.9090909090909091,2.0
2451,2,3,52,0.9546601146601146,0.9172753172753172,0.9090909090909091,0.0
2452,2,3,53,0.9546601146601146,0.9172753172753172,0.9090909090909091,0.0
2453,2,3,54,0.9546601146601146,0.9172753172753172,0.9090909090909091,0.0
2454,2,3,55,0.9546601146601146,0.9172753172753172,0.9090909090909091,1.0
2455,2,3,56,0.9546601146601146,0.9172753172753172,0.9090909090909091,1.0
2456,2,3,57,0.9546601146601146,0.9172753172753172,0.9090909090909091,6.0
2457,2,3,58,0.9546601146601146,0.9172753172753172,0.9090909090909091,0.0
2458,2,3,59,0.9546601146601146,0.9172753172753172,0.9090909090909091,1.0
2459,2,3,60,0.9546601146601146,0.9172753172753172,0.9090909090909091,0.0
2460,2,3,61,0.9546601146601146,0.9172753172753172,0.9090909090909091,1.0
2461,2,3,62,0.9546601146601146,0.9172753172753172,0.9090909090909091,0.0
2462,2,3,63,0.9546601146601146,0.9172753172753172,0.9090909090909091,0.0
2463,2,3,64,0.9546601146601146,0.9172753172753172,0.9090909090909091,1.0
2464,2,3,65,0.9546601146601146,0.9172753172753172,0.9090909090909091,2.0
2465,2,3,66,0.9546601146601146,0.9172753172753172,0.9090909090909091,1.0
2466,2,3,67,0.9546601146601146,0.9172753172753172,0.9090909090909091,1.0
2467,2,3,68,0.9546601146601146,0.9172753172753172,0.9090909090909091,0.0
2468,2,3,69,0.9546601146601146,0.9172753172753172,0.9090909090909091,0.0
2469,2,3,70,0.9546601146601146,0.9172753172753172,0.9090909090909091,1.0
2470,2,3,71,0.9546601146601146,0.9172753172753172,0.9090909090909091,2.0
2471,2,3,72,0.9546601146601146,0.9172753172753172,0.9090909090909091,0.0
2472,2,3,73,0.9546601146601146,0.9172753172753172,0.9090909090909091,4.0
2473,2,3,74,0.9546601146601146,0.9172753172753172,0.9090909090909091,1.0
2474,2,3,75,0.9546601146601146,0.9172753172753172,0.9090909090909091,0.0
2475,2,3,76,0.9546601146601146,0.9172753172753172,0.9090909090909091,2.0
2476,2,3,77,0.9546601146601146,0.9172753172753172,0.9090909090909091,1.0
2477,2,3,78,0.9546601146601146,0.9172753172753172,0.9090909090909091,0.0
2478,2,3,79,0.9546601146601146,0.9172753172753172,0.9090909090909091,0.0
2479,2,3,80,0.9546601146601146,0.9172753172753172,0.9090909090909091,1.0
2480,2,3,81,0.9546601146601146,0.9172753172753172,0.9090909090909091,0.0
2481,2,3,82,0.9546601146601146,0.9172753172753172,0.9090909090909091,1.0
2482,2,3,83,0.9546601146601146,0.9172753172753172,0.9090909090909091,2.0
2483,2,3,84,0.9546601146601146,0.9172753172753172,0.9090909090909091,1.0
2484,2,3,85,0.9546601146601146,0.9172753172753172,0.9090909090909091,1.0
2485,2,3,86,0.9546601146601146,0.9172753172753172,0.9090909090909091,0.0
2486,2,3,87,0.9546601146601146,0.9172753172753172,0.9090909090909091,1.0
2487,2,3,88,0.9546601146601146,0.9172753172753172,0.9090909090909091,1.0
2488,2,3,89,0.9546601146601146,0.9172753172753172,0.9090909090909091,3.0
2489,2,3,90,0.9546601146601146,0.9172753172753172,0.9090909090909091,3.0
2490,2,3,91,0.9546601146601146,0.9172753172753172,0.9090909090909091,0.0
2491,2,3,92,0.9546601146601146,0.9172753172753172,0.9090909090909091,0.0
2492,2,3,93,0.9546601146601146,0.9172753172753172,0.9090909090909091,0.0
2493,2,3,94,0.9546601146601146,0.9172753172753172,0.9090909090909091,1.0
2494,2,3,95,0.9546601146601146,0.9172753172753172,0.9090909090909091,0.0
2495,2,3,96,0.9546601146601146,0.9172753172753172,0.9090909090909091,1.0
2496,2,3,97,0.9546601146601146,0.9172753172753172,0.9090909090909091,1.0
2497,2,3,98,0.9546601146601146,0.9172753172753172,0.9090909090909091,0.0
2498,2,3,99,0.9546601146601146,0.9172753172753172,0.9090909090909091,3.0
2499,2,3,100,0.9546601146601146,0.9172753172753172,0.9090909090909091,0.0
2500,2,3,101,0.9546601146601146,0.9172753172753172,0.9090909090909091,1.0
2501,2,3,102,0.9546601146601146,0.9172753172753172,0.9090909090909091,1.0
2502,2,3,103,0.9546601146601146,0.9172753172753172,0.9090909090909091,1.0
2503,2,3,104,0.9546601146601146,0.9172753172753172,0.9090909090909091,3.0
2504,2,3,105,0.9546601146601146,0.9172753172753172,0.9090909090909091,1.0
2505,2,3,106,0.9546601146601146,0.9172753172753172,0.9090909090909091,0.0
2506,2,3,107,0.9546601146601146,0.9172753172753172,0.9090909090909091,2.0
2507,2,3,108,0.9546601146601146,0.9172753172753172,0.9090909090909091,1.0
2508,2,3,109,0.9546601146601146,0.9172753172753172,0.9090909090909091,0.0
2509,2,3,110,0.9546601146601146,0.9172753172753172,0.9090909090909091,1.0
2510,2,3,111,0.9546601146601146,0.9172753172753172,0.9090909090909091,0.0
2511,2,3,112,0.9546601146601146,0.9172753172753172,0.9090909090909091,0.0
2512,2,3,113,0.9546601146601146,0.9172753172753172,0.9090909090909091,1.0
2513,2,3,114,0.9546601146601146,0.9172753172753172,0.9090909090909091,2.0
2514,2,3,115,0.9546601146601146,0.9172753172753172,0.9090909090909091,0.0
2515,2,3,116,0.9546601146601146,0.9172753172753172,0.9090909090909091,1.0
2516,2,3,117,0.9546601146601146,0.9172753172753172,0.9090909090909091,2.0
2517,2,3,118,0.9546601146601146,0.9172753172753172,0.9090909090909091,3.0
2518,2,3,119,0.9546601146601146,0.9172753172753172,0.9090909090909091,1.0
2519,2,3,120,0.9546601146601146,0.9172753172753172,0.9090909090909091,1.0
2520,2,3,121,0.9546601146601146,0.9172753172753172,0.9090909090909091,0.0
2521,2,3,122,0.9546601146601146,0.9172753172753172,0.9090909090909091,1.0
2522,2,3,123,0.9546601146601146,0.9172753172753172,0.9090909090909091,1.0
2523,2,3,124,0.9546601146601146,0.9172753172753172,0.9090909090909091,0.0
2524,2,3,125,0.9546601146601146,0.9172753172753172,0.9090909090909091,0.0
2525,2,3,126,0.9546601146601146,0.9172753172753172,0.9090909090909091,1.0
2526,2,3,127,0.9546601146601146,0.9172753172753172,0.9090909090909091,1.0
2527,2,3,128,0.9546601146601146,0.9172753172753172,0.9090909090909091,0.0
2528,2,3,129,0.9546601146601146,0.9172753172753172,0.9090909090909091,1.0
2529,2,3,130,0.9546601146601146,0.9172753172753172,0.9090909090909091,2.0
2530,2,3,131,0.9546601146601146,0.9172753172753172,0.9090909090909091,1.0
2531,2,3,132,0.9546601146601146,0.9172753172753172,0.9090909090909091,2.0
2532,2,3,133,0.9546601146601146,0.9172753172753172,0.9090909090909091,3.0
2533,2,3,134,0.9546601146601146,0.9172753172753172,0.9090909090909091,0.0
2534,2,3,135,0.9546601146601146,0.9172753172753172,0.9090909090909091,2.0
2535,2,3,136,0.9546601146601146,0.9172753172753172,0.9090909090909091,0.0
2536,2,3,137,0.9546601146601146,0.9172753172753172,0.9090909090909091,0.0
2537,2,3,138,0.9546601146601146,0.9172753172753172,0.9090909090909091,1.0
2538,2,3,139,0.9546601146601146,0.9172753172753172,0.9090909090909091,2.0
2539,2,3,140,0.9546601146601146,0.9172753172753172,0.9090909090909091,0.0
2540,2,3,141,0.9546601146601146,0.9172753172753172,0.9090909090909091,2.0
2541,2,3,142,0.9546601146601146,0.9172753172753172,0.9090909090909091,0.0
2542,2,3,143,0.9546601146601146,0.9172753172753172,0.9090909090909091,1.0
2543,2,3,144,0.9546601146601146,0.9172753172753172,0.9090909090909091,1.0
2544,2,3,145,0.9546601146601146,0.9172753172753172,0.9090909090909091,0.0
2545,2,3,146,0.9546601146601146,0.9172753172753172,0.9090909090909091,0.0
2546,2,3,147,0.9546601146601146,0.9172753172753172,0.9090909090909091,2.0
2547,2,3,148,0.9546601146601146,0.9172753172753172,0.9090909090909091,1.0
2548,2,3,149,0.9546601146601146,0.9172753172753172,0.9090909090909091,1.0
2549,2,3,150,0.9546601146601146,0.9172753172753172,0.9090909090909091,3.0
2550,2,3,151,0.9546601146601146,0.9172753172753172,0.9090909090909091,2.0
2551,2,3,152,0.9546601146601146,0.9172753172753172,0.9090909090909091,0.0
2552,2,3,153,0.9546601146601146,0.9172753172753172,0.9090909090909091,0.0
2553,2,3,154,0.9546601146601146,0.9172753172753172,0.9090909090909091,1.0
2554,2,3,155,0.9546601146601146,0.9172753172753172,0.9090909090909091,1.0
2555,2,3,156,0.9546601146601146,0.9172753172753172,0.9090909090909091,0.0
2556,2,3,157,0.9546601146601146,0.9172753172753172,0.9090909090909091,0.0
2557,2,3,158,0.9546601146601146,0.9172753172753172,0.9090909090909091,2.0
2558,2,3,159,0.9546601146601146,0.9172753172753172,0.9090909090909091,1.0
2559,2,3,160,0.9546601146601146,0.9172753172753172,0.9090909090909091,2.0
2560,2,3,161,0.9546601146601146,0.9172753172753172,0.9090909090909091,0.0
2561,2,3,162,0.9546601146601146,0.9172753172753172,0.9090909090909091,1.0
2562,2,3,163,0.9546601146601146,0.9172753172753172,0.9090909090909091,2.0
2563,2,3,164,0.9546601146601146,0.9172753172753172,0.9090909090909091,0.0
2564,2,3,165,0.9546601146601146,0.9172753172753172,0.9090909090909091,1.0
2565,2,3,166,0.9546601146601146,0.9172753172753172,0.9090909090909091,3.0
2566,2,3,167,0.9546601146601146,0.9172753172753172,0.9090909090909091,0.0
2567,2,3,168,0.9546601146601146,0.9172753172753172,0.9090909090909091,0.0
2568,2,3,169,0.9546601146601146,0.9172753172753172,0.9090909090909091,2.0
2569,2,3,170,0.9546601146601146,0.9172753172753172,0.9090909090909091,0.0
2570,2,3,171,0.9546601146601146,0.9172753172753172,0.9090909090909091,0.0
2571,2,3,172,0.9546601146601146,0.9172753172753172,0.9090909090909091,1.0
2572,2,3,173,0.9546601146601146,0.9172753172753172,0.9090909090909091,2.0
2573,2,3,174,0.9546601146601146,0.9172753172753172,0.9090909090909091,2.0
2574,2,3,175,0.9546601146601146,0.9172753172753172,0.9090909090909091,1.0
2575,2,3,176,0.9546601146601146,0.9172753172753172,0.9090909090909091,0.0
2576,2,3,177,0.9546601146601146,0.9172753172753172,0.9090909090909091,0.0
2577,2,3,178,0.9546601146601146,0.9172753172753172,0.9090909090909091,1.0
2578,2,3,179,0.9546601146601146,0.9172753172753172,0.9090909090909091,2.0
2579,2,3,180,0.9546601146601146,0.9172753172753172,0.9090909090909091,1.0
2580,2,3,181,0.9546601146601146,0.9172753172753172,0.9090909090909091,0.0
2581,2,3,182,0.9546601146601146,0.9172753172753172,0.9090909090909091,2.0
2582,2,3,183,0.9546601146601146,0.9172753172753172,0.9090909090909091,1.0
2583,2,3,184,0.9546601146601146,0.9172753172753172,0.9090909090909091,1.0
2584,2,3,185,0.9546601146601146,0.9172753172753172,0.9090909090909091,0.0
2585,2,3,186,0.9546601146601146,0.9172753172753172,0.9090909090909091,2.0
2586,2,3,187,0.9546601146601146,0.9172753172753172,0.9090909090909091,1.0
2587,2,3,188,0.9546601146601146,0.9172753172753172,0.9090909090909091,2.0
2588,2,3,189,0.9546601146601146,0.9172753172753172,0.9090909090909091,0.0
2589,2,3,190,0.9546601146601146,0.9172753172753172,0.9090909090909091,1.0
2590,2,3,191,0.9546601146601146,0.9172753172753172,0.9090909090909091,0.0
2591,2,3,192,0.9546601146601146,0.9172753172753172,0.9090909090909091,2.0
2592,2,3,193,0.9546601146601146,0.9172753172753172,0.9090909090909091,0.0
2593,2,3,194,0.9546601146601146,0.9172753172753172,0.9090909090909091,2.0
2594,2,3,195,0.9546601146601146,0.9172753172753172,0.9090909090909091,1.0
2595,2,3,196,0.9546601146601146,0.9172753172753172,0.9090909090909091,2.0
2596,2,3,197,0.9546601146601146,0.9172753172753172,0.9090909090909091,0.0
2597,2,3,198,0.9546601146601146,0.9172753172753172,0.9090909090909091,0.0
2598,2,3,199,0.9546601146601146,0.9172753172753172,0.9090909090909091,1.0
2599,2,3,200,0.9546601146601146,0.9172753172753172,0.9090909090909091,1.0
2600,2,4,1,0.9514309768395014,0.947008547008547,0.875,0.0
2601,2,4,2,0.9514309768395014,0.947008547008547,0.875,0.0
2602,2,4,3,0.9514309768395014,0.947008547008547,0.875,0.0
2603,2,4,4,0.9514309768395014,0.947008547008547,0.875,0.0
2604,2,4,5,0.9514309768395014,0.947008547008547,0.875,0.0
2605,2,4,6,0.9514309768395014,0.947008547008547,0.875,0.0
2606,2,4,7,0.9514309768395014,0.947008547008547,0.875,0.0
2607,2,4,8,0.9514309768395014,0.947008547008547,0.875,0.0
2608,2,4,9,0.9514691379794536,0.9481074481074481,0.875,0.0
2609,2,4,10,0.9514691379794536,0.9481074481074481,0.875,0.0
2610,2,4,11,0.9514691379794536,0.9481074481074481,0.875,0.0
2611,2,4,12,0.9514691379794536,0.9481074481074481,0.875,1.0
2612,2,4,13,0.9514691379794536,0.9481074481074481,0.875,0.0
2613,2,4,14,0.9553075218178375,0.9481481481481481,0.875,0.0
2614,2,4,15,0.9553075218178375,0.9481481481481481,0.875,0.0
2615,2,4,16,0.9553075218178375,0.9481481481481481,0.875,0.0
2616,2,4,17,0.9553075218178375,0.9481481481481481,0.875,0.0
2617,2,4,18,0.9553075218178375,0.9481481481481481,0.875,0.0
2618,2,4,19,0.9553075218178375,0.9481481481481481,0.875,0.0
2619,2,4,20,0.9553075218178375,0.9481481481481481,0.875,1.0
2620,2,4,21,0.9553075218178375,0.9481481481481481,0.875,1.0
2621,2,4,22,0.9553075218178375,0.9481481481481481,0.875,1.0
2622,2,4,23,0.9553075218178375,0.9481481481481481,0.875,1.0
2623,2,4,24,0.9553075218178375,0.9481481481481481,0.875,1.0
2624,2,4,25,0.9553075218178375,0.9481481481481481,0.875,0.0
2625,2,4,26,0.9553075218178375,0.9481481481481481,0.875,2.0
2626,2,4,27,0.9553075218178375,0.9481481481481481,0.875,1.0
2627,2,4,28,0.9571112286682733,0.9549857549857549,0.875,0.0
2628,2,4,29,0.9571112286682733,0.9549857549857549,0.875,1.0
2629,2,4,30,0.9571112286682733,0.9549857549857549,0.875,1.0
2630,2,4,31,0.9571112286682733,0.9549857549857549,0.875,0.0
2631,2,4,32,0.9571112286682733,0.9549857549857549,0.875,2.0
2632,2,4,33,0.9571112286682733,0.9549857549857549,0.875,0.0
2633,2,4,34,0.9571112286682733,0.9549857549857549,0.875,2.0
2634,2,4,35,0.9571112286682733,0.9549857549857549,0.875,2.0
2635,2,4,36,0.9571112286682733,0.9549857549857549,0.875,0.0
2636,2,4,37,0.9571112286682733,0.9549857549857549,0.875,1.0
2637,2,4,38,0.9571112286682733,0.9549857549857549,0.875,1.0
2638,2,4,39,0.9571112286682733,0.9549857549857549,0.875,1.0
2639,2,4,40,0.9571112286682733,0.9549857549857549,0.875,0.0
2640,2,4,41,0.9571112286682733,0.9549857549857549,0.875,0.0
2641,2,4,42,0.9571112286682733,0.9549857549857549,0.875,2.0
2642,2,4,43,0.9571112286682733,0.9549857549857549,0.875,0.0
2643,2,4,44,0.9571112286682733,0.9549857549857549,0.875,2.0
2644,2,4,45,0.9571112286682733,0.9549857549857549,0.875,0.0
2645,2,4,46,0.9571112286682733,0.9549857549857549,0.875,0.0
2646,2,4,47,0.9571112286682733,0.9549857549857549,0.875,1.0
2647,2,4,48,0.9571112286682733,0.9549857549857549,0.875,1.0
2648,2,4,49,0.9571112286682733,0.9549857549857549,0.875,2.0
2649,2,4,50,0.9571112286682733,0.9549857549857549,0.875,0.0
2650,2,4,51,0.9571112286682733,0.9549857549857549,0.875,1.0
2651,2,4,52,0.9571112286682733,0.9549857549857549,0.875,1.0
2652,2,4,53,0.9571112286682733,0.9549857549857549,0.875,2.0
2653,2,4,54,0.9571112286682733,0.9549857549857549,0.875,0.0
2654,2,4,55,0.9571112286682733,0.9549857549857549,0.875,2.0
2655,2,4,56,0.9571112286682733,0.9549857549857549,0.875,1.0
2656,2,4,57,0.9571112286682733,0.9549857549857549,0.875,0.0
2657,2,4,58,0.9571112286682733,0.9549857549857549,0.875,0.0
2658,2,4,59,0.9571112286682733,0.9549857549857549,0.875,1.0
2659,2,4,60,0.9571112286682733,0.9549857549857549,0.875,2.0
2660,2,4,61,0.9571112286682733,0.9549857549857549,0.875,0.0
2661,2,4,62,0.9571112286682733,0.9549857549857549,0.875,0.0
2662,2,4,63,0.9571112286682733,0.9549857549857549,0.875,2.0
2663,2,4,64,0.9571112286682733,0.9549857549857549,0.875,1.0
2664,2,4,65,0.9571112286682733,0.9549857549857549,0.875,0.0
2665,2,4,66,0.9571112286682733,0.9549857549857549,0.875,0.0
2666,2,4,67,0.9571112286682733,0.9549857549857549,0.875,3.0
2667,2,4,68,0.9571112286682733,0.9549857549857549,0.875,1.0
2668,2,4,69,0.9571112286682733,0.9549857549857549,0.875,1.0
2669,2,4,70,0.9571112286682733,0.9549857549857549,0.875,1.0
2670,2,4,71,0.9571112286682733,0.9549857549857549,0.875,1.0
2671,2,4,72,0.9571112286682733,0.9549857549857549,0.875,1.0
2672,2,4,73,0.9571112286682733,0.9549857549857549,0.875,0.0
2673,2,4,74,0.9571112286682733,0.9549857549857549,0.875,1.0
2674,2,4,75,0.9571112286682733,0.9549857549857549,0.875,3.0
2675,2,4,76,0.9571112286682733,0.9549857549857549,0.875,0.0
2676,2,4,77,0.9571112286682733,0.9549857549857549,0.875,1.0
2677,2,4,78,0.9571112286682733,0.9549857549857549,0.875,0.0
2678,2,4,79,0.9571112286682733,0.9549857549857549,0.875,1.0
2679,2,4,80,0.9571112286682733,0.9549857549857549,0.875,0.0
2680,2,4,81,0.9571112286682733,0.9549857549857549,0.875,1.0
2681,2,4,82,0.9571112286682733,0.9549857549857549,0.875,1.0
2682,2,4,83,0.9571112286682733,0.9549857549857549,0.875,0.0
2683,2,4,84,0.9571112286682733,0.9549857549857549,0.875,1.0
2684,2,4,85,0.9571112286682733,0.9549857549857549,0.875,2.0
2685,2,4,86,0.9571112286682733,0.9549857549857549,0.875,2.0
2686,2,4,87,0.9571112286682733,0.9549857549857549,0.875,3.0
2687,2,4,88,0.9571112286682733,0.9549857549857549,0.875,0.0
2688,2,4,89,0.9571112286682733,0.9549857549857549,0.875,0.0
2689,2,4,90,0.9571112286682733,0.9549857549857549,0.875,1.0
2690,2,4,91,0.9571112286682733,0.9549857549857549,0.875,1.0
2691,2,4,92,0.9571112286682733,0.9549857549857549,0.875,1.0
2692,2,4,93,0.9571112286682733,0.9549857549857549,0.875,2.0
2693,2,4,94,0.9571112286682733,0.9549857549857549,0.875,0.0
2694,2,4,95,0.9571112286682733,0.9549857549857549,0.875,1.0
2695,2,4,96,0.9571112286682733,0.9549857549857549,0.875,0.0
2696,2,4,97,0.9571112286682733,0.9549857549857549,0.875,1.0
2697,2,4,98,0.9571112286682733,0.9549857549857549,0.875,1.0
2698,2,4,99,0.9571112286682733,0.9549857549857549,0.875,1.0
2699,2,4,100,0.9571112286682733,0.9549857549857549,0.875,1.0
2700,2,4,101,0.9571112286682733,0.9549857549857549,0.875,0.0
2701,2,4,102,0.9571112286682733,0.9549857549857549,0.875,2.0
2702,2,4,103,0.9571112286682733,0.9549857549857549,0.875,3.0
2703,2,4,104,0.9571112286682733,0.9549857549857549,0.875,1.0
2704,2,4,105,0.9571112286682733,0.9549857549857549,0.875,1.0
2705,2,4,106,0.9571112286682733,0.9549857549857549,0.875,1.0
2706,2,4,107,0.9571112286682733,0.9549857549857549,0.875,1.0
2707,2,4,108,0.9571112286682733,0.9549857549857549,0.875,1.0
2708,2,4,109,0.9571112286682733,0.9549857549857549,0.875,1.0
2709,2,4,110,0.9571112286682733,0.9549857549857549,0.875,0.0
2710,2,4,111,0.9571112286682733,0.9549857549857549,0.875,0.0
2711,2,4,112,0.9571112286682733,0.9549857549857549,0.875,0.0
2712,2,4,113,0.9571112286682733,0.9549857549857549,0.875,0.0
2713,2,4,114,0.9571112286682733,0.9549857549857549,0.875,1.0
2714,2,4,115,0.9571112286682733,0.9549857549857549,0.875,1.0
2715,2,4,116,0.9571112286682733,0.9549857549857549,0.875,1.0
2716,2,4,117,0.9571112286682733,0.9549857549857549,0.875,3.0
2717,2,4,118,0.9571112286682733,0.9549857549857549,0.875,0.0
2718,2,4,119,0.9571112286682733,0.9549857549857549,0.875,3.0
2719,2,4,120,0.9571112286682733,0.9549857549857549,0.875,1.0
2720,2,4,121,0.9571112286682733,0.9549857549857549,0.875,2.0
2721,2,4,122,0.9571112286682733,0.9549857549857549,0.875,1.0
2722,2,4,123,0.9571112286682733,0.9549857549857549,0.875,1.0
2723,2,4,124,0.9571112286682733,0.9549857549857549,0.875,1.0
2724,2,4,125,0.9571112286682733,0.9549857549857549,0.875,0.0
2725,2,4,126,0.9571112286682733,0.9549857549857549,0.875,0.0
2726,2,4,127,0.9571112286682733,0.9549857549857549,0.875,0.0
2727,2,4,128,0.9571112286682733,0.9549857549857549,0.875,1.0
2728,2,4,129,0.9571112286682733,0.9549857549857549,0.875,0.0
2729,2,4,130,0.9571112286682733,0.9549857549857549,0.875,2.0
2730,2,4,131,0.9571112286682733,0.9549857549857549,0.875,0.0
2731,2,4,132,0.9571112286682733,0.9549857549857549,0.875,1.0
2732,2,4,133,0.9571112286682733,0.9549857549857549,0.875,2.0
2733,2,4,134,0.9571112286682733,0.9549857549857549,0.875,1.0
2734,2,4,135,0.9571112286682733,0.9549857549857549,0.875,1.0
2735,2,4,136,0.9571112286682733,0.9549857549857549,0.875,2.0
2736,2,4,137,0.9571112286682733,0.9549857549857549,0.875,2.0
2737,2,4,138,0.9571112286682733,0.9549857549857549,0.875,2.0
2738,2,4,139,0.9571112286682733,0.9549857549857549,0.875,1.0
2739,2,4,140,0.9571112286682733,0.9549857549857549,0.875,0.0
2740,2,4,141,0.9571112286682733,0.9549857549857549,0.875,0.0
2741,2,4,142,0.9571112286682733,0.9549857549857549,0.875,0.0
2742,2,4,143,0.9571112286682733,0.9549857549857549,0.875,0.0
2743,2,4,144,0.9571112286682733,0.9549857549857549,0.875,1.0
2744,2,4,145,0.9571112286682733,0.9549857549857549,0.875,0.0
2745,2,4,146,0.9571112286682733,0.9549857549857549,0.875,2.0
2746,2,4,147,0.9571112286682733,0.9549857549857549,0.875,0.0
2747,2,4,148,0.9571112286682733,0.9549857549857549,0.875,0.0
2748,2,4,149,0.9571112286682733,0.9549857549857549,0.875,3.0
2749,2,4,150,0.9571112286682733,0.9549857549857549,0.875,3.0
2750,2,4,151,0.9571112286682733,0.9549857549857549,0.875,1.0
2751,2,4,152,0.9571112286682733,0.9549857549857549,0.875,2.0
2752,2,4,153,0.9571112286682733,0.9549857549857549,0.875,0.0
2753,2,4,154,0.9571112286682733,0.9549857549857549,0.875,1.0
2754,2,4,155,0.9571112286682733,0.9549857549857549,0.875,1.0
2755,2,4,156,0.9571112286682733,0.9549857549857549,0.875,1.0
2756,2,4,157,0.9571112286682733,0.9549857549857549,0.875,0.0
2757,2,4,158,0.9571112286682733,0.9549857549857549,0.875,1.0
2758,2,4,159,0.9571112286682733,0.9549857549857549,0.875,1.0
2759,2,4,160,0.9571112286682733,0.9549857549857549,0.875,0.0
2760,2,4,161,0.9571112286682733,0.9549857549857549,0.875,0.0
2761,2,4,162,0.9571112286682733,0.9549857549857549,0.875,1.0
2762,2,4,163,0.9571112286682733,0.9549857549857549,0.875,0.0
2763,2,4,164,0.9571112286682733,0.9549857549857549,0.875,1.0
2764,2,4,165,0.9571112286682733,0.9549857549857549,0.875,2.0
2765,2,4,166,0.9571112286682733,0.9549857549857549,0.875,1.0
2766,2,4,167,0.9571112286682733,0.9549857549857549,0.875,3.0
2767,2,4,168,0.9571112286682733,0.9549857549857549,0.875,2.0
2768,2,4,169,0.9571112286682733,0.9549857549857549,0.875,1.0
2769,2,4,170,0.9571112286682733,0.9549857549857549,0.875,0.0
2770,2,4,171,0.9571112286682733,0.9549857549857549,0.875,1.0
2771,2,4,172,0.9571112286682733,0.9549857549857549,0.875,0.0
2772,2,4,173,0.9571112286682733,0.9549857549857549,0.875,1.0
2773,2,4,174,0.9571112286682733,0.9549857549857549,0.875,1.0
2774,2,4,175,0.9571112286682733,0.9549857549857549,0.875,1.0
2775,2,4,176,0.9571112286682733,0.9549857549857549,0.875,1.0
2776,2,4,177,0.9571112286682733,0.9549857549857549,0.875,0.0
2777,2,4,178,0.9571112286682733,0.9549857549857549,0.875,1.0
2778,2,4,179,0.9571112286682733,0.9549857549857549,0.875,0.0
2779,2,4,180,0.9571112286682733,0.9549857549857549,0.875,3.0
2780,2,4,181,0.9571112286682733,0.9549857549857549,0.875,1.0
2781,2,4,182,0.9571112286682733,0.9549857549857549,0.875,2.0
2782,2,4,183,0.9571112286682733,0.9549857549857549,0.875,2.0
2783,2,4,184,0.9571112286682733,0.9549857549857549,0.875,1.0
2784,2,4,185,0.9571112286682733,0.9549857549857549,0.875,0.0
2785,2,4,186,0.9571112286682733,0.9549857549857549,0.875,0.0
2786,2,4,187,0.9571112286682733,0.9549857549857549,0.875,1.0
2787,2,4,188,0.9571112286682733,0.9549857549857549,0.875,1.0
2788,2,4,189,0.9571112286682733,0.9549857549857549,0.875,1.0
2789,2,4,190,0.9571112286682733,0.9549857549857549,0.875,1.0
2790,2,4,191,0.9571112286682733,0.9549857549857549,0.875,0.0
2791,2,4,192,0.9571112286682733,0.9549857549857549,0.875,0.0
2792,2,4,193,0.9571112286682733,0.9549857549857549,0.875,0.0
2793,2,4,194,0.9571112286682733,0.9549857549857549,0.875,3.0
2794,2,4,195,0.9571112286682733,0.9549857549857549,0.875,2.0
2795,2,4,196,0.9571112286682733,0.9549857549857549,0.875,0.0
2796,2,4,197,0.9571112286682733,0.9549857549857549,0.875,1.0
2797,2,4,198,0.9571112286682733,0.9549857549857549,0.875,2.0
2798,2,4,199,0.9571112286682733,0.9549857549857549,0.875,0.0
2799,2,4,200,0.9571112286682733,0.9549857549857549,0.875,1.0
2800,2,5,1,0.9532344546980414,0.9235376475376477,0.9142857142857143,0.0
2801,2,5,2,0.9571112286682733,0.9315148555148556,0.9090909090909091,0.0
2802,2,5,3,0.9571112286682733,0.9315148555148556,0.9090909090909091,0.0
2803,2,5,4,0.9571112286682733,0.9315148555148556,0.9090909090909091,0.0
2804,2,5,5,0.9571112286682733,0.9315148555148556,0.9090909090909091,0.0
2805,2,5,6,0.9571112286682733,0.9315148555148556,0.9090909090909091,0.0
2806,2,5,7,0.9571112286682733,0.9315148555148556,0.9090909090909091,0.0
2807,2,5,8,0.9586975775752087,0.9383931623931623,0.9090909090909091,0.0
2808,2,5,9,0.9586975775752087,0.9383931623931623,0.9090909090909091,0.0
2809,2,5,10,0.9586975775752087,0.9383931623931623,0.9090909090909091,0.0
2810,2,5,11,0.9586975775752087,0.9383931623931623,0.9090909090909091,0.0
2811,2,5,12,0.9586975775752087,0.9383931623931623,0.9090909090909091,0.0
2812,2,5,13,0.9586975775752087,0.9383931623931623,0.9090909090909091,0.0
2813,2,5,14,0.9586975775752087,0.9383931623931623,0.9090909090909091,0.0
2814,2,5,15,0.9586975775752087,0.9383931623931623,0.9090909090909091,1.0
2815,2,5,16,0.9586975775752087,0.9383931623931623,0.9090909090909091,2.0
2816,2,5,17,0.9586975775752087,0.9383931623931623,0.9090909090909091,0.0
2817,2,5,18,0.9586975775752087,0.9383931623931623,0.9090909090909091,0.0
2818,2,5,19,0.9586975775752087,0.9383931623931623,0.9090909090909091,0.0
2819,2,5,20,0.9586975775752087,0.9383931623931623,0.9090909090909091,0.0
2820,2,5,21,0.9586975775752087,0.9383931623931623,0.9090909090909091,0.0
2821,2,5,22,0.9586975775752087,0.9383931623931623,0.9090909090909091,4.0
2822,2,5,23,0.9586975775752087,0.9383931623931623,0.9090909090909091,1.0
2823,2,5,24,0.9586975775752087,0.9383931623931623,0.9090909090909091,1.0
2824,2,5,25,0.9586975775752087,0.9383931623931623,0.9090909090909091,1.0
2825,2,5,26,0.9586975775752087,0.9383931623931623,0.9090909090909091,0.0
2826,2,5,27,0.9586975775752087,0.9383931623931623,0.9090909090909091,0.0
2827,2,5,28,0.9586975775752087,0.9383931623931623,0.9090909090909091,0.0
2828,2,5,29,0.9586975775752087,0.9383931623931623,0.9090909090909091,0.0
2829,2,5,30,0.9586975775752087,0.9383931623931623,0.9090909090909091,1.0
2830,2,5,31,0.9586975775752087,0.9383931623931623,0.9090909090909091,0.0
2831,2,5,32,0.9586975775752087,0.9383931623931623,0.9090909090909091,1.0
2832,2,5,33,0.9586975775752087,0.9383931623931623,0.9090909090909091,0.0
2833,2,5,34,0.9586975775752087,0.9383931623931623,0.9090909090909091,0.0
2834,2,5,35,0.9586975775752087,0.9383931623931623,0.9090909090909091,0.0
2835,2,5,36,0.9586975775752087,0.9383931623931623,0.9090909090909091,2.0
2836,2,5,37,0.9586975775752087,0.9383931623931623,0.9090909090909091,1.0
2837,2,5,38,0.9586975775752087,0.9383931623931623,0.9090909090909091,3.0
2838,2,5,39,0.9586975775752087,0.9383931623931623,0.9090909090909091,0.0
2839,2,5,40,0.9586975775752087,0.9383931623931623,0.9090909090909091,3.0
2840,2,5,41,0.9586975775752087,0.9383931623931623,0.9090909090909091,0.0
2841,2,5,42,0.9586975775752087,0.9383931623931623,0.9090909090909091,0.0
2842,2,5,43,0.9586975775752087,0.9383931623931623,0.9090909090909091,0.0
2843,2,5,44,0.9586975775752087,0.9383931623931623,0.9090909090909091,0.0
2844,2,5,45,0.9586975775752087,0.9383931623931623,0.9090909090909091,0.0
2845,2,5,46,0.9586975775752087,0.9383931623931623,0.9090909090909091,0.0
2846,2,5,47,0.9586975775752087,0.9383931623931623,0.9090909090909091,1.0
2847,2,5,48,0.9586975775752087,0.9383931623931623,0.9090909090909091,2.0
2848,2,5,49,0.9586975775752087,0.9383931623931623,0.9090909090909091,2.0
2849,2,5,50,0.9586975775752087,0.9383931623931623,0.9090909090909091,1.0
2850,2,5,51,0.9586975775752087,0.9383931623931623,0.9090909090909091,1.0
2851,2,5,52,0.9586975775752087,0.9383931623931623,0.9090909090909091,3.0
2852,2,5,53,0.9586975775752087,0.9383931623931623,0.9090909090909091,1.0
2853,2,5,54,0.9586975775752087,0.9383931623931623,0.9090909090909091,2.0
2854,2,5,55,0.9586975775752087,0.9383931623931623,0.9090909090909091,0.0
2855,2,5,56,0.9586975775752087,0.9383931623931623,0.9090909090909091,2.0
2856,2,5,57,0.9586975775752087,0.9383931623931623,0.9090909090909091,0.0
2857,2,5,58,0.9586975775752087,0.9383931623931623,0.9090909090909091,0.0
2858,2,5,59,0.9586975775752087,0.9383931623931623,0.9090909090909091,0.0
2859,2,5,60,0.9586975775752087,0.9383931623931623,0.9090909090909091,0.0
2860,2,5,61,0.9586975775752087,0.9383931623931623,0.9090909090909091,0.0
2861,2,5,62,0.9586975775752087,0.9383931623931623,0.9090909090909091,0.0
2862,2,5,63,0.9586975775752087,0.9383931623931623,0.9090909090909091,1.0
2863,2,5,64,0.9586975775752087,0.9383931623931623,0.9090909090909091,2.0
2864,2,5,65,0.9586975775752087,0.9383931623931623,0.9090909090909091,4.0
2865,2,5,66,0.9586975775752087,0.9383931623931623,0.9090909090909091,1.0
2866,2,5,67,0.9586975775752087,0.9383931623931623,0.9090909090909091,1.0
2867,2,5,68,0.9586975775752087,0.9383931623931623,0.9090909090909091,2.0
2868,2,5,69,0.9586975775752087,0.9383931623931623,0.9090909090909091,0.0
2869,2,5,70,0.9586975775752087,0.9383931623931623,0.9090909090909091,2.0
2870,2,5,71,0.9586975775752087,0.9383931623931623,0.9090909090909091,0.0
2871,2,5,72,0.9586975775752087,0.9383931623931623,0.9090909090909091,0.0
2872,2,5,73,0.9586975775752087,0.9383931623931623,0.9090909090909091,2.0
2873,2,5,74,0.9586975775752087,0.9383931623931623,0.9090909090909091,0.0
2874,2,5,75,0.9586975775752087,0.9383931623931623,0.9090909090909091,0.0
2875,2,5,76,0.9586975775752087,0.9383931623931623,0.9090909090909091,1.0
2876,2,5,77,0.9586975775752087,0.9383931623931623,0.9090909090909091,1.0
2877,2,5,78,0.9586975775752087,0.9383931623931623,0.9090909090909091,0.0
2878,2,5,79,0.9586975775752087,0.9383931623931623,0.9090909090909091,2.0
2879,2,5,80,0.9586975775752087,0.9383931623931623,0.9090909090909091,1.0
2880,2,5,81,0.9586975775752087,0.9383931623931623,0.9090909090909091,3.0
2881,2,5,82,0.9586975775752087,0.9383931623931623,0.9090909090909091,1.0
2882,2,5,83,0.9586975775752087,0.9383931623931623,0.9090909090909091,1.0
2883,2,5,84,0.9586975775752087,0.9383931623931623,0.9090909090909091,1.0
2884,2,5,85,0.9586975775752087,0.9383931623931623,0.9090909090909091,0.0
2885,2,5,86,0.9586975775752087,0.9383931623931623,0.9090909090909091,0.0
2886,2,5,87,0.9586975775752087,0.9383931623931623,0.9090909090909091,3.0
2887,2,5,88,0.9586975775752087,0.9383931623931623,0.9090909090909091,0.0
2888,2,5,89,0.9586975775752087,0.9383931623931623,0.9090909090909091,0.0
2889,2,5,90,0.9586975775752087,0.9383931623931623,0.9090909090909091,1.0
2890,2,5,91,0.9586975775752087,0.9383931623931623,0.9090909090909091,0.0
2891,2,5,92,0.9586975775752087,0.9383931623931623,0.9090909090909091,0.0
2892,2,5,93,0.9586975775752087,0.9383931623931623,0.9090909090909091,2.0
2893,2,5,94,0.9586975775752087,0.9383931623931623,0.9090909090909091,1.0
2894,2,5,95,0.9586975775752087,0.9383931623931623,0.9090909090909091,1.0
2895,2,5,96,0.9586975775752087,0.9383931623931623,0.9090909090909091,0.0
2896,2,5,97,0.9586975775752087,0.9383931623931623,0.9090909090909091,3.0
2897,2,5,98,0.9586975775752087,0.9383931623931623,0.9090909090909091,1.0
2898,2,5,99,0.9586975775752087,0.9383931623931623,0.9090909090909091,2.0
2899,2,5,100,0.9586975775752087,0.9383931623931623,0.9090909090909091,1.0
2900,2,5,101,0.9586975775752087,0.9383931623931623,0.9090909090909091,0.0
2901,2,5,102,0.9586975775752087,0.9383931623931623,0.9090909090909091,1.0
2902,2,5,103,0.9586975775752087,0.9383931623931623,0.9090909090909091,0.0
2903,2,5,104,0.9586975775752087,0.9383931623931623,0.9090909090909091,1.0
2904,2,5,105,0.9586975775752087,0.9383931623931623,0.9090909090909091,2.0
2905,2,5,106,0.9586975775752087,0.9383931623931623,0.9090909090909091,0.0
2906,2,5,107,0.9586975775752087,0.9383931623931623,0.9090909090909091,0.0
2907,2,5,108,0.9586975775752087,0.9383931623931623,0.9090909090909091,1.0
2908,2,5,109,0.9586975775752087,0.9383931623931623,0.9090909090909091,0.0
2909,2,5,110,0.9586975775752087,0.9383931623931623,0.9090909090909091,2.0
2910,2,5,111,0.9586975775752087,0.9383931623931623,0.9090909090909091,2.0
2911,2,5,112,0.9586975775752087,0.9383931623931623,0.9090909090909091,1.0
2912,2,5,113,0.9586975775752087,0.9383931623931623,0.9090909090909091,3.0
2913,2,5,114,0.9586975775752087,0.9383931623931623,0.9090909090909091,0.0
2914,2,5,115,0.9586975775752087,0.9383931623931623,0.9090909090909091,1.0
2915,2,5,116,0.9586975775752087,0.9383931623931623,0.9090909090909091,0.0
2916,2,5,117,0.9586975775752087,0.9383931623931623,0.9090909090909091,1.0
2917,2,5,118,0.9586975775752087,0.9383931623931623,0.9090909090909091,1.0
2918,2,5,119,0.9586975775752087,0.9383931623931623,0.9090909090909091,2.0
2919,2,5,120,0.9586975775752087,0.9383931623931623,0.9090909090909091,1.0
2920,2,5,121,0.9586975775752087,0.9383931623931623,0.9090909090909091,0.0
2921,2,5,122,0.9586975775752087,0.9383931623931623,0.9090909090909091,0.0
2922,2,5,123,0.9586975775752087,0.9383931623931623,0.9090909090909091,2.0
2923,2,5,124,0.9586975775752087,0.9383931623931623,0.9090909090909091,0.0
2924,2,5,125,0.9586975775752087,0.9383931623931623,0.9090909090909091,0.0
2925,2,5,126,0.9586975775752087,0.9383931623931623,0.9090909090909091,1.0
2926,2,5,127,0.9586975775752087,0.9383931623931623,0.9090909090909091,1.0
2927,2,5,128,0.9586975775752087,0.9383931623931623,0.9090909090909091,3.0
2928,2,5,129,0.9586975775752087,0.9383931623931623,0.9090909090909091,1.0
2929,2,5,130,0.9586975775752087,0.9383931623931623,0.9090909090909091,2.0
2930,2,5,131,0.9586975775752087,0.9383931623931623,0.9090909090909091,0.0
2931,2,5,132,0.9586975775752087,0.9383931623931623,0.9090909090909091,0.0
2932,2,5,133,0.9586975775752087,0.9383931623931623,0.9090909090909091,0.0
2933,2,5,134,0.9586975775752087,0.9383931623931623,0.9090909090909091,3.0
2934,2,5,135,0.9586975775752087,0.9383931623931623,0.9090909090909091,1.0
2935,2,5,136,0.9586975775752087,0.9383931623931623,0.9090909090909091,1.0
2936,2,5,137,0.9586975775752087,0.9383931623931623,0.9090909090909091,2.0
2937,2,5,138,0.9586975775752087,0.9383931623931623,0.9090909090909091,0.0
2938,2,5,139,0.9586975775752087,0.9383931623931623,0.9090909090909091,0.0
2939,2,5,140,0.9586975775752087,0.9383931623931623,0.9090909090909091,0.0
2940,2,5,141,0.9586975775752087,0.9383931623931623,0.9090909090909091,2.0
2941,2,5,142,0.9586975775752087,0.9383931623931623,0.9090909090909091,1.0
2942,2,5,143,0.9586975775752087,0.9383931623931623,0.9090909090909091,0.0
2943,2,5,144,0.9586975775752087,0.9383931623931623,0.9090909090909091,1.0
2944,2,5,145,0.9586975775752087,0.9383931623931623,0.9090909090909091,1.0
2945,2,5,146,0.9586975775752087,0.9383931623931623,0.9090909090909091,1.0
2946,2,5,147,0.9586975775752087,0.9383931623931623,0.9090909090909091,1.0
2947,2,5,148,0.9586975775752087,0.9383931623931623,0.9090909090909091,1.0
2948,2,5,149,0.9586975775752087,0.9383931623931623,0.9090909090909091,2.0
2949,2,5,150,0.9586975775752087,0.9383931623931623,0.9090909090909091,1.0
2950,2,5,151,0.9586975775752087,0.9383931623931623,0.9090909090909091,3.0
2951,2,5,152,0.9586975775752087,0.9383931623931623,0.9090909090909091,0.0
2952,2,5,153,0.9586975775752087,0.9383931623931623,0.9090909090909091,0.0
2953,2,5,154,0.9586975775752087,0.9383931623931623,0.9090909090909091,1.0
2954,2,5,155,0.9586975775752087,0.9383931623931623,0.9090909090909091,1.0
2955,2,5,156,0.9586975775752087,0.9383931623931623,0.9090909090909091,1.0
2956,2,5,157,0.9586975775752087,0.9383931623931623,0.9090909090909091,0.0
2957,2,5,158,0.9586975775752087,0.9383931623931623,0.9090909090909091,3.0
2958,2,5,159,0.9586975775752087,0.9383931623931623,0.9090909090909091,0.0
2959,2,5,160,0.9586975775752087,0.9383931623931623,0.9090909090909091,0.0
2960,2,5,161,0.9586975775752087,0.9383931623931623,0.9090909090909091,1.0
2961,2,5,162,0.9586975775752087,0.9383931623931623,0.9090909090909091,0.0
2962,2,5,163,0.9586975775752087,0.9383931623931623,0.9090909090909091,1.0
2963,2,5,164,0.9586975775752087,0.9383931623931623,0.9090909090909091,2.0
2964,2,5,165,0.9586975775752087,0.9383931623931623,0.9090909090909091,1.0
2965,2,5,166,0.9586975775752087,0.9383931623931623,0.9090909090909091,2.0
2966,2,5,167,0.9586975775752087,0.9383931623931623,0.9090909090909091,1.0
2967,2,5,168,0.9586975775752087,0.9383931623931623,0.9090909090909091,1.0
2968,2,5,169,0.9586975775752087,0.9383931623931623,0.9090909090909091,1.0
2969,2,5,170,0.9586975775752087,0.9383931623931623,0.9090909090909091,1.0
2970,2,5,171,0.9586975775752087,0.9383931623931623,0.9090909090909091,0.0
2971,2,5,172,0.9586975775752087,0.9383931623931623,0.9090909090909091,1.0
2972,2,5,173,0.9586975775752087,0.9383931623931623,0.9090909090909091,0.0
2973,2,5,174,0.9586975775752087,0.9383931623931623,0.9090909090909091,1.0
2974,2,5,175,0.9586975775752087,0.9383931623931623,0.9090909090909091,1.0
2975,2,5,176,0.9586975775752087,0.9383931623931623,0.9090909090909091,1.0
2976,2,5,177,0.9586975775752087,0.9383931623931623,0.9090909090909091,2.0
2977,2,5,178,0.9586975775752087,0.9383931623931623,0.9090909090909091,1.0
2978,2,5,179,0.9586975775752087,0.9383931623931623,0.9090909090909091,2.0
2979,2,5,180,0.9586975775752087,0.9383931623931623,0.9090909090909091,1.0
2980,2,5,181,0.9586975775752087,0.9383931623931623,0.9090909090909091,0.0
2981,2,5,182,0.9586975775752087,0.9383931623931623,0.9090909090909091,0.0
2982,2,5,183,0.9586975775752087,0.9383931623931623,0.9090909090909091,4.0
2983,2,5,184,0.9586975775752087,0.9383931623931623,0.9090909090909091,1.0
2984,2,5,185,0.9586975775752087,0.9383931623931623,0.9090909090909091,0.0
2985,2,5,186,0.9586975775752087,0.9383931623931623,0.9090909090909091,0.0
2986,2,5,187,0.9586975775752087,0.9383931623931623,0.9090909090909091,0.0
2987,2,5,188,0.9586975775752087,0.9383931623931623,0.9090909090909091,0.0
2988,2,5,189,0.9586975775752087,0.9383931623931623,0.9090909090909091,1.0
2989,2,5,190,0.9586975775752087,0.9383931623931623,0.9090909090909091,0.0
2990,2,5,191,0.9586975775752087,0.9383931623931623,0.9090909090909091,1.0
2991,2,5,192,0.9586975775752087,0.9383931623931623,0.9090909090909091,4.0
2992,2,5,193,0.9586975775752087,0.9383931623931623,0.9090909090909091,1.0
2993,2,5,194,0.9586975775752087,0.9383931623931623,0.9090909090909091,2.0
2994,2,5,195,0.9586975775752087,0.9383931623931623,0.9090909090909091,1.0
2995,2,5,196,0.9586975775752087,0.9383931623931623,0.9090909090909091,0.0
2996,2,5,197,0.9586975775752087,0.9383931623931623,0.9090909090909091,2.0
2997,2,5,198,0.9586975775752087,0.9383931623931623,0.9090909090909091,0.0
2998,2,5,199,0.9586975775752087,0.9383931623931623,0.9090909090909091,0.0
2999,2,5,200,0.9586975775752087,0.9383931623931623,0.9090909090909091,0.0
3000,3,1,1,0.9367216100376495,0.9166365486365485,0.9090909090909091,0.0
3001,3,1,2,0.9367216100376495,0.9166365486365485,0.9090909090909091,0.0
3002,3,1,3,0.9351910560684891,0.9166593406593406,0.875,0.0
3003,3,1,4,0.9351910560684891,0.9166593406593406,0.875,0.0
3004,3,1,5,0.9351910560684891,0.9166593406593406,0.875,0.0
3005,3,1,6,0.9351910560684891,0.9166593406593406,0.875,0.0
3006,3,1,7,0.9351910560684891,0.9166593406593406,0.875,0.0
3007,3,1,8,0.9351910560684891,0.9166593406593406,0.875,0.0
3008,3,1,9,0.9351910560684891,0.9166593406593406,0.875,0.0
3009,3,1,10,0.9351910560684891,0.9166593406593406,0.875,0.0
3010,3,1,11,0.9387753815088967,0.9240439560439562,0.9090909090909091,0.0
3011,3,1,12,0.9387753815088967,0.9240439560439562,0.9090909090909091,0.0
3012,3,1,13,0.9387753815088967,0.9240439560439562,0.9090909090909091,0.0
3013,3,1,14,0.9387753815088967,0.9240439560439562,0.9090909090909091,0.0
3014,3,1,15,0.9387753815088967,0.9240439560439562,0.9090909090909091,0.0
3015,3,1,16,0.9387753815088967,0.9240439560439562,0.9090909090909091,0.0
3016,3,1,17,0.9387753815088967,0.9240439560439562,0.9090909090909091,1.0
3017,3,1,18,0.9387753815088967,0.9240439560439562,0.9090909090909091,0.0
3018,3,1,19,0.9387753815088967,0.9240439560439562,0.9090909090909091,1.0
3019,3,1,20,0.9387753815088967,0.9240439560439562,0.9090909090909091,1.0
3020,3,1,21,0.9387753815088967,0.9240439560439562,0.9090909090909091,1.0
3021,3,1,22,0.9387753815088967,0.9240439560439562,0.9090909090909091,2.0
3022,3,1,23,0.9387753815088967,0.9240439560439562,0.9090909090909091,0.0
3023,3,1,24,0.9387753815088967,0.9240439560439562,0.9090909090909091,1.0
3024,3,1,25,0.9387753815088967,0.9240439560439562,0.9090909090909091,2.0
3025,3,1,26,0.9387753815088967,0.9240439560439562,0.9090909090909091,1.0
3026,3,1,27,0.9387753815088967,0.9240439560439562,0.9090909090909091,0.0
3027,3,1,28,0.9387753815088967,0.9240439560439562,0.9090909090909091,2.0
3028,3,1,29,0.9387753815088967,0.9240439560439562,0.9090909090909091,0.0
3029,3,1,30,0.9387753815088967,0.9240439560439562,0.9090909090909091,0.0
3030,3,1,31,0.9387753815088967,0.9240439560439562,0.9090909090909091,0.0
3031,3,1,32,0.9387753815088967,0.9240439560439562,0.9090909090909091,0.0
3032,3,1,33,0.9387753815088967,0.9240439560439562,0.9090909090909091,0.0
3033,3,1,34,0.9387753815088967,0.9240439560439562,0.9090909090909091,1.0
3034,3,1,35,0.9387753815088967,0.9240439560439562,0.9090909090909091,1.0
3035,3,1,36,0.9387753815088967,0.9240439560439562,0.9090909090909091,1.0
3036,3,1,37,0.9387753815088967,0.9240439560439562,0.9090909090909091,2.0
3037,3,1,38,0.9387753815088967,0.9240439560439562,0.9090909090909091,2.0
3038,3,1,39,0.9387753815088967,0.9240439560439562,0.9090909090909091,1.0
3039,3,1,40,0.9387753815088967,0.9240439560439562,0.9090909090909091,1.0
3040,3,1,41,0.9387753815088967,0.9240439560439562,0.9090909090909091,1.0
3041,3,1,42,0.9387753815088967,0.9240439560439562,0.9090909090909091,1.0
3042,3,1,43,0.9387753815088967,0.9240439560439562,0.9090909090909091,1.0
3043,3,1,44,0.9387753815088967,0.9240439560439562,0.9090909090909091,1.0
3044,3,1,45,0.9387753815088967,0.9240439560439562,0.9090909090909091,1.0
3045,3,1,46,0.9387753815088967,0.9240439560439562,0.9090909090909091,0.0
3046,3,1,47,0.9387753815088967,0.9240439560439562,0.9090909090909091,1.0
3047,3,1,48,0.9387753815088967,0.9240439560439562,0.9090909090909091,0.0
3048,3,1,49,0.9387753815088967,0.9240439560439562,0.9090909090909091,0.0
3049,3,1,50,0.9387753815088967,0.9240439560439562,0.9090909090909091,0.0
3050,3,1,51,0.9387753815088967,0.9240439560439562,0.9090909090909091,1.0
3051,3,1,52,0.9387753815088967,0.9240439560439562,0.9090909090909091,4.0
3052,3,1,53,0.9387753815088967,0.9240439560439562,0.9090909090909091,2.0
3053,3,1,54,0.9387753815088967,0.9240439560439562,0.9090909090909091,1.0
3054,3,1,55,0.9387753815088967,0.9240439560439562,0.9090909090909091,0.0
3055,3,1,56,0.9387753815088967,0.9240439560439562,0.9090909090909091,2.0
3056,3,1,57,0.9387753815088967,0.9240439560439562,0.9090909090909091,0.0
3057,3,1,58,0.9387753815088967,0.9240439560439562,0.9090909090909091,0.0
3058,3,1,59,0.9387753815088967,0.9240439560439562,0.9090909090909091,2.0
3059,3,1,60,0.9387753815088967,0.9240439560439562,0.9090909090909091,2.0
3060,3,1,61,0.9387753815088967,0.9240439560439562,0.9090909090909091,0.0
3061,3,1,62,0.9387753815088967,0.9240439560439562,0.9090909090909091,1.0
3062,3,1,63,0.9387753815088967,0.9240439560439562,0.9090909090909091,0.0
3063,3,1,64,0.9387753815088967,0.9240439560439562,0.9090909090909091,0.0
3064,3,1,65,0.9387753815088967,0.9240439560439562,0.9090909090909091,0.0
3065,3,1,66,0.9387753815088967,0.9240439560439562,0.9090909090909091,2.0
3066,3,1,67,0.9387753815088967,0.9240439560439562,0.9090909090909091,4.0
3067,3,1,68,0.9387753815088967,0.9240439560439562,0.9090909090909091,1.0
3068,3,1,69,0.9387753815088967,0.9240439560439562,0.9090909090909091,0.0
3069,3,1,70,0.9387753815088967,0.9240439560439562,0.9090909090909091,0.0
3070,3,1,71,0.9387753815088967,0.9240439560439562,0.9090909090909091,0.0
3071,3,1,72,0.9387753815088967,0.9240439560439562,0.9090909090909091,1.0
3072,3,1,73,0.9387753815088967,0.9240439560439562,0.9090909090909091,2.0
3073,3,1,74,0.9387753815088967,0.9240439560439562,0.9090909090909091,2.0
3074,3,1,75,0.9387753815088967,0.9240439560439562,0.9090909090909091,1.0
3075,3,1,76,0.9387753815088967,0.9240439560439562,0.9090909090909091,1.0
3076,3,1,77,0.9387753815088967,0.9240439560439562,0.9090909090909091,0.0
3077,3,1,78,0.9387753815088967,0.9240439560439562,0.9090909090909091,0.0
3078,3,1,79,0.9387753815088967,0.9240439560439562,0.9090909090909091,1.0
3079,3,1,80,0.9413798950124115,0.9246365486365485,0.875,1.0
3080,3,1,81,0.9413798950124115,0.9246365486365485,0.875,1.0
3081,3,1,82,0.9413798950124115,0.9246365486365485,0.875,2.0
3082,3,1,83,0.9413798950124115,0.9246365486365485,0.875,0.0
3083,3,1,84,0.9413798950124115,0.9246365486365485,0.875,3.0
3084,3,1,85,0.9413798950124115,0.9246365486365485,0.875,0.0
3085,3,1,86,0.9413798950124115,0.9246365486365485,0.875,2.0
3086,3,1,87,0.9413798950124115,0.9246365486365485,0.875,0.0
3087,3,1,88,0.9413798950124115,0.9246365486365485,0.875,1.0
3088,3,1,89,0.9413798950124115,0.9246365486365485,0.875,1.0
3089,3,1,90,0.9413798950124115,0.9246365486365485,0.875,0.0
3090,3,1,91,0.9413798950124115,0.9246365486365485,0.875,1.0
3091,3,1,92,0.9413798950124115,0.9246365486365485,0.875,2.0
3092,3,1,93,0.9413798950124115,0.9246365486365485,0.875,0.0
3093,3,1,94,0.9413798950124115,0.9246365486365485,0.875,1.0
3094,3,1,95,0.9413798950124115,0.9246365486365485,0.875,1.0
3095,3,1,96,0.9413798950124115,0.9246365486365485,0.875,0.0
3096,3,1,97,0.9413798950124115,0.9246365486365485,0.875,2.0
3097,3,1,98,0.9413798950124115,0.9246365486365485,0.875,1.0
3098,3,1,99,0.9413798950124115,0.9246365486365485,0.875,2.0
3099,3,1,100,0.9413798950124115,0.9246365486365485,0.875,0.0
3100,3,1,101,0.9413798950124115,0.9246365486365485,0.875,0.0
3101,3,1,102,0.9413798950124115,0.9246365486365485,0.875,1.0
3102,3,1,103,0.9413798950124115,0.9246365486365485,0.875,2.0
3103,3,1,104,0.9413798950124115,0.9246365486365485,0.875,1.0
3104,3,1,105,0.9413798950124115,0.9246365486365485,0.875,1.0
3105,3,1,106,0.9413798950124115,0.9246365486365485,0.875,0.0
3106,3,1,107,0.9413798950124115,0.9246365486365485,0.875,3.0
3107,3,1,108,0.9413798950124115,0.9246365486365485,0.875,0.0
3108,3,1,109,0.9413798950124115,0.9246365486365485,0.875,3.0
3109,3,1,110,0.9413798950124115,0.9246365486365485,0.875,0.0
3110,3,1,111,0.9413798950124115,0.9246365486365485,0.875,0.0
3111,3,1,112,0.9413798950124115,0.9246365486365485,0.875,1.0
3112,3,1,113,0.9413798950124115,0.9246365486365485,0.875,1.0
3113,3,1,114,0.9413798950124115,0.9246365486365485,0.875,1.0
3114,3,1,115,0.9413798950124115,0.9246365486365485,0.875,0.0
3115,3,1,116,0.9413798950124115,0.9246365486365485,0.875,1.0
3116,3,1,117,0.9413798950124115,0.9246365486365485,0.875,1.0
3117,3,1,118,0.9413798950124115,0.9246365486365485,0.875,2.0
3118,3,1,119,0.9413798950124115,0.9246365486365485,0.875,0.0
3119,3,1,120,0.9413798950124115,0.9246365486365485,0.875,1.0
3120,3,1,121,0.9413798950124115,0.9246365486365485,0.875,1.0
3121,3,1,122,0.9413798950124115,0.9246365486365485,0.875,1.0
3122,3,1,123,0.9413798950124115,0.9246365486365485,0.875,1.0
3123,3,1,124,0.9413798950124115,0.9246365486365485,0.875,0.0
3124,3,1,125,0.9413798950124115,0.9246365486365485,0.875,3.0
3125,3,1,126,0.9413798950124115,0.9246365486365485,0.875,1.0
3126,3,1,127,0.9413798950124115,0.9246365486365485,0.875,1.0
3127,3,1,128,0.9413798950124115,0.9246365486365485,0.875,1.0
3128,3,1,129,0.9413798950124115,0.9246365486365485,0.875,2.0
3129,3,1,130,0.9413798950124115,0.9246365486365485,0.875,0.0
3130,3,1,131,0.9413798950124115,0.9246365486365485,0.875,0.0
3131,3,1,132,0.9413798950124115,0.9246365486365485,0.875,1.0
3132,3,1,133,0.9413798950124115,0.9246365486365485,0.875,1.0
3133,3,1,134,0.9413798950124115,0.9246365486365485,0.875,0.0
3134,3,1,135,0.9413798950124115,0.9246365486365485,0.875,0.0
3135,3,1,136,0.9413798950124115,0.9246365486365485,0.875,0.0
3136,3,1,137,0.9413798950124115,0.9246365486365485,0.875,2.0
3137,3,1,138,0.9413798950124115,0.9246365486365485,0.875,2.0
3138,3,1,139,0.9413798950124115,0.9246365486365485,0.875,1.0
3139,3,1,140,0.9413798950124115,0.9246365486365485,0.875,0.0
3140,3,1,141,0.9413798950124115,0.9246365486365485,0.875,0.0
3141,3,1,142,0.9413798950124115,0.9246365486365485,0.875,3.0
3142,3,1,143,0.9413798950124115,0.9246365486365485,0.875,0.0
3143,3,1,144,0.9413798950124115,0.9246365486365485,0.875,4.0
3144,3,1,145,0.9413798950124115,0.9246365486365485,0.875,0.0
3145,3,1,146,0.9413798950124115,0.9246365486365485,0.875,0.0
3146,3,1,147,0.9413798950124115,0.9246365486365485,0.875,1.0
3147,3,1,148,0.9413798950124115,0.9246365486365485,0.875,1.0
3148,3,1,149,0.9413798950124115,0.9246365486365485,0.875,0.0
3149,3,1,150,0.9413798950124115,0.9246365486365485,0.875,0.0
3150,3,1,151,0.9413798950124115,0.9246365486365485,0.875,1.0
3151,3,1,152,0.9413798950124115,0.9246365486365485,0.875,0.0
3152,3,1,153,0.9413798950124115,0.9246365486365485,0.875,1.0
3153,3,1,154,0.9413798950124115,0.9246365486365485,0.875,3.0
3154,3,1,155,0.9413798950124115,0.9246365486365485,0.875,1.0
3155,3,1,156,0.9413798950124115,0.9246365486365485,0.875,1.0
3156,3,1,157,0.9413798950124115,0.9246365486365485,0.875,2.0
3157,3,1,158,0.9413798950124115,0.9246365486365485,0.875,2.0
3158,3,1,159,0.9413798950124115,0.9246365486365485,0.875,1.0
3159,3,1,160,0.9413798950124115,0.9246365486365485,0.875,0.0
3160,3,1,161,0.9413798950124115,0.9246365486365485,0.875,1.0
3161,3,1,162,0.9413798950124115,0.9246365486365485,0.875,0.0
3162,3,1,163,0.9413798950124115,0.9246365486365485,0.875,1.0
3163,3,1,164,0.9413798950124115,0.9246365486365485,0.875,1.0
3164,3,1,165,0.9413798950124115,0.9246365486365485,0.875,0.0
3165,3,1,166,0.9413798950124115,0.9246365486365485,0.875,1.0
3166,3,1,167,0.9413798950124115,0.9246365486365485,0.875,1.0
3167,3,1,168,0.9413798950124115,0.9246365486365485,0.875,0.0
3168,3,1,169,0.9413798950124115,0.9246365486365485,0.875,1.0
3169,3,1,170,0.9413798950124115,0.9246365486365485,0.875,1.0
3170,3,1,171,0.9413798950124115,0.9246365486365485,0.875,1.0
3171,3,1,172,0.9413798950124115,0.9246365486365485,0.875,2.0
3172,3,1,173,0.9413798950124115,0.9246365486365485,0.875,1.0
3173,3,1,174,0.9413798950124115,0.9246365486365485,0.875,3.0
3174,3,1,175,0.9413798950124115,0.9246365486365485,0.875,0.0
3175,3,1,176,0.9413798950124115,0.9246365486365485,0.875,1.0
3176,3,1,177,0.9413798950124115,0.9246365486365485,0.875,1.0
3177,3,1,178,0.9413798950124115,0.9246365486365485,0.875,2.0
3178,3,1,179,0.9413798950124115,0.9246365486365485,0.875,0.0
3179,3,1,180,0.9413798950124115,0.9246365486365485,0.875,0.0
3180,3,1,181,0.9413798950124115,0.9246365486365485,0.875,1.0
3181,3,1,182,0.9413798950124115,0.9246365486365485,0.875,1.0
3182,3,1,183,0.9413798950124115,0.9246365486365485,0.875,0.0
3183,3,1,184,0.9413798950124115,0.9246365486365485,0.875,1.0
3184,3,1,185,0.9413798950124115,0.9246365486365485,0.875,1.0
3185,3,1,186,0.9413798950124115,0.9246365486365485,0.875,1.0
3186,3,1,187,0.9413798950124115,0.9246365486365485,0.875,1.0
3187,3,1,188,0.9413798950124115,0.9246365486365485,0.875,1.0
3188,3,1,189,0.9413798950124115,0.9246365486365485,0.875,2.0
3189,3,1,190,0.9413798950124115,0.9246365486365485,0.875,2.0
3190,3,1,191,0.9413798950124115,0.9246365486365485,0.875,0.0
3191,3,1,192,0.9413798950124115,0.9246365486365485,0.875,1.0
3192,3,1,193,0.9413798950124115,0.9246365486365485,0.875,0.0
3193,3,1,194,0.9413798950124115,0.9246365486365485,0.875,2.0
3194,3,1,195,0.9413798950124115,0.9246365486365485,0.875,0.0
3195,3,1,196,0.9413798950124115,0.9246365486365485,0.875,0.0
3196,3,1,197,0.9413798950124115,0.9246365486365485,0.875,2.0
3197,3,1,198,0.9413798950124115,0.9246365486365485,0.875,0.0
3198,3,1,199,0.9413798950124115,0.9246365486365485,0.875,2.0
3199,3,1,200,0.9413798950124115,0.9246365486365485,0.875,0.0
3200,3,2,1,0.928188080263552,0.8889727047146403,0.9375,0.0
3201,3,2,2,0.9378173553557083,0.897588089330025,0.9375,0.0
3202,3,2,3,0.9378173553557083,0.897588089330025,0.9375,0.0
3203,3,2,4,0.9415932914046122,0.9055652973072329,0.9375,0.0
3204,3,2,5,0.9415932914046122,0.9055652973072329,0.9375,0.0
3205,3,2,6,0.9415932914046122,0.9055652973072329,0.9375,0.0
3206,3,2,7,0.9415932914046122,0.9055652973072329,0.9375,0.0
3207,3,2,8,0.9415932914046122,0.9055652973072329,0.9375,0.0
3208,3,2,9,0.9415932914046122,0.9055652973072329,0.9375,0.0
3209,3,2,10,0.9415932914046122,0.9055652973072329,0.9375,0.0
3210,3,2,11,0.9415932914046122,0.9055652973072329,0.9375,0.0
3211,3,2,12,0.9415932914046122,0.9055652973072329,0.9375,0.0
3212,3,2,13,0.9415932914046122,0.9055652973072329,0.9375,0.0
3213,3,2,14,0.9415932914046122,0.9055652973072329,0.9375,0.0
3214,3,2,15,0.9415932914046122,0.9055652973072329,0.9375,1.0
3215,3,2,16,0.9415932914046122,0.9055652973072329,0.9375,0.0
3216,3,2,17,0.9402887987617312,0.9135425052844408,0.9375,2.0
3217,3,2,18,0.9402887987617312,0.9135425052844408,0.9375,0.0
3218,3,2,19,0.9402887987617312,0.9135425052844408,0.9375,0.0
3219,3,2,20,0.9402887987617312,0.9135425052844408,0.9375,1.0
3220,3,2,21,0.9402887987617312,0.9135425052844408,0.9375,2.0
3221,3,2,22,0.9402887987617312,0.9135425052844408,0.9375,3.0
3222,3,2,23,0.9402887987617312,0.9135425052844408,0.9375,0.0
3223,3,2,24,0.9402887987617312,0.9135425052844408,0.9375,0.0
3224,3,2,25,0.9402887987617312,0.9135425052844408,0.9375,0.0
3225,3,2,26,0.9402887987617312,0.9135425052844408,0.9375,0.0
3226,3,2,27,0.9402887987617312,0.9135425052844408,0.9375,0.0
3227,3,2,28,0.9402887987617312,0.9135425052844408,0.9375,0.0
3228,3,2,29,0.9402887987617312,0.9135425052844408,0.9375,0.0
3229,3,2,30,0.9402887987617312,0.9135425052844408,0.9375,0.0
3230,3,2,31,0.9402887987617312,0.9135425052844408,0.9375,0.0
3231,3,2,32,0.9402887987617312,0.9135425052844408,0.9375,2.0
3232,3,2,33,0.9402887987617312,0.9135425052844408,0.9375,2.0
3233,3,2,34,0.9402887987617312,0.9135425052844408,0.9375,2.0
3234,3,2,35,0.9402887987617312,0.9135425052844408,0.9375,1.0
3235,3,2,36,0.9402887987617312,0.9135425052844408,0.9375,4.0
3236,3,2,37,0.9402887987617312,0.9135425052844408,0.9375,0.0
3237,3,2,38,0.9402887987617312,0.9135425052844408,0.9375,0.0
3238,3,2,39,0.9402887987617312,0.9135425052844408,0.9375,1.0
3239,3,2,40,0.9402887987617312,0.9135425052844408,0.9375,1.0
3240,3,2,41,0.9402887987617312,0.9135425052844408,0.9375,0.0
3241,3,2,42,0.9402887987617312,0.9135425052844408,0.9375,0.0
3242,3,2,43,0.9402887987617312,0.9135425052844408,0.9375,0.0
3243,3,2,44,0.9402887987617312,0.9135425052844408,0.9375,0.0
3244,3,2,45,0.9402887987617312,0.9135425052844408,0.9375,1.0
3245,3,2,46,0.9402887987617312,0.9135425052844408,0.9375,2.0
3246,3,2,47,0.9402887987617312,0.9135425052844408,0.9375,0.0
3247,3,2,48,0.9402887987617312,0.9135425052844408,0.9375,2.0
3248,3,2,49,0.9402887987617312,0.9135425052844408,0.9375,1.0
3249,3,2,50,0.9402887987617312,0.9135425052844408,0.9375,0.0
3250,3,2,51,0.9402887987617312,0.9135425052844408,0.9375,0.0
3251,3,2,52,0.9402887987617312,0.9135425052844408,0.9375,5.0
3252,3,2,53,0.9402887987617312,0.9135425052844408,0.9375,2.0
3253,3,2,54,0.9402887987617312,0.9135425052844408,0.9375,0.0
3254,3,2,55,0.9402887987617312,0.9135425052844408,0.9375,0.0
3255,3,2,56,0.9402887987617312,0.9135425052844408,0.9375,0.0
3256,3,2,57,0.9402887987617312,0.9135425052844408,0.9375,0.0
3257,3,2,58,0.9402887987617312,0.9135425052844408,0.9375,1.0
3258,3,2,59,0.9402887987617312,0.9135425052844408,0.9375,1.0
3259,3,2,60,0.9402887987617312,0.9135425052844408,0.9375,2.0
3260,3,2,61,0.9402887987617312,0.9135425052844408,0.9375,0.0
3261,3,2,62,0.9402887987617312,0.9135425052844408,0.9375,0.0
3262,3,2,63,0.9402887987617312,0.9135425052844408,0.9375,2.0
3263,3,2,64,0.9402887987617312,0.9135425052844408,0.9375,1.0
3264,3,2,65,0.9402887987617312,0.9135425052844408,0.9375,1.0
3265,3,2,66,0.9402887987617312,0.9135425052844408,0.9375,0.0
3266,3,2,67,0.9402887987617312,0.9135425052844408,0.9375,4.0
3267,3,2,68,0.9402887987617312,0.9135425052844408,0.9375,0.0
3268,3,2,69,0.9402887987617312,0.9135425052844408,0.9375,1.0
3269,3,2,70,0.9402887987617312,0.9135425052844408,0.9375,1.0
3270,3,2,71,0.9402887987617312,0.9135425052844408,0.9375,1.0
3271,3,2,72,0.9402887987617312,0.9135425052844408,0.9375,1.0
3272,3,2,73,0.9402887987617312,0.9135425052844408,0.9375,0.0
3273,3,2,74,0.9402887987617312,0.9135425052844408,0.9375,1.0
3274,3,2,75,0.9402887987617312,0.9135425052844408,0.9375,0.0
3275,3,2,76,0.9402887987617312,0.9135425052844408,0.9375,2.0
3276,3,2,77,0.9402887987617312,0.9135425052844408,0.9375,0.0
3277,3,2,78,0.9402887987617312,0.9135425052844408,0.9375,1.0
3278,3,2,79,0.9402887987617312,0.9135425052844408,0.9375,2.0
3279,3,2,80,0.9402887987617312,0.9135425052844408,0.9375,1.0
3280,3,2,81,0.9402887987617312,0.9135425052844408,0.9375,1.0
3281,3,2,82,0.9402887987617312,0.9135425052844408,0.9375,1.0
3282,3,2,83,0.9402887987617312,0.9135425052844408,0.9375,3.0
3283,3,2,84,0.9402887987617312,0.9135425052844408,0.9375,0.0
3284,3,2,85,0.9402887987617312,0.9135425052844408,0.9375,1.0
3285,3,2,86,0.9402887987617312,0.9135425052844408,0.9375,1.0
3286,3,2,87,0.9402887987617312,0.9135425052844408,0.9375,0.0
3287,3,2,88,0.9402887987617312,0.9135425052844408,0.9375,0.0
3288,3,2,89,0.9402887987617312,0.9135425052844408,0.9375,1.0
3289,3,2,90,0.9402887987617312,0.9135425052844408,0.9375,2.0
3290,3,2,91,0.9402887987617312,0.9135425052844408,0.9375,1.0
3291,3,2,92,0.9402887987617312,0.9135425052844408,0.9375,1.0
3292,3,2,93,0.9402887987617312,0.9135425052844408,0.9375,1.0
3293,3,2,94,0.9402887987617312,0.9135425052844408,0.9375,0.0
3294,3,2,95,0.9402887987617312,0.9135425052844408,0.9375,1.0
3295,3,2,96,0.9402887987617312,0.9135425052844408,0.9375,0.0
3296,3,2,97,0.9402887987617312,0.9135425052844408,0.9375,0.0
3297,3,2,98,0.9402887987617312,0.9135425052844408,0.9375,5.0
3298,3,2,99,0.9402887987617312,0.9135425052844408,0.9375,2.0
3299,3,2,100,0.9402887987617312,0.9135425052844408,0.9375,0.0
3300,3,2,101,0.9402887987617312,0.9135425052844408,0.9375,0.0
3301,3,2,102,0.9402887987617312,0.9135425052844408,0.9375,1.0
3302,3,2,103,0.9402887987617312,0.9135425052844408,0.9375,0.0
3303,3,2,104,0.9402887987617312,0.9135425052844408,0.9375,2.0
3304,3,2,105,0.9402887987617312,0.9135425052844408,0.9375,1.0
3305,3,2,106,0.9402887987617312,0.9135425052844408,0.9375,1.0
3306,3,2,107,0.9402887987617312,0.9135425052844408,0.9375,0.0
3307,3,2,108,0.9402887987617312,0.9135425052844408,0.9375,1.0
3308,3,2,109,0.9402887987617312,0.9135425052844408,0.9375,1.0
3309,3,2,110,0.9402887987617312,0.9135425052844408,0.9375,0.0
3310,3,2,111,0.9402887987617312,0.9135425052844408,0.9375,1.0
3311,3,2,112,0.9402887987617312,0.9135425052844408,0.9375,2.0
3312,3,2,113,0.9402887987617312,0.9135425052844408,0.9375,1.0
3313,3,2,114,0.9402887987617312,0.9135425052844408,0.9375,1.0
3314,3,2,115,0.9402887987617312,0.9135425052844408,0.9375,0.0
3315,3,2,116,0.9402887987617312,0.9135425052844408,0.9375,3.0
3316,3,2,117,0.9402887987617312,0.9135425052844408,0.9375,0.0
3317,3,2,118,0.9402887987617312,0.9135425052844408,0.9375,0.0
3318,3,2,119,0.9402887987617312,0.9135425052844408,0.9375,1.0
3319,3,2,120,0.9402887987617312,0.9135425052844408,0.9375,2.0
3320,3,2,121,0.9402887987617312,0.9135425052844408,0.9375,0.0
3321,3,2,122,0.9402887987617312,0.9135425052844408,0.9375,1.0
3322,3,2,123,0.9402887987617312,0.9135425052844408,0.9375,0.0
3323,3,2,124,0.9402887987617312,0.9135425052844408,0.9375,3.0
3324,3,2,125,0.9402887987617312,0.9135425052844408,0.9375,0.0
3325,3,2,126,0.9402887987617312,0.9135425052844408,0.9375,1.0
3326,3,2,127,0.9402887987617312,0.9135425052844408,0.9375,1.0
3327,3,2,128,0.9402887987617312,0.9135425052844408,0.9375,2.0
3328,3,2,129,0.9402887987617312,0.9135425052844408,0.9375,0.0
3329,3,2,130,0.9402887987617312,0.9135425052844408,0.9375,1.0
3330,3,2,131,0.9402887987617312,0.9135425052844408,0.9375,1.0
3331,3,2,132,0.9402887987617312,0.9135425052844408,0.9375,0.0
3332,3,2,133,0.9402887987617312,0.9135425052844408,0.9375,4.0
3333,3,2,134,0.9402887987617312,0.9135425052844408,0.9375,1.0
3334,3,2,135,0.9402887987617312,0.9135425052844408,0.9375,0.0
3335,3,2,136,0.9402887987617312,0.9135425052844408,0.9375,1.0
3336,3,2,137,0.9402887987617312,0.9135425052844408,0.9375,0.0
3337,3,2,138,0.9402887987617312,0.9135425052844408,0.9375,1.0
3338,3,2,139,0.9402887987617312,0.9135425052844408,0.9375,1.0
3339,3,2,140,0.9402887987617312,0.9135425052844408,0.9375,0.0
3340,3,2,141,0.9402887987617312,0.9135425052844408,0.9375,1.0
3341,3,2,142,0.9402887987617312,0.9135425052844408,0.9375,0.0
3342,3,2,143,0.9402887987617312,0.9135425052844408,0.9375,2.0
3343,3,2,144,0.9402887987617312,0.9135425052844408,0.9375,1.0
3344,3,2,145,0.9402887987617312,0.9135425052844408,0.9375,2.0
3345,3,2,146,0.9402887987617312,0.9135425052844408,0.9375,2.0
3346,3,2,147,0.9402887987617312,0.9135425052844408,0.9375,1.0
3347,3,2,148,0.9402887987617312,0.9135425052844408,0.9375,2.0
3348,3,2,149,0.9402887987617312,0.9135425052844408,0.9375,0.0
3349,3,2,150,0.9402887987617312,0.9135425052844408,0.9375,0.0
3350,3,2,151,0.9402887987617312,0.9135425052844408,0.9375,2.0
3351,3,2,152,0.9402887987617312,0.9135425052844408,0.9375,0.0
3352,3,2,153,0.9402887987617312,0.9135425052844408,0.9375,1.0
3353,3,2,154,0.9402887987617312,0.9135425052844408,0.9375,1.0
3354,3,2,155,0.9402887987617312,0.9135425052844408,0.9375,0.0
3355,3,2,156,0.9402887987617312,0.9135425052844408,0.9375,0.0
3356,3,2,157,0.9402887987617312,0.9135425052844408,0.9375,1.0
3357,3,2,158,0.9402887987617312,0.9135425052844408,0.9375,2.0
3358,3,2,159,0.9402887987617312,0.9135425052844408,0.9375,1.0
3359,3,2,160,0.9402887987617312,0.9135425052844408,0.9375,0.0
3360,3,2,161,0.9402887987617312,0.9135425052844408,0.9375,1.0
3361,3,2,162,0.9402887987617312,0.9135425052844408,0.9375,0.0
3362,3,2,163,0.9402887987617312,0.9135425052844408,0.9375,3.0
3363,3,2,164,0.9402887987617312,0.9135425052844408,0.9375,1.0
3364,3,2,165,0.9402887987617312,0.9135425052844408,0.9375,1.0
3365,3,2,166,0.9402887987617312,0.9135425052844408,0.9375,1.0
3366,3,2,167,0.9402887987617312,0.9135425052844408,0.9375,0.0
3367,3,2,168,0.9402887987617312,0.9135425052844408,0.9375,1.0
3368,3,2,169,0.9402887987617312,0.9135425052844408,0.9375,1.0
3369,3,2,170,0.9402887987617312,0.9135425052844408,0.9375,1.0
3370,3,2,171,0.9402887987617312,0.9135425052844408,0.9375,0.0
3371,3,2,172,0.9402887987617312,0.9135425052844408,0.9375,0.0
3372,3,2,173,0.9402887987617312,0.9135425052844408,0.9375,2.0
3373,3,2,174,0.9402887987617312,0.9135425052844408,0.9375,1.0
3374,3,2,175,0.9402887987617312,0.9135425052844408,0.9375,2.0
3375,3,2,176,0.9402887987617312,0.9135425052844408,0.9375,1.0
3376,3,2,177,0.9402887987617312,0.9135425052844408,0.9375,1.0
3377,3,2,178,0.9402887987617312,0.9135425052844408,0.9375,1.0
3378,3,2,179,0.9402887987617312,0.9135425052844408,0.9375,0.0
3379,3,2,180,0.9402887987617312,0.9135425052844408,0.9375,1.0
3380,3,2,181,0.9402887987617312,0.9135425052844408,0.9375,3.0
3381,3,2,182,0.9402887987617312,0.9135425052844408,0.9375,0.0
3382,3,2,183,0.9402887987617312,0.9135425052844408,0.9375,2.0
3383,3,2,184,0.9402887987617312,0.9135425052844408,0.9375,1.0
3384,3,2,185,0.9402887987617312,0.9135425052844408,0.9375,0.0
3385,3,2,186,0.9402887987617312,0.9135425052844408,0.9375,0.0
3386,3,2,187,0.9402887987617312,0.9135425052844408,0.9375,0.0
3387,3,2,188,0.9402887987617312,0.9135425052844408,0.9375,1.0
3388,3,2,189,0.9402887987617312,0.9135425052844408,0.9375,3.0
3389,3,2,190,0.9402887987617312,0.9135425052844408,0.9375,0.0
3390,3,2,191,0.9402887987617312,0.9135425052844408,0.9375,1.0
3391,3,2,192,0.9402887987617312,0.9135425052844408,0.9375,3.0
3392,3,2,193,0.9402887987617312,0.9135425052844408,0.9375,0.0
3393,3,2,194,0.9402887987617312,0.9135425052844408,0.9375,1.0
3394,3,2,195,0.9402887987617312,0.9135425052844408,0.9375,2.0
3395,3,2,196,0.9402887987617312,0.9135425052844408,0.9375,0.0
3396,3,2,197,0.9402887987617312,0.9135425052844408,0.9375,0.0
3397,3,2,198,0.9402887987617312,0.9135425052844408,0.9375,0.0
3398,3,2,199,0.9402887987617312,0.9135425052844408,0.9375,0.0
3399,3,2,200,0.9402887987617312,0.9135425052844408,0.9375,2.0
3400,3,3,1,0.9616625289831153,0.9092981092981093,0.8387096774193549,0.0
3401,3,3,2,0.9616625289831153,0.9092981092981093,0.8387096774193549,0.0
3402,3,3,3,0.9616625289831153,0.9092981092981093,0.8387096774193549,0.0
3403,3,3,4,0.9616625289831153,0.9092981092981093,0.8387096774193549,0.0
3404,3,3,5,0.9616625289831153,0.9092981092981093,0.8387096774193549,0.0
3405,3,3,6,0.9616625289831153,0.9092981092981093,0.8387096774193549,0.0
3406,3,3,7,0.9616625289831153,0.9092981092981093,0.8387096774193549,0.0
3407,3,3,8,0.9616625289831153,0.9092981092981093,0.8387096774193549,0.0
3408,3,3,9,0.9508569453523583,0.9172753172753172,0.9375,0.0
3409,3,3,10,0.9508569453523583,0.9172753172753172,0.9375,0.0
3410,3,3,11,0.9508569453523583,0.9172753172753172,0.9375,0.0
3411,3,3,12,0.9508569453523583,0.9172753172753172,0.9375,0.0
3412,3,3,13,0.9508569453523583,0.9172753172753172,0.9375,0.0
3413,3,3,14,0.9508569453523583,0.9172753172753172,0.9375,1.0
3414,3,3,15,0.9508569453523583,0.9172753172753172,0.9375,2.0
3415,3,3,16,0.9508569453523583,0.9172753172753172,0.9375,0.0
3416,3,3,17,0.9508569453523583,0.9172753172753172,0.9375,1.0
3417,3,3,18,0.9508569453523583,0.9172753172753172,0.9375,1.0
3418,3,3,19,0.9508569453523583,0.9172753172753172,0.9375,1.0
3419,3,3,20,0.9508569453523583,0.9172753172753172,0.9375,1.0
3420,3,3,21,0.9508569453523583,0.9172753172753172,0.9375,2.0
3421,3,3,22,0.9508569453523583,0.9172753172753172,0.9375,1.0
3422,3,3,23,0.9508569453523583,0.9172753172753172,0.9375,0.0
3423,3,3,24,0.9508569453523583,0.9172753172753172,0.9375,2.0
3424,3,3,25,0.9508569453523583,0.9172753172753172,0.9375,0.0
3425,3,3,26,0.9508569453523583,0.9172753172753172,0.9375,0.0
3426,3,3,27,0.9508569453523583,0.9172753172753172,0.9375,1.0
3427,3,3,28,0.9508569453523583,0.9172753172753172,0.9375,1.0
3428,3,3,29,0.9508569453523583,0.9172753172753172,0.9375,0.0
3429,3,3,30,0.9508569453523583,0.9172753172753172,0.9375,0.0
3430,3,3,31,0.9508569453523583,0.9172753172753172,0.9375,1.0
3431,3,3,32,0.9508569453523583,0.9172753172753172,0.9375,1.0
3432,3,3,33,0.9508569453523583,0.9172753172753172,0.9375,3.0
3433,3,3,34,0.9508569453523583,0.9172753172753172,0.9375,4.0
3434,3,3,35,0.9508569453523583,0.9172753172753172,0.9375,1.0
3435,3,3,36,0.9508569453523583,0.9172753172753172,0.9375,1.0
3436,3,3,37,0.9508569453523583,0.9172753172753172,0.9375,0.0
3437,3,3,38,0.9508569453523583,0.9172753172753172,0.9375,0.0
3438,3,3,39,0.9508569453523583,0.9172753172753172,0.9375,1.0
3439,3,3,40,0.9508569453523583,0.9172753172753172,0.9375,0.0
3440,3,3,41,0.9508569453523583,0.9172753172753172,0.9375,1.0
3441,3,3,42,0.9508569453523583,0.9172753172753172,0.9375,1.0
3442,3,3,43,0.9508569453523583,0.9172753172753172,0.9375,0.0
3443,3,3,44,0.9508569453523583,0.9172753172753172,0.9375,1.0
3444,3,3,45,0.9508569453523583,0.9172753172753172,0.9375,0.0
3445,3,3,46,0.9508569453523583,0.9172753172753172,0.9375,0.0
3446,3,3,47,0.9508569453523583,0.9172753172753172,0.9375,2.0
3447,3,3,48,0.9508569453523583,0.9172753172753172,0.9375,1.0
3448,3,3,49,0.9508569453523583,0.9172753172753172,0.9375,0.0
3449,3,3,50,0.9508569453523583,0.9172753172753172,0.9375,3.0
3450,3,3,51,0.9508569453523583,0.9172753172753172,0.9375,1.0
3451,3,3,52,0.9508569453523583,0.9172753172753172,0.9375,1.0
3452,3,3,53,0.9508569453523583,0.9172753172753172,0.9375,0.0
3453,3,3,54,0.9508569453523583,0.9172753172753172,0.9375,1.0
3454,3,3,55,0.9508569453523583,0.9172753172753172,0.9375,0.0
3455,3,3,56,0.9508569453523583,0.9172753172753172,0.9375,2.0
3456,3,3,57,0.9508569453523583,0.9172753172753172,0.9375,2.0
3457,3,3,58,0.9508569453523583,0.9172753172753172,0.9375,0.0
3458,3,3,59,0.9508569453523583,0.9172753172753172,0.9375,0.0
3459,3,3,60,0.9508569453523583,0.9172753172753172,0.9375,1.0
3460,3,3,61,0.9508569453523583,0.9172753172753172,0.9375,0.0
3461,3,3,62,0.9508569453523583,0.9172753172753172,0.9375,3.0
3462,3,3,63,0.9508569453523583,0.9172753172753172,0.9375,0.0
3463,3,3,64,0.9508569453523583,0.9172753172753172,0.9375,1.0
3464,3,3,65,0.9508569453523583,0.9172753172753172,0.9375,0.0
3465,3,3,66,0.9508569453523583,0.9172753172753172,0.9375,2.0
3466,3,3,67,0.9508569453523583,0.9172753172753172,0.9375,2.0
3467,3,3,68,0.9508569453523583,0.9172753172753172,0.9375,0.0
3468,3,3,69,0.9508569453523583,0.9172753172753172,0.9375,3.0
3469,3,3,70,0.9508569453523583,0.9172753172753172,0.9375,0.0
3470,3,3,71,0.9508569453523583,0.9172753172753172,0.9375,1.0
3471,3,3,72,0.9508569453523583,0.9172753172753172,0.9375,0.0
3472,3,3,73,0.9508569453523583,0.9172753172753172,0.9375,0.0
3473,3,3,74,0.9508569453523583,0.9172753172753172,0.9375,1.0
3474,3,3,75,0.9508569453523583,0.9172753172753172,0.9375,1.0
3475,3,3,76,0.9508569453523583,0.9172753172753172,0.9375,1.0
3476,3,3,77,0.9508569453523583,0.9172753172753172,0.9375,0.0
3477,3,3,78,0.9508569453523583,0.9172753172753172,0.9375,2.0
3478,3,3,79,0.9508569453523583,0.9172753172753172,0.9375,0.0
3479,3,3,80,0.9508569453523583,0.9172753172753172,0.9375,2.0
3480,3,3,81,0.9508569453523583,0.9172753172753172,0.9375,1.0
3481,3,3,82,0.9508569453523583,0.9172753172753172,0.9375,1.0
3482,3,3,83,0.9508569453523583,0.9172753172753172,0.9375,0.0
3483,3,3,84,0.9508569453523583,0.9172753172753172,0.9375,0.0
3484,3,3,85,0.9508569453523583,0.9172753172753172,0.9375,0.0
3485,3,3,86,0.9508569453523583,0.9172753172753172,0.9375,0.0
3486,3,3,87,0.9508569453523583,0.9172753172753172,0.9375,3.0
3487,3,3,88,0.9508569453523583,0.9172753172753172,0.9375,1.0
3488,3,3,89,0.9508569453523583,0.9172753172753172,0.9375,0.0
3489,3,3,90,0.9508569453523583,0.9172753172753172,0.9375,0.0
3490,3,3,91,0.9508569453523583,0.9172753172753172,0.9375,2.0
3491,3,3,92,0.9508569453523583,0.9172753172753172,0.9375,3.0
3492,3,3,93,0.9508569453523583,0.9172753172753172,0.9375,1.0
3493,3,3,94,0.9508569453523583,0.9172753172753172,0.9375,1.0
3494,3,3,95,0.9508569453523583,0.9172753172753172,0.9375,0.0
3495,3,3,96,0.9508569453523583,0.9172753172753172,0.9375,2.0
3496,3,3,97,0.9508569453523583,0.9172753172753172,0.9375,0.0
3497,3,3,98,0.9508569453523583,0.9172753172753172,0.9375,1.0
3498,3,3,99,0.9508569453523583,0.9172753172753172,0.9375,1.0
3499,3,3,100,0.9508569453523583,0.9172753172753172,0.9375,1.0
3500,3,3,101,0.9508569453523583,0.9172753172753172,0.9375,0.0
3501,3,3,102,0.9508569453523583,0.9172753172753172,0.9375,1.0
3502,3,3,103,0.9508569453523583,0.9172753172753172,0.9375,1.0
3503,3,3,104,0.9508569453523583,0.9172753172753172,0.9375,1.0
3504,3,3,105,0.9508569453523583,0.9172753172753172,0.9375,2.0
3505,3,3,106,0.9508569453523583,0.9172753172753172,0.9375,0.0
3506,3,3,107,0.9508569453523583,0.9172753172753172,0.9375,1.0
3507,3,3,108,0.9508569453523583,0.9172753172753172,0.9375,0.0
3508,3,3,109,0.9508569453523583,0.9172753172753172,0.9375,1.0
3509,3,3,110,0.9508569453523583,0.9172753172753172,0.9375,3.0
3510,3,3,111,0.9508569453523583,0.9172753172753172,0.9375,1.0
3511,3,3,112,0.9508569453523583,0.9172753172753172,0.9375,1.0
3512,3,3,113,0.9508569453523583,0.9172753172753172,0.9375,0.0
3513,3,3,114,0.9508569453523583,0.9172753172753172,0.9375,1.0
3514,3,3,115,0.9508569453523583,0.9172753172753172,0.9375,0.0
3515,3,3,116,0.9508569453523583,0.9172753172753172,0.9375,0.0
3516,3,3,117,0.9508569453523583,0.9172753172753172,0.9375,2.0
3517,3,3,118,0.9508569453523583,0.9172753172753172,0.9375,0.0
3518,3,3,119,0.9508569453523583,0.9172753172753172,0.9375,2.0
3519,3,3,120,0.9508569453523583,0.9172753172753172,0.9375,2.0
3520,3,3,121,0.9508569453523583,0.9172753172753172,0.9375,0.0
3521,3,3,122,0.9508569453523583,0.9172753172753172,0.9375,1.0
3522,3,3,123,0.9508569453523583,0.9172753172753172,0.9375,0.0
3523,3,3,124,0.9508569453523583,0.9172753172753172,0.9375,2.0
3524,3,3,125,0.9508569453523583,0.9172753172753172,0.9375,1.0
3525,3,3,126,0.9508569453523583,0.9172753172753172,0.9375,0.0
3526,3,3,127,0.9508569453523583,0.9172753172753172,0.9375,2.0
3527,3,3,128,0.9508569453523583,0.9172753172753172,0.9375,1.0
3528,3,3,129,0.9508569453523583,0.9172753172753172,0.9375,0.0
3529,3,3,130,0.9508569453523583,0.9172753172753172,0.9375,1.0
3530,3,3,131,0.9508569453523583,0.9172753172753172,0.9375,0.0
3531,3,3,132,0.9508569453523583,0.9172753172753172,0.9375,2.0
3532,3,3,133,0.9508569453523583,0.9172753172753172,0.9375,1.0
3533,3,3,134,0.9508569453523583,0.9172753172753172,0.9375,0.0
3534,3,3,135,0.9508569453523583,0.9172753172753172,0.9375,3.0
3535,3,3,136,0.9508569453523583,0.9172753172753172,0.9375,0.0
3536,3,3,137,0.9508569453523583,0.9172753172753172,0.9375,0.0
3537,3,3,138,0.9508569453523583,0.9172753172753172,0.9375,0.0
3538,3,3,139,0.9508569453523583,0.9172753172753172,0.9375,1.0
3539,3,3,140,0.9508569453523583,0.9172753172753172,0.9375,3.0
3540,3,3,141,0.9508569453523583,0.9172753172753172,0.9375,1.0
3541,3,3,142,0.9508569453523583,0.9172753172753172,0.9375,1.0
3542,3,3,143,0.9508569453523583,0.9172753172753172,0.9375,0.0
3543,3,3,144,0.9508569453523583,0.9172753172753172,0.9375,1.0
3544,3,3,145,0.9508569453523583,0.9172753172753172,0.9375,2.0
3545,3,3,146,0.9508569453523583,0.9172753172753172,0.9375,0.0
3546,3,3,147,0.9508569453523583,0.9172753172753172,0.9375,1.0
3547,3,3,148,0.9508569453523583,0.9172753172753172,0.9375,1.0
3548,3,3,149,0.9508569453523583,0.9172753172753172,0.9375,1.0
3549,3,3,150,0.9508569453523583,0.9172753172753172,0.9375,2.0
3550,3,3,151,0.9508569453523583,0.9172753172753172,0.9375,1.0
3551,3,3,152,0.9508569453523583,0.9172753172753172,0.9375,0.0
3552,3,3,153,0.9508569453523583,0.9172753172753172,0.9375,1.0
3553,3,3,154,0.9508569453523583,0.9172753172753172,0.9375,0.0
3554,3,3,155,0.9508569453523583,0.9172753172753172,0.9375,2.0
3555,3,3,156,0.9508569453523583,0.9172753172753172,0.9375,2.0
3556,3,3,157,0.9508569453523583,0.9172753172753172,0.9375,1.0
3557,3,3,158,0.9508569453523583,0.9172753172753172,0.9375,0.0
3558,3,3,159,0.9508569453523583,0.9172753172753172,0.9375,1.0
3559,3,3,160,0.9508569453523583,0.9172753172753172,0.9375,1.0
3560,3,3,161,0.9508569453523583,0.9172753172753172,0.9375,2.0
3561,3,3,162,0.9508569453523583,0.9172753172753172,0.9375,1.0
3562,3,3,163,0.9508569453523583,0.9172753172753172,0.9375,0.0
3563,3,3,164,0.9508569453523583,0.9172753172753172,0.9375,0.0
3564,3,3,165,0.9508569453523583,0.9172753172753172,0.9375,0.0
3565,3,3,166,0.9508569453523583,0.9172753172753172,0.9375,3.0
3566,3,3,167,0.9508569453523583,0.9172753172753172,0.9375,0.0
3567,3,3,168,0.9508569453523583,0.9172753172753172,0.9375,2.0
3568,3,3,169,0.9508569453523583,0.9172753172753172,0.9375,0.0
3569,3,3,170,0.9508569453523583,0.9172753172753172,0.9375,3.0
3570,3,3,171,0.9508569453523583,0.9172753172753172,0.9375,1.0
3571,3,3,172,0.9508569453523583,0.9172753172753172,0.9375,0.0
3572,3,3,173,0.9508569453523583,0.9172753172753172,0.9375,0.0
3573,3,3,174,0.9508569453523583,0.9172753172753172,0.9375,0.0
3574,3,3,175,0.9508569453523583,0.9172753172753172,0.9375,2.0
3575,3,3,176,0.9508569453523583,0.9172753172753172,0.9375,3.0
3576,3,3,177,0.9508569453523583,0.9172753172753172,0.9375,1.0
3577,3,3,178,0.9508569453523583,0.9172753172753172,0.9375,0.0
3578,3,3,179,0.9508569453523583,0.9172753172753172,0.9375,0.0
3579,3,3,180,0.9508569453523583,0.9172753172753172,0.9375,1.0
3580,3,3,181,0.9508569453523583,0.9172753172753172,0.9375,1.0
3581,3,3,182,0.9508569453523583,0.9172753172753172,0.9375,2.0
3582,3,3,183,0.9508569453523583,0.9172753172753172,0.9375,0.0
3583,3,3,184,0.9508569453523583,0.9172753172753172,0.9375,2.0
3584,3,3,185,0.9508569453523583,0.9172753172753172,0.9375,0.0
3585,3,3,186,0.9508569453523583,0.9172753172753172,0.9375,1.0
3586,3,3,187,0.9508569453523583,0.9172753172753172,0.9375,1.0
3587,3,3,188,0.9508569453523583,0.9172753172753172,0.9375,1.0
3588,3,3,189,0.9508569453523583,0.9172753172753172,0.9375,2.0
3589,3,3,190,0.9508569453523583,0.9172753172753172,0.9375,2.0
3590,3,3,191,0.9508569453523583,0.9172753172753172,0.9375,0.0
3591,3,3,192,0.9508569453523583,0.9172753172753172,0.9375,0.0
3592,3,3,193,0.9508569453523583,0.9172753172753172,0.9375,1.0
3593,3,3,194,0.9508569453523583,0.9172753172753172,0.9375,0.0
3594,3,3,195,0.9508569453523583,0.9172753172753172,0.9375,1.0
3595,3,3,196,0.9508569453523583,0.9172753172753172,0.9375,2.0
3596,3,3,197,0.9508569453523583,0.9172753172753172,0.9375,0.0
3597,3,3,198,0.9508569453523583,0.9172753172753172,0.9375,2.0
3598,3,3,199,0.9508569453523583,0.9172753172753172,0.9375,0.0
3599,3,3,200,0.9508569453523583,0.9172753172753172,0.9375,2.0
3600,3,4,1,0.9514309768395014,0.947008547008547,0.875,0.0
3601,3,4,2,0.9514309768395014,0.947008547008547,0.875,0.0
3602,3,4,3,0.9514309768395014,0.947008547008547,0.875,0.0
3603,3,4,4,0.9514309768395014,0.947008547008547,0.875,0.0
3604,3,4,5,0.9514309768395014,0.947008547008547,0.875,0.0
3605,3,4,6,0.9514309768395014,0.947008547008547,0.875,0.0
3606,3,4,7,0.9514309768395014,0.947008547008547,0.875,0.0
3607,3,4,8,0.9514309768395014,0.947008547008547,0.875,0.0
3608,3,4,9,0.9514309768395014,0.947008547008547,0.875,0.0
3609,3,4,10,0.9514309768395014,0.947008547008547,0.875,0.0
3610,3,4,11,0.9514309768395014,0.947008547008547,0.875,0.0
3611,3,4,12,0.9532344546980414,0.9481074481074481,0.875,0.0
3612,3,4,13,0.9532344546980414,0.9481074481074481,0.875,1.0
3613,3,4,14,0.9532344546980414,0.9481074481074481,0.875,1.0
3614,3,4,15,0.9551728416831573,0.9549857549857549,0.875,0.0
3615,3,4,16,0.9551728416831573,0.9549857549857549,0.875,0.0
3616,3,4,17,0.9551728416831573,0.9549857549857549,0.875,1.0
3617,3,4,18,0.9551728416831573,0.9549857549857549,0.875,0.0
3618,3,4,19,0.9551728416831573,0.9549857549857549,0.875,0.0
3619,3,4,20,0.9551728416831573,0.9549857549857549,0.875,0.0
3620,3,4,21,0.9551728416831573,0.9549857549857549,0.875,0.0
3621,3,4,22,0.9551728416831573,0.9549857549857549,0.875,0.0
3622,3,4,23,0.9551728416831573,0.9549857549857549,0.875,2.0
3623,3,4,24,0.9551728416831573,0.9549857549857549,0.875,3.0
3624,3,4,25,0.9551728416831573,0.9549857549857549,0.875,0.0
3625,3,4,26,0.9551728416831573,0.9549857549857549,0.875,0.0
3626,3,4,27,0.9551728416831573,0.9549857549857549,0.875,1.0
3627,3,4,28,0.9551728416831573,0.9549857549857549,0.875,0.0
3628,3,4,29,0.9551728416831573,0.9549857549857549,0.875,1.0
3629,3,4,30,0.9551728416831573,0.9549857549857549,0.875,0.0
3630,3,4,31,0.9551728416831573,0.9549857549857549,0.875,1.0
3631,3,4,32,0.9551728416831573,0.9549857549857549,0.875,1.0
3632,3,4,33,0.9551728416831573,0.9549857549857549,0.875,0.0
3633,3,4,34,0.9551728416831573,0.9549857549857549,0.875,0.0
3634,3,4,35,0.9551728416831573,0.9549857549857549,0.875,1.0
3635,3,4,36,0.9551728416831573,0.9549857549857549,0.875,1.0
3636,3,4,37,0.9551728416831573,0.9549857549857549,0.875,1.0
3637,3,4,38,0.9551728416831573,0.9549857549857549,0.875,2.0
3638,3,4,39,0.9551728416831573,0.9549857549857549,0.875,1.0
3639,3,4,40,0.9551728416831573,0.9549857549857549,0.875,0.0
3640,3,4,41,0.9551728416831573,0.9549857549857549,0.875,1.0
3641,3,4,42,0.9551728416831573,0.9549857549857549,0.875,1.0
3642,3,4,43,0.9551728416831573,0.9549857549857549,0.875,1.0
3643,3,4,44,0.9551728416831573,0.9549857549857549,0.875,2.0
3644,3,4,45,0.9551728416831573,0.9549857549857549,0.875,2.0
3645,3,4,46,0.9551728416831573,0.9549857549857549,0.875,0.0
3646,3,4,47,0.9551728416831573,0.9549857549857549,0.875,0.0
3647,3,4,48,0.9551728416831573,0.9549857549857549,0.875,2.0
3648,3,4,49,0.9551728416831573,0.9549857549857549,0.875,1.0
3649,3,4,50,0.9551728416831573,0.9549857549857549,0.875,0.0
3650,3,4,51,0.9551728416831573,0.9549857549857549,0.875,1.0
3651,3,4,52,0.9551728416831573,0.9549857549857549,0.875,1.0
3652,3,4,53,0.9551728416831573,0.9549857549857549,0.875,1.0
3653,3,4,54,0.9551728416831573,0.9549857549857549,0.875,2.0
3654,3,4,55,0.9551728416831573,0.9549857549857549,0.875,0.0
3655,3,4,56,0.9551728416831573,0.9549857549857549,0.875,0.0
3656,3,4,57,0.9551728416831573,0.9549857549857549,0.875,1.0
3657,3,4,58,0.9551728416831573,0.9549857549857549,0.875,2.0
3658,3,4,59,0.9551728416831573,0.9549857549857549,0.875,0.0
3659,3,4,60,0.9551728416831573,0.9549857549857549,0.875,1.0
3660,3,4,61,0.9551728416831573,0.9549857549857549,0.875,2.0
3661,3,4,62,0.9551728416831573,0.9549857549857549,0.875,0.0
3662,3,4,63,0.9551728416831573,0.9549857549857549,0.875,1.0
3663,3,4,64,0.9551728416831573,0.9549857549857549,0.875,0.0
3664,3,4,65,0.9551728416831573,0.9549857549857549,0.875,1.0
3665,3,4,66,0.9551728416831573,0.9549857549857549,0.875,1.0
3666,3,4,67,0.9551728416831573,0.9549857549857549,0.875,1.0
3667,3,4,68,0.9551728416831573,0.9549857549857549,0.875,2.0
3668,3,4,69,0.9551728416831573,0.9549857549857549,0.875,2.0
3669,3,4,70,0.9551728416831573,0.9549857549857549,0.875,1.0
3670,3,4,71,0.9551728416831573,0.9549857549857549,0.875,1.0
3671,3,4,72,0.9551728416831573,0.9549857549857549,0.875,0.0
3672,3,4,73,0.9551728416831573,0.9549857549857549,0.875,0.0
3673,3,4,74,0.9551728416831573,0.9549857549857549,0.875,2.0
3674,3,4,75,0.9551728416831573,0.9549857549857549,0.875,2.0
3675,3,4,76,0.9551728416831573,0.9549857549857549,0.875,0.0
3676,3,4,77,0.9551728416831573,0.9549857549857549,0.875,0.0
3677,3,4,78,0.9551728416831573,0.9549857549857549,0.875,1.0
3678,3,4,79,0.9551728416831573,0.9549857549857549,0.875,1.0
3679,3,4,80,0.9551728416831573,0.9549857549857549,0.875,1.0
3680,3,4,81,0.9551728416831573,0.9549857549857549,0.875,0.0
3681,3,4,82,0.9551728416831573,0.9549857549857549,0.875,2.0
3682,3,4,83,0.9551728416831573,0.9549857549857549,0.875,2.0
3683,3,4,84,0.9551728416831573,0.9549857549857549,0.875,0.0
3684,3,4,85,0.9551728416831573,0.9549857549857549,0.875,2.0
3685,3,4,86,0.9551728416831573,0.9549857549857549,0.875,1.0
3686,3,4,87,0.9551728416831573,0.9549857549857549,0.875,2.0
3687,3,4,88,0.9551728416831573,0.9549857549857549,0.875,0.0
3688,3,4,89,0.9551728416831573,0.9549857549857549,0.875,0.0
3689,3,4,90,0.9551728416831573,0.9549857549857549,0.875,1.0
3690,3,4,91,0.9551728416831573,0.9549857549857549,0.875,1.0
3691,3,4,92,0.9551728416831573,0.9549857549857549,0.875,1.0
3692,3,4,93,0.9551728416831573,0.9549857549857549,0.875,1.0
3693,3,4,94,0.9551728416831573,0.9549857549857549,0.875,0.0
3694,3,4,95,0.9551728416831573,0.9549857549857549,0.875,0.0
3695,3,4,96,0.9551728416831573,0.9549857549857549,0.875,3.0
3696,3,4,97,0.9551728416831573,0.9549857549857549,0.875,0.0
3697,3,4,98,0.9551728416831573,0.9549857549857549,0.875,1.0
3698,3,4,99,0.9551728416831573,0.9549857549857549,0.875,0.0
3699,3,4,100,0.9551728416831573,0.9549857549857549,0.875,1.0
3700,3,4,101,0.9551728416831573,0.9549857549857549,0.875,2.0
3701,3,4,102,0.9551728416831573,0.9549857549857549,0.875,1.0
3702,3,4,103,0.9551728416831573,0.9549857549857549,0.875,1.0
3703,3,4,104,0.9551728416831573,0.9549857549857549,0.875,2.0
3704,3,4,105,0.9551728416831573,0.9549857549857549,0.875,0.0
3705,3,4,106,0.9551728416831573,0.9549857549857549,0.875,0.0
3706,3,4,107,0.9551728416831573,0.9549857549857549,0.875,1.0
3707,3,4,108,0.9551728416831573,0.9549857549857549,0.875,1.0
3708,3,4,109,0.9551728416831573,0.9549857549857549,0.875,3.0
3709,3,4,110,0.9551728416831573,0.9549857549857549,0.875,0.0
3710,3,4,111,0.9551728416831573,0.9549857549857549,0.875,0.0
3711,3,4,112,0.9551728416831573,0.9549857549857549,0.875,2.0
3712,3,4,113,0.9551728416831573,0.9549857549857549,0.875,2.0
3713,3,4,114,0.9551728416831573,0.9549857549857549,0.875,1.0
3714,3,4,115,0.9551728416831573,0.9549857549857549,0.875,1.0
3715,3,4,116,0.9551728416831573,0.9549857549857549,0.875,0.0
3716,3,4,117,0.9551728416831573,0.9549857549857549,0.875,0.0
3717,3,4,118,0.9551728416831573,0.9549857549857549,0.875,0.0
3718,3,4,119,0.9551728416831573,0.9549857549857549,0.875,3.0
3719,3,4,120,0.9551728416831573,0.9549857549857549,0.875,0.0
3720,3,4,121,0.9551728416831573,0.9549857549857549,0.875,1.0
3721,3,4,122,0.9551728416831573,0.9549857549857549,0.875,2.0
3722,3,4,123,0.9551728416831573,0.9549857549857549,0.875,0.0
3723,3,4,124,0.9551728416831573,0.9549857549857549,0.875,1.0
3724,3,4,125,0.9551728416831573,0.9549857549857549,0.875,1.0
3725,3,4,126,0.9551728416831573,0.9549857549857549,0.875,1.0
3726,3,4,127,0.9551728416831573,0.9549857549857549,0.875,3.0
3727,3,4,128,0.9551728416831573,0.9549857549857549,0.875,0.0
3728,3,4,129,0.9551728416831573,0.9549857549857549,0.875,0.0
3729,3,4,130,0.9551728416831573,0.9549857549857549,0.875,2.0
3730,3,4,131,0.9551728416831573,0.9549857549857549,0.875,0.0
3731,3,4,132,0.9551728416831573,0.9549857549857549,0.875,2.0
3732,3,4,133,0.9551728416831573,0.9549857549857549,0.875,0.0
3733,3,4,134,0.9551728416831573,0.9549857549857549,0.875,0.0
3734,3,4,135,0.9551728416831573,0.9549857549857549,0.875,1.0
3735,3,4,136,0.9551728416831573,0.9549857549857549,0.875,1.0
3736,3,4,137,0.9551728416831573,0.9549857549857549,0.875,1.0
3737,3,4,138,0.9551728416831573,0.9549857549857549,0.875,2.0
3738,3,4,139,0.9551728416831573,0.9549857549857549,0.875,0.0
3739,3,4,140,0.9551728416831573,0.9549857549857549,0.875,0.0
3740,3,4,141,0.9551728416831573,0.9549857549857549,0.875,1.0
3741,3,4,142,0.9551728416831573,0.9549857549857549,0.875,2.0
3742,3,4,143,0.9551728416831573,0.9549857549857549,0.875,0.0
3743,3,4,144,0.9551728416831573,0.9549857549857549,0.875,3.0
3744,3,4,145,0.9551728416831573,0.9549857549857549,0.875,1.0
3745,3,4,146,0.9551728416831573,0.9549857549857549,0.875,1.0
3746,3,4,147,0.9551728416831573,0.9549857549857549,0.875,0.0
3747,3,4,148,0.9551728416831573,0.9549857549857549,0.875,1.0
3748,3,4,149,0.9551728416831573,0.9549857549857549,0.875,2.0
3749,3,4,150,0.9551728416831573,0.9549857549857549,0.875,0.0
3750,3,4,151,0.9551728416831573,0.9549857549857549,0.875,1.0
3751,3,4,152,0.9551728416831573,0.9549857549857549,0.875,0.0
3752,3,4,153,0.9551728416831573,0.9549857549857549,0.875,0.0
3753,3,4,154,0.9551728416831573,0.9549857549857549,0.875,2.0
3754,3,4,155,0.9551728416831573,0.9549857549857549,0.875,1.0
3755,3,4,156,0.9551728416831573,0.9549857549857549,0.875,2.0
3756,3,4,157,0.9551728416831573,0.9549857549857549,0.875,1.0
3757,3,4,158,0.9551728416831573,0.9549857549857549,0.875,1.0
3758,3,4,159,0.9551728416831573,0.9549857549857549,0.875,1.0
3759,3,4,160,0.9551728416831573,0.9549857549857549,0.875,1.0
3760,3,4,161,0.9551728416831573,0.9549857549857549,0.875,2.0
3761,3,4,162,0.9551728416831573,0.9549857549857549,0.875,0.0
3762,3,4,163,0.9551728416831573,0.9549857549857549,0.875,0.0
3763,3,4,164,0.9551728416831573,0.9549857549857549,0.875,2.0
3764,3,4,165,0.9551728416831573,0.9549857549857549,0.875,0.0
3765,3,4,166,0.9551728416831573,0.9549857549857549,0.875,0.0
3766,3,4,167,0.9551728416831573,0.9549857549857549,0.875,0.0
3767,3,4,168,0.9551728416831573,0.9549857549857549,0.875,1.0
3768,3,4,169,0.9551728416831573,0.9549857549857549,0.875,4.0
3769,3,4,170,0.9551728416831573,0.9549857549857549,0.875,0.0
3770,3,4,171,0.9551728416831573,0.9549857549857549,0.875,1.0
3771,3,4,172,0.9551728416831573,0.9549857549857549,0.875,0.0
3772,3,4,173,0.9551728416831573,0.9549857549857549,0.875,3.0
3773,3,4,174,0.9551728416831573,0.9549857549857549,0.875,1.0
3774,3,4,175,0.9551728416831573,0.9549857549857549,0.875,1.0
3775,3,4,176,0.9551728416831573,0.9549857549857549,0.875,1.0
3776,3,4,177,0.9551728416831573,0.9549857549857549,0.875,1.0
3777,3,4,178,0.9551728416831573,0.9549857549857549,0.875,0.0
3778,3,4,179,0.9551728416831573,0.9549857549857549,0.875,1.0
3779,3,4,180,0.9551728416831573,0.9549857549857549,0.875,1.0
3780,3,4,181,0.9551728416831573,0.9549857549857549,0.875,0.0
3781,3,4,182,0.9551728416831573,0.9549857549857549,0.875,1.0
3782,3,4,183,0.9551728416831573,0.9549857549857549,0.875,1.0
3783,3,4,184,0.9551728416831573,0.9549857549857549,0.875,1.0
3784,3,4,185,0.9551728416831573,0.9549857549857549,0.875,1.0
3785,3,4,186,0.9551728416831573,0.9549857549857549,0.875,1.0
3786,3,4,187,0.9551728416831573,0.9549857549857549,0.875,1.0
3787,3,4,188,0.9551728416831573,0.9549857549857549,0.875,2.0
3788,3,4,189,0.9551728416831573,0.9549857549857549,0.875,0.0
3789,3,4,190,0.9551728416831573,0.9549857549857549,0.875,3.0
3790,3,4,191,0.9551728416831573,0.9549857549857549,0.875,0.0
3791,3,4,192,0.9551728416831573,0.9549857549857549,0.875,0.0
3792,3,4,193,0.9551728416831573,0.9549857549857549,0.875,0.0
3793,3,4,194,0.9551728416831573,0.9549857549857549,0.875,1.0
3794,3,4,195,0.9551728416831573,0.9549857549857549,0.875,2.0
3795,3,4,196,0.9551728416831573,0.9549857549857549,0.875,1.0
3796,3,4,197,0.9551728416831573,0.9549857549857549,0.875,0.0
3797,3,4,198,0.9551728416831573,0.9549857549857549,0.875,1.0
3798,3,4,199,0.9551728416831573,0.9549857549857549,0.875,3.0
3799,3,4,200,0.9551728416831573,0.9549857549857549,0.875,1.0
3800,3,5,1,0.9531623146250278,0.9297777777777778,0.9142857142857143,0.0
3801,3,5,2,0.9531623146250278,0.9297777777777778,0.9142857142857143,0.0
3802,3,5,3,0.9531623146250278,0.9297777777777778,0.9142857142857143,0.0
3803,3,5,4,0.9531623146250278,0.9297777777777778,0.9142857142857143,0.0
3804,3,5,5,0.9531623146250278,0.9297777777777778,0.9142857142857143,0.0
3805,3,5,6,0.9531623146250278,0.9297777777777778,0.9142857142857143,0.0
3806,3,5,7,0.9531623146250278,0.9297777777777778,0.9142857142857143,0.0
3807,3,5,8,0.9531623146250278,0.9297777777777778,0.9142857142857143,0.0
3808,3,5,9,0.9477292324218339,0.9315148555148556,0.9411764705882353,0.0
3809,3,5,10,0.9477292324218339,0.9315148555148556,0.9411764705882353,0.0
3810,3,5,11,0.9477292324218339,0.9315148555148556,0.9411764705882353,0.0
3811,3,5,12,0.9477292324218339,0.9315148555148556,0.9411764705882353,0.0
3812,3,5,13,0.9477292324218339,0.9315148555148556,0.9411764705882353,0.0
3813,3,5,14,0.9477292324218339,0.9315148555148556,0.9411764705882353,1.0
3814,3,5,15,0.9477292324218339,0.9315148555148556,0.9411764705882353,0.0
3815,3,5,16,0.9477292324218339,0.9315148555148556,0.9411764705882353,1.0
3816,3,5,17,0.9477292324218339,0.9315148555148556,0.9411764705882353,0.0
3817,3,5,18,0.9477292324218339,0.9315148555148556,0.9411764705882353,1.0
3818,3,5,19,0.9477292324218339,0.9315148555148556,0.9411764705882353,0.0
3819,3,5,20,0.9477292324218339,0.9315148555148556,0.9411764705882353,2.0
3820,3,5,21,0.9473085287721155,0.9383931623931623,0.9142857142857143,1.0
3821,3,5,22,0.9473085287721155,0.9383931623931623,0.9142857142857143,0.0
3822,3,5,23,0.9473085287721155,0.9383931623931623,0.9142857142857143,0.0
3823,3,5,24,0.9473085287721155,0.9383931623931623,0.9142857142857143,0.0
3824,3,5,25,0.9473085287721155,0.9383931623931623,0.9142857142857143,2.0
3825,3,5,26,0.9473085287721155,0.9383931623931623,0.9142857142857143,1.0
3826,3,5,27,0.9473085287721155,0.9383931623931623,0.9142857142857143,0.0
3827,3,5,28,0.9473085287721155,0.9383931623931623,0.9142857142857143,1.0
3828,3,5,29,0.9473085287721155,0.9383931623931623,0.9142857142857143,1.0
3829,3,5,30,0.9473085287721155,0.9383931623931623,0.9142857142857143,1.0
3830,3,5,31,0.9473085287721155,0.9383931623931623,0.9142857142857143,0.0
3831,3,5,32,0.9473085287721155,0.9383931623931623,0.9142857142857143,0.0
3832,3,5,33,0.9473085287721155,0.9383931623931623,0.9142857142857143,1.0
3833,3,5,34,0.9473085287721155,0.9383931623931623,0.9142857142857143,2.0
3834,3,5,35,0.9473085287721155,0.9383931623931623,0.9142857142857143,0.0
3835,3,5,36,0.9473085287721155,0.9383931623931623,0.9142857142857143,3.0
3836,3,5,37,0.9473085287721155,0.9383931623931623,0.9142857142857143,1.0
3837,3,5,38,0.9473085287721155,0.9383931623931623,0.9142857142857143,1.0
3838,3,5,39,0.9473085287721155,0.9383931623931623,0.9142857142857143,0.0
3839,3,5,40,0.9473085287721155,0.9383931623931623,0.9142857142857143,0.0
3840,3,5,41,0.9473085287721155,0.9383931623931623,0.9142857142857143,2.0
3841,3,5,42,0.9473085287721155,0.9383931623931623,0.9142857142857143,1.0
3842,3,5,43,0.9473085287721155,0.9383931623931623,0.9142857142857143,1.0
3843,3,5,44,0.9473085287721155,0.9383931623931623,0.9142857142857143,0.0
3844,3,5,45,0.9473085287721155,0.9383931623931623,0.9142857142857143,0.0
3845,3,5,46,0.9473085287721155,0.9383931623931623,0.9142857142857143,2.0
3846,3,5,47,0.9473085287721155,0.9383931623931623,0.9142857142857143,0.0
3847,3,5,48,0.9473085287721155,0.9383931623931623,0.9142857142857143,0.0
3848,3,5,49,0.9473085287721155,0.9383931623931623,0.9142857142857143,0.0
3849,3,5,50,0.9473085287721155,0.9383931623931623,0.9142857142857143,0.0
3850,3,5,51,0.9473085287721155,0.9383931623931623,0.9142857142857143,3.0
3851,3,5,52,0.9473085287721155,0.9383931623931623,0.9142857142857143,4.0
3852,3,5,53,0.9473085287721155,0.9383931623931623,0.9142857142857143,2.0
3853,3,5,54,0.9473085287721155,0.9383931623931623,0.9142857142857143,0.0
3854,3,5,55,0.9473085287721155,0.9383931623931623,0.9142857142857143,1.0
3855,3,5,56,0.9473085287721155,0.9383931623931623,0.9142857142857143,1.0
3856,3,5,57,0.9473085287721155,0.9383931623931623,0.9142857142857143,0.0
3857,3,5,58,0.9473085287721155,0.9383931623931623,0.9142857142857143,1.0
3858,3,5,59,0.9473085287721155,0.9383931623931623,0.9142857142857143,0.0
3859,3,5,60,0.9473085287721155,0.9383931623931623,0.9142857142857143,0.0
3860,3,5,61,0.9473085287721155,0.9383931623931623,0.9142857142857143,1.0
3861,3,5,62,0.9473085287721155,0.9383931623931623,0.9142857142857143,1.0
3862,3,5,63,0.9473085287721155,0.9383931623931623,0.9142857142857143,1.0
3863,3,5,64,0.9473085287721155,0.9383931623931623,0.9142857142857143,1.0
3864,3,5,65,0.9473085287721155,0.9383931623931623,0.9142857142857143,1.0
3865,3,5,66,0.9473085287721155,0.9383931623931623,0.9142857142857143,2.0
3866,3,5,67,0.9473085287721155,0.9383931623931623,0.9142857142857143,1.0
3867,3,5,68,0.9473085287721155,0.9383931623931623,0.9142857142857143,2.0
3868,3,5,69,0.9473085287721155,0.9383931623931623,0.9142857142857143,0.0
3869,3,5,70,0.9473085287721155,0.9383931623931623,0.9142857142857143,1.0
3870,3,5,71,0.9473085287721155,0.9383931623931623,0.9142857142857143,1.0
3871,3,5,72,0.9473085287721155,0.9383931623931623,0.9142857142857143,1.0
3872,3,5,73,0.9473085287721155,0.9383931623931623,0.9142857142857143,2.0
3873,3,5,74,0.9473085287721155,0.9383931623931623,0.9142857142857143,0.0
3874,3,5,75,0.9473085287721155,0.9383931623931623,0.9142857142857143,0.0
3875,3,5,76,0.9473085287721155,0.9383931623931623,0.9142857142857143,0.0
3876,3,5,77,0.9473085287721155,0.9383931623931623,0.9142857142857143,3.0
3877,3,5,78,0.9473085287721155,0.9383931623931623,0.9142857142857143,1.0
3878,3,5,79,0.9473085287721155,0.9383931623931623,0.9142857142857143,1.0
3879,3,5,80,0.9473085287721155,0.9383931623931623,0.9142857142857143,0.0
3880,3,5,81,0.9473085287721155,0.9383931623931623,0.9142857142857143,1.0
3881,3,5,82,0.9473085287721155,0.9383931623931623,0.9142857142857143,1.0
3882,3,5,83,0.9473085287721155,0.9383931623931623,0.9142857142857143,1.0
3883,3,5,84,0.9473085287721155,0.9383931623931623,0.9142857142857143,2.0
3884,3,5,85,0.9473085287721155,0.9383931623931623,0.9142857142857143,2.0
3885,3,5,86,0.9473085287721155,0.9383931623931623,0.9142857142857143,1.0
3886,3,5,87,0.9473085287721155,0.9383931623931623,0.9142857142857143,0.0
3887,3,5,88,0.9473085287721155,0.9383931623931623,0.9142857142857143,0.0
3888,3,5,89,0.9473085287721155,0.9383931623931623,0.9142857142857143,2.0
3889,3,5,90,0.9473085287721155,0.9383931623931623,0.9142857142857143,0.0
3890,3,5,91,0.9473085287721155,0.9383931623931623,0.9142857142857143,0.0
3891,3,5,92,0.9473085287721155,0.9383931623931623,0.9142857142857143,2.0
3892,3,5,93,0.9473085287721155,0.9383931623931623,0.9142857142857143,1.0
3893,3,5,94,0.9473085287721155,0.9383931623931623,0.9142857142857143,0.0
3894,3,5,95,0.9473085287721155,0.9383931623931623,0.9142857142857143,1.0
3895,3,5,96,0.9473085287721155,0.9383931623931623,0.9142857142857143,2.0
3896,3,5,97,0.9473085287721155,0.9383931623931623,0.9142857142857143,0.0
3897,3,5,98,0.9473085287721155,0.9383931623931623,0.9142857142857143,0.0
3898,3,5,99,0.9473085287721155,0.9383931623931623,0.9142857142857143,3.0
3899,3,5,100,0.9473085287721155,0.9383931623931623,0.9142857142857143,3.0
3900,3,5,101,0.9473085287721155,0.9383931623931623,0.9142857142857143,1.0
3901,3,5,102,0.9473085287721155,0.9383931623931623,0.9142857142857143,1.0
3902,3,5,103,0.9473085287721155,0.9383931623931623,0.9142857142857143,1.0
3903,3,5,104,0.9473085287721155,0.9383931623931623,0.9142857142857143,0.0
3904,3,5,105,0.9473085287721155,0.9383931623931623,0.9142857142857143,0.0
3905,3,5,106,0.9473085287721155,0.9383931623931623,0.9142857142857143,0.0
3906,3,5,107,0.9473085287721155,0.9383931623931623,0.9142857142857143,2.0
3907,3,5,108,0.9473085287721155,0.9383931623931623,0.9142857142857143,1.0
3908,3,5,109,0.9473085287721155,0.9383931623931623,0.9142857142857143,0.0
3909,3,5,110,0.9473085287721155,0.9383931623931623,0.9142857142857143,0.0
3910,3,5,111,0.9473085287721155,0.9383931623931623,0.9142857142857143,0.0
3911,3,5,112,0.9473085287721155,0.9383931623931623,0.9142857142857143,1.0
3912,3,5,113,0.9473085287721155,0.9383931623931623,0.9142857142857143,1.0
3913,3,5,114,0.9473085287721155,0.9383931623931623,0.9142857142857143,2.0
3914,3,5,115,0.9473085287721155,0.9383931623931623,0.9142857142857143,1.0
3915,3,5,116,0.9473085287721155,0.9383931623931623,0.9142857142857143,3.0
3916,3,5,117,0.9473085287721155,0.9383931623931623,0.9142857142857143,1.0
3917,3,5,118,0.9473085287721155,0.9383931623931623,0.9142857142857143,2.0
3918,3,5,119,0.9473085287721155,0.9383931623931623,0.9142857142857143,0.0
3919,3,5,120,0.9473085287721155,0.9383931623931623,0.9142857142857143,1.0
3920,3,5,121,0.9473085287721155,0.9383931623931623,0.9142857142857143,0.0
3921,3,5,122,0.9473085287721155,0.9383931623931623,0.9142857142857143,1.0
3922,3,5,123,0.9473085287721155,0.9383931623931623,0.9142857142857143,0.0
3923,3,5,124,0.9473085287721155,0.9383931623931623,0.9142857142857143,1.0
3924,3,5,125,0.9473085287721155,0.9383931623931623,0.9142857142857143,1.0
3925,3,5,126,0.9473085287721155,0.9383931623931623,0.9142857142857143,0.0
3926,3,5,127,0.9473085287721155,0.9383931623931623,0.9142857142857143,0.0
3927,3,5,128,0.9473085287721155,0.9383931623931623,0.9142857142857143,3.0
3928,3,5,129,0.9473085287721155,0.9383931623931623,0.9142857142857143,1.0
3929,3,5,130,0.9473085287721155,0.9383931623931623,0.9142857142857143,1.0
3930,3,5,131,0.9473085287721155,0.9383931623931623,0.9142857142857143,0.0
3931,3,5,132,0.9473085287721155,0.9383931623931623,0.9142857142857143,2.0
3932,3,5,133,0.9473085287721155,0.9383931623931623,0.9142857142857143,1.0
3933,3,5,134,0.9473085287721155,0.9383931623931623,0.9142857142857143,1.0
3934,3,5,135,0.9473085287721155,0.9383931623931623,0.9142857142857143,1.0
3935,3,5,136,0.9473085287721155,0.9383931623931623,0.9142857142857143,2.0
3936,3,5,137,0.9473085287721155,0.9383931623931623,0.9142857142857143,0.0
3937,3,5,138,0.9473085287721155,0.9383931623931623,0.9142857142857143,1.0
3938,3,5,139,0.9473085287721155,0.9383931623931623,0.9142857142857143,0.0
3939,3,5,140,0.9473085287721155,0.9383931623931623,0.9142857142857143,1.0
3940,3,5,141,0.9473085287721155,0.9383931623931623,0.9142857142857143,1.0
3941,3,5,142,0.9473085287721155,0.9383931623931623,0.9142857142857143,1.0
3942,3,5,143,0.9473085287721155,0.9383931623931623,0.9142857142857143,1.0
3943,3,5,144,0.9473085287721155,0.9383931623931623,0.9142857142857143,1.0
3944,3,5,145,0.9473085287721155,0.9383931623931623,0.9142857142857143,1.0
3945,3,5,146,0.9473085287721155,0.9383931623931623,0.9142857142857143,1.0
3946,3,5,147,0.9473085287721155,0.9383931623931623,0.9142857142857143,1.0
3947,3,5,148,0.9473085287721155,0.9383931623931623,0.9142857142857143,0.0
3948,3,5,149,0.9473085287721155,0.9383931623931623,0.9142857142857143,0.0
3949,3,5,150,0.9473085287721155,0.9383931623931623,0.9142857142857143,2.0
3950,3,5,151,0.9473085287721155,0.9383931623931623,0.9142857142857143,1.0
3951,3,5,152,0.9473085287721155,0.9383931623931623,0.9142857142857143,2.0
3952,3,5,153,0.9473085287721155,0.9383931623931623,0.9142857142857143,1.0
3953,3,5,154,0.9473085287721155,0.9383931623931623,0.9142857142857143,0.0
3954,3,5,155,0.9473085287721155,0.9383931623931623,0.9142857142857143,1.0
3955,3,5,156,0.9473085287721155,0.9383931623931623,0.9142857142857143,0.0
3956,3,5,157,0.9473085287721155,0.9383931623931623,0.9142857142857143,1.0
3957,3,5,158,0.9473085287721155,0.9383931623931623,0.9142857142857143,2.0
3958,3,5,159,0.9473085287721155,0.9383931623931623,0.9142857142857143,1.0
3959,3,5,160,0.9473085287721155,0.9383931623931623,0.9142857142857143,2.0
3960,3,5,161,0.9473085287721155,0.9383931623931623,0.9142857142857143,0.0
3961,3,5,162,0.9473085287721155,0.9383931623931623,0.9142857142857143,0.0
3962,3,5,163,0.9473085287721155,0.9383931623931623,0.9142857142857143,1.0
3963,3,5,164,0.9473085287721155,0.9383931623931623,0.9142857142857143,1.0
3964,3,5,165,0.9473085287721155,0.9383931623931623,0.9142857142857143,1.0
3965,3,5,166,0.9473085287721155,0.9383931623931623,0.9142857142857143,0.0
3966,3,5,167,0.9473085287721155,0.9383931623931623,0.9142857142857143,3.0
3967,3,5,168,0.9473085287721155,0.9383931623931623,0.9142857142857143,0.0
3968,3,5,169,0.9473085287721155,0.9383931623931623,0.9142857142857143,0.0
3969,3,5,170,0.9473085287721155,0.9383931623931623,0.9142857142857143,0.0
3970,3,5,171,0.9473085287721155,0.9383931623931623,0.9142857142857143,1.0
3971,3,5,172,0.9473085287721155,0.9383931623931623,0.9142857142857143,1.0
3972,3,5,173,0.9473085287721155,0.9383931623931623,0.9142857142857143,0.0
3973,3,5,174,0.9473085287721155,0.9383931623931623,0.9142857142857143,2.0
3974,3,5,175,0.9473085287721155,0.9383931623931623,0.9142857142857143,2.0
3975,3,5,176,0.9473085287721155,0.9383931623931623,0.9142857142857143,1.0
3976,3,5,177,0.9473085287721155,0.9383931623931623,0.9142857142857143,3.0
3977,3,5,178,0.9473085287721155,0.9383931623931623,0.9142857142857143,1.0
3978,3,5,179,0.9473085287721155,0.9383931623931623,0.9142857142857143,0.0
3979,3,5,180,0.9473085287721155,0.9383931623931623,0.9142857142857143,0.0
3980,3,5,181,0.9473085287721155,0.9383931623931623,0.9142857142857143,1.0
3981,3,5,182,0.9473085287721155,0.9383931623931623,0.9142857142857143,2.0
3982,3,5,183,0.9473085287721155,0.9383931623931623,0.9142857142857143,1.0
3983,3,5,184,0.9473085287721155,0.9383931623931623,0.9142857142857143,0.0
3984,3,5,185,0.9473085287721155,0.9383931623931623,0.9142857142857143,0.0
3985,3,5,186,0.9473085287721155,0.9383931623931623,0.9142857142857143,1.0
3986,3,5,187,0.9473085287721155,0.9383931623931623,0.9142857142857143,0.0
3987,3,5,188,0.9473085287721155,0.9383931623931623,0.9142857142857143,0.0
3988,3,5,189,0.9473085287721155,0.9383931623931623,0.9142857142857143,2.0
3989,3,5,190,0.9473085287721155,0.9383931623931623,0.9142857142857143,0.0
3990,3,5,191,0.9473085287721155,0.9383931623931623,0.9142857142857143,1.0
3991,3,5,192,0.9473085287721155,0.9383931623931623,0.9142857142857143,4.0
3992,3,5,193,0.9473085287721155,0.9383931623931623,0.9142857142857143,2.0
3993,3,5,194,0.9473085287721155,0.9383931623931623,0.9142857142857143,1.0
3994,3,5,195,0.9473085287721155,0.9383931623931623,0.9142857142857143,0.0
3995,3,5,196,0.9473085287721155,0.9383931623931623,0.9142857142857143,1.0
3996,3,5,197,0.9473085287721155,0.9383931623931623,0.9142857142857143,0.0
3997,3,5,198,0.9473085287721155,0.9383931623931623,0.9142857142857143,2.0
3998,3,5,199,0.9473085287721155,0.9383931623931623,0.9142857142857143,0.0
3999,3,5,200,0.9473085287721155,0.9383931623931623,0.9142857142857143,0.0
4000,4,1,1,0.9388156515377448,0.9092519332519332,0.9411764705882353,0.0
4001,4,1,2,0.9351910560684891,0.9166593406593406,0.9714285714285714,0.0
4002,4,1,3,0.9351910560684891,0.9166593406593406,0.9714285714285714,0.0
4003,4,1,4,0.9351910560684891,0.9166593406593406,0.9714285714285714,0.0
4004,4,1,5,0.9351910560684891,0.9166593406593406,0.9714285714285714,0.0
4005,4,1,6,0.9351910560684891,0.9166593406593406,0.9714285714285714,0.0
4006,4,1,7,0.9351910560684891,0.9166593406593406,0.9714285714285714,0.0
4007,4,1,8,0.9351910560684891,0.9166593406593406,0.9714285714285714,0.0
4008,4,1,9,0.9369805097140249,0.9240439560439562,0.9090909090909091,0.0
4009,4,1,10,0.9369805097140249,0.9240439560439562,0.9090909090909091,0.0
4010,4,1,11,0.9369805097140249,0.9240439560439562,0.9090909090909091,0.0
4011,4,1,12,0.9407879601252489,0.9246137566137567,0.9411764705882353,0.0
4012,4,1,13,0.9407879601252489,0.9246137566137567,0.9411764705882353,0.0
4013,4,1,14,0.9407879601252489,0.9246137566137567,0.9411764705882353,0.0
4014,4,1,15,0.9407879601252489,0.9246137566137567,0.9411764705882353,1.0
4015,4,1,16,0.9407879601252489,0.9246137566137567,0.9411764705882353,0.0
4016,4,1,17,0.9407879601252489,0.9246137566137567,0.9411764705882353,0.0
4017,4,1,18,0.9407879601252489,0.9246137566137567,0.9411764705882353,1.0
4018,4,1,19,0.9407879601252489,0.9246137566137567,0.9411764705882353,2.0
4019,4,1,20,0.9407879601252489,0.9246137566137567,0.9411764705882353,0.0
4020,4,1,21,0.9407879601252489,0.9246137566137567,0.9411764705882353,0.0
4021,4,1,22,0.9407879601252489,0.9246137566137567,0.9411764705882353,0.0
4022,4,1,23,0.9407879601252489,0.9246137566137567,0.9411764705882353,2.0
4023,4,1,24,0.9407879601252489,0.9246137566137567,0.9411764705882353,1.0
4024,4,1,25,0.9407879601252489,0.9246137566137567,0.9411764705882353,1.0
4025,4,1,26,0.9407879601252489,0.9246137566137567,0.9411764705882353,1.0
4026,4,1,27,0.9407879601252489,0.9246137566137567,0.9411764705882353,0.0
4027,4,1,28,0.9407879601252489,0.9246137566137567,0.9411764705882353,0.0
4028,4,1,29,0.9407879601252489,0.9246137566137567,0.9411764705882353,1.0
4029,4,1,30,0.9407879601252489,0.9246137566137567,0.9411764705882353,2.0
4030,4,1,31,0.9407879601252489,0.9246137566137567,0.9411764705882353,0.0
4031,4,1,32,0.9407879601252489,0.9246137566137567,0.9411764705882353,3.0
4032,4,1,33,0.9407879601252489,0.9246137566137567,0.9411764705882353,1.0
4033,4,1,34,0.9407879601252489,0.9246137566137567,0.9411764705882353,0.0
4034,4,1,35,0.9407879601252489,0.9246137566137567,0.9411764705882353,1.0
4035,4,1,36,0.9407879601252489,0.9246137566137567,0.9411764705882353,0.0
4036,4,1,37,0.9407879601252489,0.9246137566137567,0.9411764705882353,0.0
4037,4,1,38,0.9407879601252489,0.9246137566137567,0.9411764705882353,0.0
4038,4,1,39,0.9444940184782477,0.9246365486365485,0.9411764705882353,0.0
4039,4,1,40,0.9444940184782477,0.9246365486365485,0.9411764705882353,3.0
4040,4,1,41,0.9444940184782477,0.9246365486365485,0.9411764705882353,0.0
4041,4,1,42,0.9444940184782477,0.9246365486365485,0.9411764705882353,0.0
4042,4,1,43,0.9444940184782477,0.9246365486365485,0.9411764705882353,0.0
4043,4,1,44,0.9444940184782477,0.9246365486365485,0.9411764705882353,1.0
4044,4,1,45,0.9444940184782477,0.9246365486365485,0.9411764705882353,1.0
4045,4,1,46,0.9444940184782477,0.9246365486365485,0.9411764705882353,1.0
4046,4,1,47,0.9444940184782477,0.9246365486365485,0.9411764705882353,1.0
4047,4,1,48,0.9444940184782477,0.9246365486365485,0.9411764705882353,0.0
4048,4,1,49,0.9444940184782477,0.9246365486365485,0.9411764705882353,2.0
4049,4,1,50,0.9444940184782477,0.9246365486365485,0.9411764705882353,1.0
4050,4,1,51,0.9444940184782477,0.9246365486365485,0.9411764705882353,0.0
4051,4,1,52,0.9444940184782477,0.9246365486365485,0.9411764705882353,2.0
4052,4,1,53,0.9444940184782477,0.9246365486365485,0.9411764705882353,3.0
4053,4,1,54,0.9444940184782477,0.9246365486365485,0.9411764705882353,1.0
4054,4,1,55,0.9444940184782477,0.9246365486365485,0.9411764705882353,0.0
4055,4,1,56,0.9444940184782477,0.9246365486365485,0.9411764705882353,0.0
4056,4,1,57,0.9444940184782477,0.9246365486365485,0.9411764705882353,1.0
4057,4,1,58,0.9444940184782477,0.9246365486365485,0.9411764705882353,1.0
4058,4,1,59,0.9444940184782477,0.9246365486365485,0.9411764705882353,1.0
4059,4,1,60,0.9444940184782477,0.9246365486365485,0.9411764705882353,2.0
4060,4,1,61,0.9444940184782477,0.9246365486365485,0.9411764705882353,1.0
4061,4,1,62,0.9444940184782477,0.9246365486365485,0.9411764705882353,0.0
4062,4,1,63,0.9444940184782477,0.9246365486365485,0.9411764705882353,0.0
4063,4,1,64,0.9444940184782477,0.9246365486365485,0.9411764705882353,2.0
4064,4,1,65,0.9444940184782477,0.9246365486365485,0.9411764705882353,0.0
4065,4,1,66,0.9444940184782477,0.9246365486365485,0.9411764705882353,1.0
4066,4,1,67,0.9444940184782477,0.9246365486365485,0.9411764705882353,1.0
4067,4,1,68,0.9444940184782477,0.9246365486365485,0.9411764705882353,2.0
4068,4,1,69,0.9444940184782477,0.9246365486365485,0.9411764705882353,0.0
4069,4,1,70,0.9444940184782477,0.9246365486365485,0.9411764705882353,1.0
4070,4,1,71,0.9444940184782477,0.9246365486365485,0.9411764705882353,0.0
4071,4,1,72,0.9444940184782477,0.9246365486365485,0.9411764705882353,2.0
4072,4,1,73,0.9444940184782477,0.9246365486365485,0.9411764705882353,1.0
4073,4,1,74,0.9444940184782477,0.9246365486365485,0.9411764705882353,1.0
4074,4,1,75,0.9444940184782477,0.9246365486365485,0.9411764705882353,1.0
4075,4,1,76,0.9444940184782477,0.9246365486365485,0.9411764705882353,2.0
4076,4,1,77,0.9444940184782477,0.9246365486365485,0.9411764705882353,1.0
4077,4,1,78,0.9444940184782477,0.9246365486365485,0.9411764705882353,0.0
4078,4,1,79,0.9444940184782477,0.9246365486365485,0.9411764705882353,1.0
4079,4,1,80,0.9444940184782477,0.9246365486365485,0.9411764705882353,2.0
4080,4,1,81,0.9444940184782477,0.9246365486365485,0.9411764705882353,1.0
4081,4,1,82,0.9444940184782477,0.9246365486365485,0.9411764705882353,0.0
4082,4,1,83,0.9444940184782477,0.9246365486365485,0.9411764705882353,1.0
4083,4,1,84,0.9444940184782477,0.9246365486365485,0.9411764705882353,1.0
4084,4,1,85,0.9444940184782477,0.9246365486365485,0.9411764705882353,1.0
4085,4,1,86,0.9444940184782477,0.9246365486365485,0.9411764705882353,0.0
4086,4,1,87,0.9444940184782477,0.9246365486365485,0.9411764705882353,0.0
4087,4,1,88,0.9444940184782477,0.9246365486365485,0.9411764705882353,2.0
4088,4,1,89,0.9444940184782477,0.9246365486365485,0.9411764705882353,2.0
4089,4,1,90,0.9444940184782477,0.9246365486365485,0.9411764705882353,0.0
4090,4,1,91,0.9444940184782477,0.9246365486365485,0.9411764705882353,2.0
4091,4,1,92,0.9444940184782477,0.9246365486365485,0.9411764705882353,0.0
4092,4,1,93,0.9444940184782477,0.9246365486365485,0.9411764705882353,1.0
4093,4,1,94,0.9444940184782477,0.9246365486365485,0.9411764705882353,2.0
4094,4,1,95,0.9444940184782477,0.9246365486365485,0.9411764705882353,1.0
4095,4,1,96,0.9444940184782477,0.9246365486365485,0.9411764705882353,1.0
4096,4,1,97,0.9444940184782477,0.9246365486365485,0.9411764705882353,1.0
4097,4,1,98,0.9444940184782477,0.9246365486365485,0.9411764705882353,0.0
4098,4,1,99,0.9444940184782477,0.9246365486365485,0.9411764705882353,1.0
4099,4,1,100,0.9428820016253441,0.9320211640211639,0.875,0.0
4100,4,1,101,0.9428820016253441,0.9320211640211639,0.875,0.0
4101,4,1,102,0.9428820016253441,0.9320211640211639,0.875,1.0
4102,4,1,103,0.9428820016253441,0.9320211640211639,0.875,1.0
4103,4,1,104,0.9428820016253441,0.9320211640211639,0.875,0.0
4104,4,1,105,0.9428820016253441,0.9320211640211639,0.875,2.0
4105,4,1,106,0.9428820016253441,0.9320211640211639,0.875,1.0
4106,4,1,107,0.9428820016253441,0.9320211640211639,0.875,2.0
4107,4,1,108,0.9428820016253441,0.9320211640211639,0.875,1.0
4108,4,1,109,0.9428820016253441,0.9320211640211639,0.875,0.0
4109,4,1,110,0.9428820016253441,0.9320211640211639,0.875,0.0
4110,4,1,111,0.9428820016253441,0.9320211640211639,0.875,0.0
4111,4,1,112,0.9428820016253441,0.9320211640211639,0.875,3.0
4112,4,1,113,0.9428820016253441,0.9320211640211639,0.875,3.0
4113,4,1,114,0.9428820016253441,0.9320211640211639,0.875,1.0
4114,4,1,115,0.9428820016253441,0.9320211640211639,0.875,0.0
4115,4,1,116,0.9428820016253441,0.9320211640211639,0.875,0.0
4116,4,1,117,0.9428820016253441,0.9320211640211639,0.875,0.0
4117,4,1,118,0.9428820016253441,0.9320211640211639,0.875,0.0
4118,4,1,119,0.9428820016253441,0.9320211640211639,0.875,2.0
4119,4,1,120,0.9428820016253441,0.9320211640211639,0.875,1.0
4120,4,1,121,0.9428820016253441,0.9320211640211639,0.875,0.0
4121,4,1,122,0.9428820016253441,0.9320211640211639,0.875,0.0
4122,4,1,123,0.9428820016253441,0.9320211640211639,0.875,3.0
4123,4,1,124,0.9428820016253441,0.9320211640211639,0.875,1.0
4124,4,1,125,0.9428820016253441,0.9320211640211639,0.875,1.0
4125,4,1,126,0.9428820016253441,0.9320211640211639,0.875,2.0
4126,4,1,127,0.9428820016253441,0.9320211640211639,0.875,0.0
4127,4,1,128,0.9428820016253441,0.9320211640211639,0.875,2.0
4128,4,1,129,0.9428820016253441,0.9320211640211639,0.875,1.0
4129,4,1,130,0.9428820016253441,0.9320211640211639,0.875,0.0
4130,4,1,131,0.9428820016253441,0.9320211640211639,0.875,0.0
4131,4,1,132,0.9428820016253441,0.9320211640211639,0.875,1.0
4132,4,1,133,0.9428820016253441,0.9320211640211639,0.875,0.0
4133,4,1,134,0.9428820016253441,0.9320211640211639,0.875,0.0
4134,4,1,135,0.9428820016253441,0.9320211640211639,0.875,2.0
4135,4,1,136,0.9428820016253441,0.9320211640211639,0.875,1.0
4136,4,1,137,0.9428820016253441,0.9320211640211639,0.875,1.0
4137,4,1,138,0.9428820016253441,0.9320211640211639,0.875,0.0
4138,4,1,139,0.9428820016253441,0.9320211640211639,0.875,1.0
4139,4,1,140,0.9428820016253441,0.9320211640211639,0.875,1.0
4140,4,1,141,0.9428820016253441,0.9320211640211639,0.875,2.0
4141,4,1,142,0.9428820016253441,0.9320211640211639,0.875,2.0
4142,4,1,143,0.9428820016253441,0.9320211640211639,0.875,2.0
4143,4,1,144,0.9428820016253441,0.9320211640211639,0.875,1.0
4144,4,1,145,0.9428820016253441,0.9320211640211639,0.875,0.0
4145,4,1,146,0.9428820016253441,0.9320211640211639,0.875,1.0
4146,4,1,147,0.9428820016253441,0.9320211640211639,0.875,0.0
4147,4,1,148,0.9428820016253441,0.9320211640211639,0.875,1.0
4148,4,1,149,0.9428820016253441,0.9320211640211639,0.875,2.0
4149,4,1,150,0.9428820016253441,0.9320211640211639,0.875,0.0
4150,4,1,151,0.9428820016253441,0.9320211640211639,0.875,0.0
4151,4,1,152,0.9428820016253441,0.9320211640211639,0.875,1.0
4152,4,1,153,0.9428820016253441,0.9320211640211639,0.875,1.0
4153,4,1,154,0.9428820016253441,0.9320211640211639,0.875,0.0
4154,4,1,155,0.9428820016253441,0.9320211640211639,0.875,2.0
4155,4,1,156,0.9428820016253441,0.9320211640211639,0.875,1.0
4156,4,1,157,0.9428820016253441,0.9320211640211639,0.875,3.0
4157,4,1,158,0.9428820016253441,0.9320211640211639,0.875,0.0
4158,4,1,159,0.9428820016253441,0.9320211640211639,0.875,1.0
4159,4,1,160,0.9428820016253441,0.9320211640211639,0.875,1.0
4160,4,1,161,0.9428820016253441,0.9320211640211639,0.875,2.0
4161,4,1,162,0.9428820016253441,0.9320211640211639,0.875,1.0
4162,4,1,163,0.9428820016253441,0.9320211640211639,0.875,1.0
4163,4,1,164,0.9428820016253441,0.9320211640211639,0.875,0.0
4164,4,1,165,0.9428820016253441,0.9320211640211639,0.875,1.0
4165,4,1,166,0.9428820016253441,0.9320211640211639,0.875,0.0
4166,4,1,167,0.9428820016253441,0.9320211640211639,0.875,2.0
4167,4,1,168,0.9428820016253441,0.9320211640211639,0.875,0.0
4168,4,1,169,0.9428820016253441,0.9320211640211639,0.875,1.0
4169,4,1,170,0.9428820016253441,0.9320211640211639,0.875,0.0
4170,4,1,171,0.9428820016253441,0.9320211640211639,0.875,3.0
4171,4,1,172,0.9428820016253441,0.9320211640211639,0.875,1.0
4172,4,1,173,0.9428820016253441,0.9320211640211639,0.875,1.0
4173,4,1,174,0.9428820016253441,0.9320211640211639,0.875,0.0
4174,4,1,175,0.9428820016253441,0.9320211640211639,0.875,2.0
4175,4,1,176,0.9428820016253441,0.9320211640211639,0.875,2.0
4176,4,1,177,0.9428820016253441,0.9320211640211639,0.875,0.0
4177,4,1,178,0.9428820016253441,0.9320211640211639,0.875,0.0
4178,4,1,179,0.9428820016253441,0.9320211640211639,0.875,2.0
4179,4,1,180,0.9428820016253441,0.9320211640211639,0.875,1.0
4180,4,1,181,0.9428820016253441,0.9320211640211639,0.875,0.0
4181,4,1,182,0.9428820016253441,0.9320211640211639,0.875,1.0
4182,4,1,183,0.9428820016253441,0.9320211640211639,0.875,0.0
4183,4,1,184,0.9428820016253441,0.9320211640211639,0.875,1.0
4184,4,1,185,0.9428820016253441,0.9320211640211639,0.875,2.0
4185,4,1,186,0.9428820016253441,0.9320211640211639,0.875,2.0
4186,4,1,187,0.9428820016253441,0.9320211640211639,0.875,0.0
4187,4,1,188,0.9428820016253441,0.9320211640211639,0.875,1.0
4188,4,1,189,0.9428820016253441,0.9320211640211639,0.875,3.0
4189,4,1,190,0.9428820016253441,0.9320211640211639,0.875,0.0
4190,4,1,191,0.9428820016253441,0.9320211640211639,0.875,1.0
4191,4,1,192,0.9428820016253441,0.9320211640211639,0.875,1.0
4192,4,1,193,0.9428820016253441,0.9320211640211639,0.875,0.0
4193,4,1,194,0.9428820016253441,0.9320211640211639,0.875,1.0
4194,4,1,195,0.9428820016253441,0.9320211640211639,0.875,2.0
4195,4,1,196,0.9428820016253441,0.9320211640211639,0.875,0.0
4196,4,1,197,0.9428820016253441,0.9320211640211639,0.875,0.0
4197,4,1,198,0.9428820016253441,0.9320211640211639,0.875,1.0
4198,4,1,199,0.9428820016253441,0.9320211640211639,0.875,2.0
4199,4,1,200,0.9428820016253441,0.9320211640211639,0.875,0.0
4200,4,2,1,0.9322468252568763,0.8969499126918482,0.9375,0.0
4201,4,2,2,0.9360563490664001,0.897588089330025,0.9375,0.0
4202,4,2,3,0.9360563490664001,0.897588089330025,0.9375,0.0
4203,4,2,4,0.9360563490664001,0.897588089330025,0.9375,0.0
4204,4,2,5,0.938066576539509,0.9055652973072329,0.9696969696969697,0.0
4205,4,2,6,0.938066576539509,0.9055652973072329,0.9696969696969697,0.0
4206,4,2,7,0.9363358738742269,0.9129499126918482,0.9375,0.0
4207,4,2,8,0.9363358738742269,0.9129499126918482,0.9375,0.0
4208,4,2,9,0.9363358738742269,0.9129499126918482,0.9375,0.0
4209,4,2,10,0.9363358738742269,0.9129499126918482,0.9375,0.0
4210,4,2,11,0.9363358738742269,0.9129499126918482,0.9375,0.0
4211,4,2,12,0.9363358738742269,0.9129499126918482,0.9375,0.0
4212,4,2,13,0.9363358738742269,0.9129499126918482,0.9375,0.0
4213,4,2,14,0.9363358738742269,0.9129499126918482,0.9375,0.0
4214,4,2,15,0.9363358738742269,0.9129499126918482,0.9375,0.0
4215,4,2,16,0.9363358738742269,0.9129499126918482,0.9375,0.0
4216,4,2,17,0.9363358738742269,0.9129499126918482,0.9375,1.0
4217,4,2,18,0.9363358738742269,0.9129499126918482,0.9375,1.0
4218,4,2,19,0.9363358738742269,0.9129499126918482,0.9375,1.0
4219,4,2,20,0.9363358738742269,0.9129499126918482,0.9375,3.0
4220,4,2,21,0.9363358738742269,0.9129499126918482,0.9375,1.0
4221,4,2,22,0.9363358738742269,0.9129499126918482,0.9375,1.0
4222,4,2,23,0.9363358738742269,0.9129499126918482,0.9375,0.0
4223,4,2,24,0.9363358738742269,0.9129499126918482,0.9375,0.0
4224,4,2,25,0.9363358738742269,0.9129499126918482,0.9375,0.0
4225,4,2,26,0.9363358738742269,0.9129499126918482,0.9375,1.0
4226,4,2,27,0.9363358738742269,0.9129499126918482,0.9375,0.0
4227,4,2,28,0.9363358738742269,0.9129499126918482,0.9375,1.0
4228,4,2,29,0.9363358738742269,0.9129499126918482,0.9375,0.0
4229,4,2,30,0.9363358738742269,0.9129499126918482,0.9375,0.0
4230,4,2,31,0.9363358738742269,0.9129499126918482,0.9375,0.0
4231,4,2,32,0.9363358738742269,0.9129499126918482,0.9375,0.0
4232,4,2,33,0.9363358738742269,0.9129499126918482,0.9375,2.0
4233,4,2,34,0.9363358738742269,0.9129499126918482,0.9375,2.0
4234,4,2,35,0.9363358738742269,0.9129499126918482,0.9375,2.0
4235,4,2,36,0.9363358738742269,0.9129499126918482,0.9375,1.0
4236,4,2,37,0.9363358738742269,0.9129499126918482,0.9375,0.0
4237,4,2,38,0.9363358738742269,0.9129499126918482,0.9375,1.0
4238,4,2,39,0.9363358738742269,0.9129499126918482,0.9375,2.0
4239,4,2,40,0.9363358738742269,0.9129499126918482,0.9375,0.0
4240,4,2,41,0.9363358738742269,0.9129499126918482,0.9375,2.0
4241,4,2,42,0.9363358738742269,0.9129499126918482,0.9375,0.0
4242,4,2,43,0.9363358738742269,0.9129499126918482,0.9375,1.0
4243,4,2,44,0.9363358738742269,0.9129499126918482,0.9375,0.0
4244,4,2,45,0.9363358738742269,0.9129499126918482,0.9375,0.0
4245,4,2,46,0.9363358738742269,0.9129499126918482,0.9375,1.0
4246,4,2,47,0.9363358738742269,0.9129499126918482,0.9375,0.0
4247,4,2,48,0.9363358738742269,0.9129499126918482,0.9375,2.0
4248,4,2,49,0.9363358738742269,0.9129499126918482,0.9375,1.0
4249,4,2,50,0.9363358738742269,0.9129499126918482,0.9375,1.0
4250,4,2,51,0.9363358738742269,0.9129499126918482,0.9375,2.0
4251,4,2,52,0.9402887987617312,0.9135425052844408,0.9375,0.0
4252,4,2,53,0.9402887987617312,0.9135425052844408,0.9375,1.0
4253,4,2,54,0.9402887987617312,0.9135425052844408,0.9375,2.0
4254,4,2,55,0.9402887987617312,0.9135425052844408,0.9375,2.0
4255,4,2,56,0.9402887987617312,0.9135425052844408,0.9375,1.0
4256,4,2,57,0.9402887987617312,0.9135425052844408,0.9375,1.0
4257,4,2,58,0.9402887987617312,0.9135425052844408,0.9375,0.0
4258,4,2,59,0.9402887987617312,0.9135425052844408,0.9375,1.0
4259,4,2,60,0.9402887987617312,0.9135425052844408,0.9375,0.0
4260,4,2,61,0.9402887987617312,0.9135425052844408,0.9375,0.0
4261,4,2,62,0.9402887987617312,0.9135425052844408,0.9375,1.0
4262,4,2,63,0.9402887987617312,0.9135425052844408,0.9375,1.0
4263,4,2,64,0.9402887987617312,0.9135425052844408,0.9375,0.0
4264,4,2,65,0.9402887987617312,0.9135425052844408,0.9375,1.0
4265,4,2,66,0.9402887987617312,0.9135425052844408,0.9375,1.0
4266,4,2,67,0.9402887987617312,0.9135425052844408,0.9375,1.0
4267,4,2,68,0.9402887987617312,0.9135425052844408,0.9375,2.0
4268,4,2,69,0.9402887987617312,0.9135425052844408,0.9375,1.0
4269,4,2,70,0.9402887987617312,0.9135425052844408,0.9375,3.0
4270,4,2,71,0.9402887987617312,0.9135425052844408,0.9375,2.0
4271,4,2,72,0.9402887987617312,0.9135425052844408,0.9375,0.0
4272,4,2,73,0.9402887987617312,0.9135425052844408,0.9375,0.0
4273,4,2,74,0.9402887987617312,0.9135425052844408,0.9375,2.0
4274,4,2,75,0.9402887987617312,0.9135425052844408,0.9375,0.0
4275,4,2,76,0.9402887987617312,0.9135425052844408,0.9375,0.0
4276,4,2,77,0.9402887987617312,0.9135425052844408,0.9375,0.0
4277,4,2,78,0.9402887987617312,0.9135425052844408,0.9375,1.0
4278,4,2,79,0.9402887987617312,0.9135425052844408,0.9375,1.0
4279,4,2,80,0.9402887987617312,0.9135425052844408,0.9375,0.0
4280,4,2,81,0.9402887987617312,0.9135425052844408,0.9375,2.0
4281,4,2,82,0.9402887987617312,0.9135425052844408,0.9375,1.0
4282,4,2,83,0.9402887987617312,0.9135425052844408,0.9375,2.0
4283,4,2,84,0.9402887987617312,0.9135425052844408,0.9375,1.0
4284,4,2,85,0.9402887987617312,0.9135425052844408,0.9375,4.0
4285,4,2,86,0.9402887987617312,0.9135425052844408,0.9375,0.0
4286,4,2,87,0.9402887987617312,0.9135425052844408,0.9375,1.0
4287,4,2,88,0.9402887987617312,0.9135425052844408,0.9375,1.0
4288,4,2,89,0.9402887987617312,0.9135425052844408,0.9375,1.0
4289,4,2,90,0.9402887987617312,0.9135425052844408,0.9375,0.0
4290,4,2,91,0.9402887987617312,0.9135425052844408,0.9375,0.0
4291,4,2,92,0.9402887987617312,0.9135425052844408,0.9375,0.0
4292,4,2,93,0.9402887987617312,0.9135425052844408,0.9375,1.0
4293,4,2,94,0.9402887987617312,0.9135425052844408,0.9375,0.0
4294,4,2,95,0.9402887987617312,0.9135425052844408,0.9375,2.0
4295,4,2,96,0.9402887987617312,0.9135425052844408,0.9375,0.0
4296,4,2,97,0.9402887987617312,0.9135425052844408,0.9375,1.0
4297,4,2,98,0.9402887987617312,0.9135425052844408,0.9375,4.0
4298,4,2,99,0.9402887987617312,0.9135425052844408,0.9375,1.0
4299,4,2,100,0.9402887987617312,0.9135425052844408,0.9375,1.0
4300,4,2,101,0.9402887987617312,0.9135425052844408,0.9375,1.0
4301,4,2,102,0.9402887987617312,0.9135425052844408,0.9375,1.0
4302,4,2,103,0.9402887987617312,0.9135425052844408,0.9375,1.0
4303,4,2,104,0.9402887987617312,0.9135425052844408,0.9375,0.0
4304,4,2,105,0.9402887987617312,0.9135425052844408,0.9375,0.0
4305,4,2,106,0.9402887987617312,0.9135425052844408,0.9375,0.0
4306,4,2,107,0.9402887987617312,0.9135425052844408,0.9375,1.0
4307,4,2,108,0.9402887987617312,0.9135425052844408,0.9375,1.0
4308,4,2,109,0.9402887987617312,0.9135425052844408,0.9375,2.0
4309,4,2,110,0.9402887987617312,0.9135425052844408,0.9375,0.0
4310,4,2,111,0.9402887987617312,0.9135425052844408,0.9375,0.0
4311,4,2,112,0.9402887987617312,0.9135425052844408,0.9375,0.0
4312,4,2,113,0.9402887987617312,0.9135425052844408,0.9375,1.0
4313,4,2,114,0.9402887987617312,0.9135425052844408,0.9375,2.0
4314,4,2,115,0.9402887987617312,0.9135425052844408,0.9375,3.0
4315,4,2,116,0.9402887987617312,0.9135425052844408,0.9375,3.0
4316,4,2,117,0.9402887987617312,0.9135425052844408,0.9375,2.0
4317,4,2,118,0.9402887987617312,0.9135425052844408,0.9375,0.0
4318,4,2,119,0.9402887987617312,0.9135425052844408,0.9375,0.0
4319,4,2,120,0.9402887987617312,0.9135425052844408,0.9375,1.0
4320,4,2,121,0.9402887987617312,0.9135425052844408,0.9375,0.0
4321,4,2,122,0.9402887987617312,0.9135425052844408,0.9375,0.0
4322,4,2,123,0.9402887987617312,0.9135425052844408,0.9375,0.0
4323,4,2,124,0.9402887987617312,0.9135425052844408,0.9375,0.0
4324,4,2,125,0.9402887987617312,0.9135425052844408,0.9375,1.0
4325,4,2,126,0.9402887987617312,0.9135425052844408,0.9375,1.0
4326,4,2,127,0.9402887987617312,0.9135425052844408,0.9375,0.0
4327,4,2,128,0.9402887987617312,0.9135425052844408,0.9375,2.0
4328,4,2,129,0.9402887987617312,0.9135425052844408,0.9375,3.0
4329,4,2,130,0.9402887987617312,0.9135425052844408,0.9375,2.0
4330,4,2,131,0.9402887987617312,0.9135425052844408,0.9375,1.0
4331,4,2,132,0.9402887987617312,0.9135425052844408,0.9375,1.0
4332,4,2,133,0.9402887987617312,0.9135425052844408,0.9375,0.0
4333,4,2,134,0.9402887987617312,0.9135425052844408,0.9375,1.0
4334,4,2,135,0.9402887987617312,0.9135425052844408,0.9375,1.0
4335,4,2,136,0.9402887987617312,0.9135425052844408,0.9375,1.0
4336,4,2,137,0.9402887987617312,0.9135425052844408,0.9375,0.0
4337,4,2,138,0.9402887987617312,0.9135425052844408,0.9375,1.0
4338,4,2,139,0.9402887987617312,0.9135425052844408,0.9375,1.0
4339,4,2,140,0.9402887987617312,0.9135425052844408,0.9375,1.0
4340,4,2,141,0.9402887987617312,0.9135425052844408,0.9375,1.0
4341,4,2,142,0.9402887987617312,0.9135425052844408,0.9375,0.0
4342,4,2,143,0.9402887987617312,0.9135425052844408,0.9375,2.0
4343,4,2,144,0.9402887987617312,0.9135425052844408,0.9375,0.0
4344,4,2,145,0.9402887987617312,0.9135425052844408,0.9375,1.0
4345,4,2,146,0.9402887987617312,0.9135425052844408,0.9375,1.0
4346,4,2,147,0.9402887987617312,0.9135425052844408,0.9375,1.0
4347,4,2,148,0.9402887987617312,0.9135425052844408,0.9375,3.0
4348,4,2,149,0.9402887987617312,0.9135425052844408,0.9375,1.0
4349,4,2,150,0.9402887987617312,0.9135425052844408,0.9375,1.0
4350,4,2,151,0.9402887987617312,0.9135425052844408,0.9375,1.0
4351,4,2,152,0.9402887987617312,0.9135425052844408,0.9375,1.0
4352,4,2,153,0.9402887987617312,0.9135425052844408,0.9375,0.0
4353,4,2,154,0.9402887987617312,0.9135425052844408,0.9375,1.0
4354,4,2,155,0.9402887987617312,0.9135425052844408,0.9375,0.0
4355,4,2,156,0.9402887987617312,0.9135425052844408,0.9375,2.0
4356,4,2,157,0.9402887987617312,0.9135425052844408,0.9375,1.0
4357,4,2,158,0.9402887987617312,0.9135425052844408,0.9375,1.0
4358,4,2,159,0.9402887987617312,0.9135425052844408,0.9375,2.0
4359,4,2,160,0.9402887987617312,0.9135425052844408,0.9375,0.0
4360,4,2,161,0.9402887987617312,0.9135425052844408,0.9375,0.0
4361,4,2,162,0.9402887987617312,0.9135425052844408,0.9375,0.0
4362,4,2,163,0.9402887987617312,0.9135425052844408,0.9375,1.0
4363,4,2,164,0.9402887987617312,0.9135425052844408,0.9375,3.0
4364,4,2,165,0.9402887987617312,0.9135425052844408,0.9375,1.0
4365,4,2,166,0.9402887987617312,0.9135425052844408,0.9375,0.0
4366,4,2,167,0.9402887987617312,0.9135425052844408,0.9375,3.0
4367,4,2,168,0.9402887987617312,0.9135425052844408,0.9375,0.0
4368,4,2,169,0.9402887987617312,0.9135425052844408,0.9375,0.0
4369,4,2,170,0.9402887987617312,0.9135425052844408,0.9375,1.0
4370,4,2,171,0.9402887987617312,0.9135425052844408,0.9375,1.0
4371,4,2,172,0.9402887987617312,0.9135425052844408,0.9375,1.0
4372,4,2,173,0.9402887987617312,0.9135425052844408,0.9375,2.0
4373,4,2,174,0.9402887987617312,0.9135425052844408,0.9375,0.0
4374,4,2,175,0.9402887987617312,0.9135425052844408,0.9375,1.0
4375,4,2,176,0.9402887987617312,0.9135425052844408,0.9375,1.0
4376,4,2,177,0.9402887987617312,0.9135425052844408,0.9375,0.0
4377,4,2,178,0.9402887987617312,0.9135425052844408,0.9375,2.0
4378,4,2,179,0.9402887987617312,0.9135425052844408,0.9375,0.0
4379,4,2,180,0.9402887987617312,0.9135425052844408,0.9375,0.0
4380,4,2,181,0.9402887987617312,0.9135425052844408,0.9375,0.0
4381,4,2,182,0.9402887987617312,0.9135425052844408,0.9375,1.0
4382,4,2,183,0.9402887987617312,0.9135425052844408,0.9375,4.0
4383,4,2,184,0.9402887987617312,0.9135425052844408,0.9375,2.0
4384,4,2,185,0.9402887987617312,0.9135425052844408,0.9375,0.0
4385,4,2,186,0.9402887987617312,0.9135425052844408,0.9375,2.0
4386,4,2,187,0.9402887987617312,0.9135425052844408,0.9375,0.0
4387,4,2,188,0.9402887987617312,0.9135425052844408,0.9375,1.0
4388,4,2,189,0.9402887987617312,0.9135425052844408,0.9375,2.0
4389,4,2,190,0.9402887987617312,0.9135425052844408,0.9375,0.0
4390,4,2,191,0.9402887987617312,0.9135425052844408,0.9375,2.0
4391,4,2,192,0.9402887987617312,0.9135425052844408,0.9375,0.0
4392,4,2,193,0.9402887987617312,0.9135425052844408,0.9375,0.0
4393,4,2,194,0.9402887987617312,0.9135425052844408,0.9375,0.0
4394,4,2,195,0.9402887987617312,0.9135425052844408,0.9375,1.0
4395,4,2,196,0.9402887987617312,0.9135425052844408,0.9375,0.0
4396,4,2,197,0.9402887987617312,0.9135425052844408,0.9375,1.0
4397,4,2,198,0.9402887987617312,0.9135425052844408,0.9375,1.0
4398,4,2,199,0.9402887987617312,0.9135425052844408,0.9375,0.0
4399,4,2,200,0.9402887987617312,0.9135425052844408,0.9375,3.0
4400,4,3,1,0.9561588945075183,0.9013209013209014,0.9032258064516129,0.0
4401,4,3,2,0.9561588945075183,0.9013209013209014,0.9032258064516129,0.0
4402,4,3,3,0.9561906851626476,0.9092981092981093,0.9375,0.0
4403,4,3,4,0.9561906851626476,0.9092981092981093,0.9375,0.0
4404,4,3,5,0.9561906851626476,0.9092981092981093,0.9375,0.0
4405,4,3,6,0.9561906851626476,0.9092981092981093,0.9375,0.0
4406,4,3,7,0.9561906851626476,0.9092981092981093,0.9375,0.0
4407,4,3,8,0.9561906851626476,0.9092981092981093,0.9375,0.0
4408,4,3,9,0.9561906851626476,0.9092981092981093,0.9375,0.0
4409,4,3,10,0.9561906851626476,0.9092981092981093,0.9375,0.0
4410,4,3,11,0.9561906851626476,0.9092981092981093,0.9375,0.0
4411,4,3,12,0.9491206636160765,0.9172753172753172,0.9375,0.0
4412,4,3,13,0.9491206636160765,0.9172753172753172,0.9375,0.0
4413,4,3,14,0.9491206636160765,0.9172753172753172,0.9375,0.0
4414,4,3,15,0.9491206636160765,0.9172753172753172,0.9375,0.0
4415,4,3,16,0.9491206636160765,0.9172753172753172,0.9375,2.0
4416,4,3,17,0.9491206636160765,0.9172753172753172,0.9375,1.0
4417,4,3,18,0.9491206636160765,0.9172753172753172,0.9375,2.0
4418,4,3,19,0.9491206636160765,0.9172753172753172,0.9375,2.0
4419,4,3,20,0.9491206636160765,0.9172753172753172,0.9375,0.0
4420,4,3,21,0.9491206636160765,0.9172753172753172,0.9375,2.0
4421,4,3,22,0.9491206636160765,0.9172753172753172,0.9375,0.0
4422,4,3,23,0.9491206636160765,0.9172753172753172,0.9375,0.0
4423,4,3,24,0.9491206636160765,0.9172753172753172,0.9375,1.0
4424,4,3,25,0.9491206636160765,0.9172753172753172,0.9375,0.0
4425,4,3,26,0.9491206636160765,0.9172753172753172,0.9375,1.0
4426,4,3,27,0.9491206636160765,0.9172753172753172,0.9375,0.0
4427,4,3,28,0.9491206636160765,0.9172753172753172,0.9375,1.0
4428,4,3,29,0.9491206636160765,0.9172753172753172,0.9375,0.0
4429,4,3,30,0.9491206636160765,0.9172753172753172,0.9375,3.0
4430,4,3,31,0.9491206636160765,0.9172753172753172,0.9375,0.0
4431,4,3,32,0.9491206636160765,0.9172753172753172,0.9375,0.0
4432,4,3,33,0.9491206636160765,0.9172753172753172,0.9375,0.0
4433,4,3,34,0.9491206636160765,0.9172753172753172,0.9375,1.0
4434,4,3,35,0.9491206636160765,0.9172753172753172,0.9375,2.0
4435,4,3,36,0.9491206636160765,0.9172753172753172,0.9375,5.0
4436,4,3,37,0.9491206636160765,0.9172753172753172,0.9375,0.0
4437,4,3,38,0.9491206636160765,0.9172753172753172,0.9375,0.0
4438,4,3,39,0.9491206636160765,0.9172753172753172,0.9375,0.0
4439,4,3,40,0.9491206636160765,0.9172753172753172,0.9375,1.0
4440,4,3,41,0.9491206636160765,0.9172753172753172,0.9375,0.0
4441,4,3,42,0.9491206636160765,0.9172753172753172,0.9375,0.0
4442,4,3,43,0.9491206636160765,0.9172753172753172,0.9375,0.0
4443,4,3,44,0.9491206636160765,0.9172753172753172,0.9375,3.0
4444,4,3,45,0.9491206636160765,0.9172753172753172,0.9375,0.0
4445,4,3,46,0.9491206636160765,0.9172753172753172,0.9375,1.0
4446,4,3,47,0.9491206636160765,0.9172753172753172,0.9375,0.0
4447,4,3,48,0.9491206636160765,0.9172753172753172,0.9375,1.0
4448,4,3,49,0.9491206636160765,0.9172753172753172,0.9375,1.0
4449,4,3,50,0.9491206636160765,0.9172753172753172,0.9375,1.0
4450,4,3,51,0.9491206636160765,0.9172753172753172,0.9375,3.0
4451,4,3,52,0.9491206636160765,0.9172753172753172,0.9375,1.0
4452,4,3,53,0.9491206636160765,0.9172753172753172,0.9375,3.0
4453,4,3,54,0.9491206636160765,0.9172753172753172,0.9375,0.0
4454,4,3,55,0.9491206636160765,0.9172753172753172,0.9375,0.0
4455,4,3,56,0.9491206636160765,0.9172753172753172,0.9375,0.0
4456,4,3,57,0.9491206636160765,0.9172753172753172,0.9375,2.0
4457,4,3,58,0.9491206636160765,0.9172753172753172,0.9375,1.0
4458,4,3,59,0.9491206636160765,0.9172753172753172,0.9375,2.0
4459,4,3,60,0.9491206636160765,0.9172753172753172,0.9375,0.0
4460,4,3,61,0.9491206636160765,0.9172753172753172,0.9375,0.0
4461,4,3,62,0.9491206636160765,0.9172753172753172,0.9375,1.0
4462,4,3,63,0.9491206636160765,0.9172753172753172,0.9375,1.0
4463,4,3,64,0.9491206636160765,0.9172753172753172,0.9375,0.0
4464,4,3,65,0.9491206636160765,0.9172753172753172,0.9375,0.0
4465,4,3,66,0.9491206636160765,0.9172753172753172,0.9375,2.0
4466,4,3,67,0.9491206636160765,0.9172753172753172,0.9375,2.0
4467,4,3,68,0.9491206636160765,0.9172753172753172,0.9375,2.0
4468,4,3,69,0.9491206636160765,0.9172753172753172,0.9375,1.0
4469,4,3,70,0.9491206636160765,0.9172753172753172,0.9375,0.0
4470,4,3,71,0.9491206636160765,0.9172753172753172,0.9375,1.0
4471,4,3,72,0.9491206636160765,0.9172753172753172,0.9375,1.0
4472,4,3,73,0.9491206636160765,0.9172753172753172,0.9375,2.0
4473,4,3,74,0.9491206636160765,0.9172753172753172,0.9375,1.0
4474,4,3,75,0.9491206636160765,0.9172753172753172,0.9375,0.0
4475,4,3,76,0.9491206636160765,0.9172753172753172,0.9375,0.0
4476,4,3,77,0.9491206636160765,0.9172753172753172,0.9375,1.0
4477,4,3,78,0.9491206636160765,0.9172753172753172,0.9375,1.0
4478,4,3,79,0.9491206636160765,0.9172753172753172,0.9375,0.0
4479,4,3,80,0.9491206636160765,0.9172753172753172,0.9375,0.0
4480,4,3,81,0.9491206636160765,0.9172753172753172,0.9375,0.0
4481,4,3,82,0.9491206636160765,0.9172753172753172,0.9375,2.0
4482,4,3,83,0.9491206636160765,0.9172753172753172,0.9375,5.0
4483,4,3,84,0.9491206636160765,0.9172753172753172,0.9375,0.0
4484,4,3,85,0.9491206636160765,0.9172753172753172,0.9375,1.0
4485,4,3,86,0.9491206636160765,0.9172753172753172,0.9375,1.0
4486,4,3,87,0.9491206636160765,0.9172753172753172,0.9375,0.0
4487,4,3,88,0.9491206636160765,0.9172753172753172,0.9375,1.0
4488,4,3,89,0.9491206636160765,0.9172753172753172,0.9375,2.0
4489,4,3,90,0.9491206636160765,0.9172753172753172,0.9375,1.0
4490,4,3,91,0.9491206636160765,0.9172753172753172,0.9375,0.0
4491,4,3,92,0.9491206636160765,0.9172753172753172,0.9375,1.0
4492,4,3,93,0.9491206636160765,0.9172753172753172,0.9375,0.0
4493,4,3,94,0.9491206636160765,0.9172753172753172,0.9375,1.0
4494,4,3,95,0.9491206636160765,0.9172753172753172,0.9375,0.0
4495,4,3,96,0.9491206636160765,0.9172753172753172,0.9375,2.0
4496,4,3,97,0.9491206636160765,0.9172753172753172,0.9375,0.0
4497,4,3,98,0.9491206636160765,0.9172753172753172,0.9375,3.0
4498,4,3,99,0.9491206636160765,0.9172753172753172,0.9375,0.0
4499,4,3,100,0.9491206636160765,0.9172753172753172,0.9375,1.0
4500,4,3,101,0.9491206636160765,0.9172753172753172,0.9375,0.0
4501,4,3,102,0.9491206636160765,0.9172753172753172,0.9375,4.0
4502,4,3,103,0.9491206636160765,0.9172753172753172,0.9375,1.0
4503,4,3,104,0.9491206636160765,0.9172753172753172,0.9375,1.0
4504,4,3,105,0.9491206636160765,0.9172753172753172,0.9375,0.0
4505,4,3,106,0.9491206636160765,0.9172753172753172,0.9375,1.0
4506,4,3,107,0.9491206636160765,0.9172753172753172,0.9375,0.0
4507,4,3,108,0.9491206636160765,0.9172753172753172,0.9375,0.0
4508,4,3,109,0.9491206636160765,0.9172753172753172,0.9375,1.0
4509,4,3,110,0.9491206636160765,0.9172753172753172,0.9375,1.0
4510,4,3,111,0.9491206636160765,0.9172753172753172,0.9375,0.0
4511,4,3,112,0.9491206636160765,0.9172753172753172,0.9375,1.0
4512,4,3,113,0.9491206636160765,0.9172753172753172,0.9375,0.0
4513,4,3,114,0.9491206636160765,0.9172753172753172,0.9375,1.0
4514,4,3,115,0.9491206636160765,0.9172753172753172,0.9375,1.0
4515,4,3,116,0.9491206636160765,0.9172753172753172,0.9375,2.0
4516,4,3,117,0.9491206636160765,0.9172753172753172,0.9375,3.0
4517,4,3,118,0.9491206636160765,0.9172753172753172,0.9375,2.0
4518,4,3,119,0.9491206636160765,0.9172753172753172,0.9375,1.0
4519,4,3,120,0.9491206636160765,0.9172753172753172,0.9375,0.0
4520,4,3,121,0.9491206636160765,0.9172753172753172,0.9375,0.0
4521,4,3,122,0.9491206636160765,0.9172753172753172,0.9375,2.0
4522,4,3,123,0.9491206636160765,0.9172753172753172,0.9375,0.0
4523,4,3,124,0.9491206636160765,0.9172753172753172,0.9375,1.0
4524,4,3,125,0.9491206636160765,0.9172753172753172,0.9375,1.0
4525,4,3,126,0.9491206636160765,0.9172753172753172,0.9375,0.0
4526,4,3,127,0.9491206636160765,0.9172753172753172,0.9375,0.0
4527,4,3,128,0.9491206636160765,0.9172753172753172,0.9375,0.0
4528,4,3,129,0.9491206636160765,0.9172753172753172,0.9375,3.0
4529,4,3,130,0.9491206636160765,0.9172753172753172,0.9375,0.0
4530,4,3,131,0.9491206636160765,0.9172753172753172,0.9375,2.0
4531,4,3,132,0.9491206636160765,0.9172753172753172,0.9375,2.0
4532,4,3,133,0.9491206636160765,0.9172753172753172,0.9375,2.0
4533,4,3,134,0.9491206636160765,0.9172753172753172,0.9375,0.0
4534,4,3,135,0.9491206636160765,0.9172753172753172,0.9375,1.0
4535,4,3,136,0.9491206636160765,0.9172753172753172,0.9375,0.0
4536,4,3,137,0.9491206636160765,0.9172753172753172,0.9375,1.0
4537,4,3,138,0.9491206636160765,0.9172753172753172,0.9375,2.0
4538,4,3,139,0.9491206636160765,0.9172753172753172,0.9375,0.0
4539,4,3,140,0.9491206636160765,0.9172753172753172,0.9375,1.0
4540,4,3,141,0.9491206636160765,0.9172753172753172,0.9375,0.0
4541,4,3,142,0.9491206636160765,0.9172753172753172,0.9375,0.0
4542,4,3,143,0.9491206636160765,0.9172753172753172,0.9375,3.0
4543,4,3,144,0.9491206636160765,0.9172753172753172,0.9375,0.0
4544,4,3,145,0.9491206636160765,0.9172753172753172,0.9375,3.0
4545,4,3,146,0.9491206636160765,0.9172753172753172,0.9375,0.0
4546,4,3,147,0.9491206636160765,0.9172753172753172,0.9375,1.0
4547,4,3,148,0.9491206636160765,0.9172753172753172,0.9375,1.0
4548,4,3,149,0.9491206636160765,0.9172753172753172,0.9375,2.0
4549,4,3,150,0.9491206636160765,0.9172753172753172,0.9375,1.0
4550,4,3,151,0.9491206636160765,0.9172753172753172,0.9375,0.0
4551,4,3,152,0.9491206636160765,0.9172753172753172,0.9375,0.0
4552,4,3,153,0.9491206636160765,0.9172753172753172,0.9375,0.0
4553,4,3,154,0.9491206636160765,0.9172753172753172,0.9375,3.0
4554,4,3,155,0.9491206636160765,0.9172753172753172,0.9375,1.0
4555,4,3,156,0.9491206636160765,0.9172753172753172,0.9375,0.0
4556,4,3,157,0.9491206636160765,0.9172753172753172,0.9375,2.0
4557,4,3,158,0.9491206636160765,0.9172753172753172,0.9375,0.0
4558,4,3,159,0.9491206636160765,0.9172753172753172,0.9375,2.0
4559,4,3,160,0.9491206636160765,0.9172753172753172,0.9375,1.0
4560,4,3,161,0.9491206636160765,0.9172753172753172,0.9375,0.0
4561,4,3,162,0.9491206636160765,0.9172753172753172,0.9375,3.0
4562,4,3,163,0.9491206636160765,0.9172753172753172,0.9375,0.0
4563,4,3,164,0.9491206636160765,0.9172753172753172,0.9375,2.0
4564,4,3,165,0.9491206636160765,0.9172753172753172,0.9375,0.0
4565,4,3,166,0.9491206636160765,0.9172753172753172,0.9375,1.0
4566,4,3,167,0.9491206636160765,0.9172753172753172,0.9375,1.0
4567,4,3,168,0.9491206636160765,0.9172753172753172,0.9375,1.0
4568,4,3,169,0.9491206636160765,0.9172753172753172,0.9375,1.0
4569,4,3,170,0.9491206636160765,0.9172753172753172,0.9375,0.0
4570,4,3,171,0.9491206636160765,0.9172753172753172,0.9375,0.0
4571,4,3,172,0.9491206636160765,0.9172753172753172,0.9375,3.0
4572,4,3,173,0.9491206636160765,0.9172753172753172,0.9375,1.0
4573,4,3,174,0.9491206636160765,0.9172753172753172,0.9375,0.0
4574,4,3,175,0.9491206636160765,0.9172753172753172,0.9375,1.0
4575,4,3,176,0.9491206636160765,0.9172753172753172,0.9375,3.0
4576,4,3,177,0.9491206636160765,0.9172753172753172,0.9375,0.0
4577,4,3,178,0.9491206636160765,0.9172753172753172,0.9375,1.0
4578,4,3,179,0.9491206636160765,0.9172753172753172,0.9375,0.0
4579,4,3,180,0.9491206636160765,0.9172753172753172,0.9375,1.0
4580,4,3,181,0.9491206636160765,0.9172753172753172,0.9375,1.0
4581,4,3,182,0.9491206636160765,0.9172753172753172,0.9375,1.0
4582,4,3,183,0.9491206636160765,0.9172753172753172,0.9375,2.0
4583,4,3,184,0.9491206636160765,0.9172753172753172,0.9375,0.0
4584,4,3,185,0.9491206636160765,0.9172753172753172,0.9375,1.0
4585,4,3,186,0.9491206636160765,0.9172753172753172,0.9375,1.0
4586,4,3,187,0.9491206636160765,0.9172753172753172,0.9375,1.0
4587,4,3,188,0.9491206636160765,0.9172753172753172,0.9375,1.0
4588,4,3,189,0.9491206636160765,0.9172753172753172,0.9375,1.0
4589,4,3,190,0.9491206636160765,0.9172753172753172,0.9375,2.0
4590,4,3,191,0.9491206636160765,0.9172753172753172,0.9375,0.0
4591,4,3,192,0.9491206636160765,0.9172753172753172,0.9375,1.0
4592,4,3,193,0.9491206636160765,0.9172753172753172,0.9375,3.0
4593,4,3,194,0.9491206636160765,0.9172753172753172,0.9375,0.0
4594,4,3,195,0.9491206636160765,0.9172753172753172,0.9375,0.0
4595,4,3,196,0.9491206636160765,0.9172753172753172,0.9375,2.0
4596,4,3,197,0.9491206636160765,0.9172753172753172,0.9375,0.0
4597,4,3,198,0.9491206636160765,0.9172753172753172,0.9375,1.0
4598,4,3,199,0.9491206636160765,0.9172753172753172,0.9375,0.0
4599,4,3,200,0.9491206636160765,0.9172753172753172,0.9375,0.0
4600,4,4,1,0.9473461470640098,0.947008547008547,0.875,0.0
4601,4,4,2,0.9473461470640098,0.947008547008547,0.875,0.0
4602,4,4,3,0.9473461470640098,0.947008547008547,0.875,0.0
4603,4,4,4,0.9473461470640098,0.947008547008547,0.875,0.0
4604,4,4,5,0.9473461470640098,0.947008547008547,0.875,0.0
4605,4,4,6,0.9571112286682733,0.9549857549857549,0.875,0.0
4606,4,4,7,0.9571112286682733,0.9549857549857549,0.875,0.0
4607,4,4,8,0.9571112286682733,0.9549857549857549,0.875,0.0
4608,4,4,9,0.9571112286682733,0.9549857549857549,0.875,0.0
4609,4,4,10,0.9571112286682733,0.9549857549857549,0.875,0.0
4610,4,4,11,0.9571112286682733,0.9549857549857549,0.875,0.0
4611,4,4,12,0.9571112286682733,0.9549857549857549,0.875,0.0
4612,4,4,13,0.9571112286682733,0.9549857549857549,0.875,0.0
4613,4,4,14,0.9571112286682733,0.9549857549857549,0.875,0.0
4614,4,4,15,0.9571112286682733,0.9549857549857549,0.875,2.0
4615,4,4,16,0.9571112286682733,0.9549857549857549,0.875,1.0
4616,4,4,17,0.9571112286682733,0.9549857549857549,0.875,1.0
4617,4,4,18,0.9571112286682733,0.9549857549857549,0.875,1.0
4618,4,4,19,0.9571112286682733,0.9549857549857549,0.875,2.0
4619,4,4,20,0.9571112286682733,0.9549857549857549,0.875,0.0
4620,4,4,21,0.9571112286682733,0.9549857549857549,0.875,0.0
4621,4,4,22,0.9571112286682733,0.9549857549857549,0.875,1.0
4622,4,4,23,0.9571112286682733,0.9549857549857549,0.875,0.0
4623,4,4,24,0.9571112286682733,0.9549857549857549,0.875,0.0
4624,4,4,25,0.9571112286682733,0.9549857549857549,0.875,0.0
4625,4,4,26,0.9571112286682733,0.9549857549857549,0.875,0.0
4626,4,4,27,0.9571112286682733,0.9549857549857549,0.875,1.0
4627,4,4,28,0.9571112286682733,0.9549857549857549,0.875,2.0
4628,4,4,29,0.9571112286682733,0.9549857549857549,0.875,1.0
4629,4,4,30,0.9571112286682733,0.9549857549857549,0.875,0.0
4630,4,4,31,0.9571112286682733,0.9549857549857549,0.875,2.0
4631,4,4,32,0.9571112286682733,0.9549857549857549,0.875,1.0
4632,4,4,33,0.9571112286682733,0.9549857549857549,0.875,1.0
4633,4,4,34,0.9571112286682733,0.9549857549857549,0.875,1.0
4634,4,4,35,0.9571112286682733,0.9549857549857549,0.875,1.0
4635,4,4,36,0.9571112286682733,0.9549857549857549,0.875,0.0
4636,4,4,37,0.9571112286682733,0.9549857549857549,0.875,1.0
4637,4,4,38,0.9571112286682733,0.9549857549857549,0.875,0.0
4638,4,4,39,0.9571112286682733,0.9549857549857549,0.875,2.0
4639,4,4,40,0.9571112286682733,0.9549857549857549,0.875,0.0
4640,4,4,41,0.9571112286682733,0.9549857549857549,0.875,1.0
4641,4,4,42,0.9571112286682733,0.9549857549857549,0.875,0.0
4642,4,4,43,0.9571112286682733,0.9549857549857549,0.875,1.0
4643,4,4,44,0.9571112286682733,0.9549857549857549,0.875,1.0
4644,4,4,45,0.9571112286682733,0.9549857549857549,0.875,1.0
4645,4,4,46,0.9571112286682733,0.9549857549857549,0.875,1.0
4646,4,4,47,0.9571112286682733,0.9549857549857549,0.875,2.0
4647,4,4,48,0.9571112286682733,0.9549857549857549,0.875,0.0
4648,4,4,49,0.9571112286682733,0.9549857549857549,0.875,2.0
4649,4,4,50,0.9571112286682733,0.9549857549857549,0.875,2.0
4650,4,4,51,0.9571112286682733,0.9549857549857549,0.875,1.0
4651,4,4,52,0.9571112286682733,0.9549857549857549,0.875,1.0
4652,4,4,53,0.9571112286682733,0.9549857549857549,0.875,0.0
4653,4,4,54,0.9571112286682733,0.9549857549857549,0.875,1.0
4654,4,4,55,0.9571112286682733,0.9549857549857549,0.875,0.0
4655,4,4,56,0.9571112286682733,0.9549857549857549,0.875,0.0
4656,4,4,57,0.9571112286682733,0.9549857549857549,0.875,2.0
4657,4,4,58,0.9571112286682733,0.9549857549857549,0.875,0.0
4658,4,4,59,0.9571112286682733,0.9549857549857549,0.875,0.0
4659,4,4,60,0.9571112286682733,0.9549857549857549,0.875,1.0
4660,4,4,61,0.9571112286682733,0.9549857549857549,0.875,1.0
4661,4,4,62,0.9571112286682733,0.9549857549857549,0.875,2.0
4662,4,4,63,0.9571112286682733,0.9549857549857549,0.875,1.0
4663,4,4,64,0.9571112286682733,0.9549857549857549,0.875,3.0
4664,4,4,65,0.9571112286682733,0.9549857549857549,0.875,1.0
4665,4,4,66,0.9571112286682733,0.9549857549857549,0.875,1.0
4666,4,4,67,0.9571112286682733,0.9549857549857549,0.875,2.0
4667,4,4,68,0.9571112286682733,0.9549857549857549,0.875,1.0
4668,4,4,69,0.9571112286682733,0.9549857549857549,0.875,0.0
4669,4,4,70,0.9571112286682733,0.9549857549857549,0.875,0.0
4670,4,4,71,0.9571112286682733,0.9549857549857549,0.875,1.0
4671,4,4,72,0.9571112286682733,0.9549857549857549,0.875,1.0
4672,4,4,73,0.9571112286682733,0.9549857549857549,0.875,0.0
4673,4,4,74,0.9571112286682733,0.9549857549857549,0.875,0.0
4674,4,4,75,0.9571112286682733,0.9549857549857549,0.875,0.0
4675,4,4,76,0.9571112286682733,0.9549857549857549,0.875,0.0
4676,4,4,77,0.9571112286682733,0.9549857549857549,0.875,3.0
4677,4,4,78,0.9571112286682733,0.9549857549857549,0.875,2.0
4678,4,4,79,0.9571112286682733,0.9549857549857549,0.875,1.0
4679,4,4,80,0.9571112286682733,0.9549857549857549,0.875,1.0
4680,4,4,81,0.9571112286682733,0.9549857549857549,0.875,3.0
4681,4,4,82,0.9571112286682733,0.9549857549857549,0.875,2.0
4682,4,4,83,0.9571112286682733,0.9549857549857549,0.875,0.0
4683,4,4,84,0.9571112286682733,0.9549857549857549,0.875,1.0
4684,4,4,85,0.9571112286682733,0.9549857549857549,0.875,0.0
4685,4,4,86,0.9571112286682733,0.9549857549857549,0.875,0.0
4686,4,4,87,0.9571112286682733,0.9549857549857549,0.875,1.0
4687,4,4,88,0.9571112286682733,0.9549857549857549,0.875,0.0
4688,4,4,89,0.9571112286682733,0.9549857549857549,0.875,0.0
4689,4,4,90,0.9571112286682733,0.9549857549857549,0.875,1.0
4690,4,4,91,0.9571112286682733,0.9549857549857549,0.875,3.0
4691,4,4,92,0.9571112286682733,0.9549857549857549,0.875,0.0
4692,4,4,93,0.9571112286682733,0.9549857549857549,0.875,1.0
4693,4,4,94,0.9571112286682733,0.9549857549857549,0.875,1.0
4694,4,4,95,0.9571112286682733,0.9549857549857549,0.875,2.0
4695,4,4,96,0.9571112286682733,0.9549857549857549,0.875,1.0
4696,4,4,97,0.9571112286682733,0.9549857549857549,0.875,1.0
4697,4,4,98,0.9571112286682733,0.9549857549857549,0.875,1.0
4698,4,4,99,0.9571112286682733,0.9549857549857549,0.875,1.0
4699,4,4,100,0.9571112286682733,0.9549857549857549,0.875,0.0
4700,4,4,101,0.9571112286682733,0.9549857549857549,0.875,1.0
4701,4,4,102,0.9571112286682733,0.9549857549857549,0.875,0.0
4702,4,4,103,0.9571112286682733,0.9549857549857549,0.875,1.0
4703,4,4,104,0.9571112286682733,0.9549857549857549,0.875,0.0
4704,4,4,105,0.9571112286682733,0.9549857549857549,0.875,0.0
4705,4,4,106,0.9571112286682733,0.9549857549857549,0.875,0.0
4706,4,4,107,0.9571112286682733,0.9549857549857549,0.875,3.0
4707,4,4,108,0.9571112286682733,0.9549857549857549,0.875,3.0
4708,4,4,109,0.9571112286682733,0.9549857549857549,0.875,1.0
4709,4,4,110,0.9571112286682733,0.9549857549857549,0.875,0.0
4710,4,4,111,0.9571112286682733,0.9549857549857549,0.875,3.0
4711,4,4,112,0.9571112286682733,0.9549857549857549,0.875,1.0
4712,4,4,113,0.9571112286682733,0.9549857549857549,0.875,3.0
4713,4,4,114,0.9571112286682733,0.9549857549857549,0.875,0.0
4714,4,4,115,0.9571112286682733,0.9549857549857549,0.875,0.0
4715,4,4,116,0.9571112286682733,0.9549857549857549,0.875,0.0
4716,4,4,117,0.9571112286682733,0.9549857549857549,0.875,0.0
4717,4,4,118,0.9571112286682733,0.9549857549857549,0.875,1.0
4718,4,4,119,0.9571112286682733,0.9549857549857549,0.875,0.0
4719,4,4,120,0.9571112286682733,0.9549857549857549,0.875,0.0
4720,4,4,121,0.9571112286682733,0.9549857549857549,0.875,1.0
4721,4,4,122,0.9571112286682733,0.9549857549857549,0.875,0.0
4722,4,4,123,0.9571112286682733,0.9549857549857549,0.875,1.0
4723,4,4,124,0.9571112286682733,0.9549857549857549,0.875,2.0
4724,4,4,125,0.9571112286682733,0.9549857549857549,0.875,3.0
4725,4,4,126,0.9571112286682733,0.9549857549857549,0.875,2.0
4726,4,4,127,0.9571112286682733,0.9549857549857549,0.875,0.0
4727,4,4,128,0.9571112286682733,0.9549857549857549,0.875,4.0
4728,4,4,129,0.9571112286682733,0.9549857549857549,0.875,0.0
4729,4,4,130,0.9571112286682733,0.9549857549857549,0.875,0.0
4730,4,4,131,0.9571112286682733,0.9549857549857549,0.875,0.0
4731,4,4,132,0.9571112286682733,0.9549857549857549,0.875,2.0
4732,4,4,133,0.9571112286682733,0.9549857549857549,0.875,0.0
4733,4,4,134,0.9571112286682733,0.9549857549857549,0.875,0.0
4734,4,4,135,0.9571112286682733,0.9549857549857549,0.875,0.0
4735,4,4,136,0.9571112286682733,0.9549857549857549,0.875,0.0
4736,4,4,137,0.9571112286682733,0.9549857549857549,0.875,1.0
4737,4,4,138,0.9571112286682733,0.9549857549857549,0.875,2.0
4738,4,4,139,0.9571112286682733,0.9549857549857549,0.875,0.0
4739,4,4,140,0.9571112286682733,0.9549857549857549,0.875,3.0
4740,4,4,141,0.9571112286682733,0.9549857549857549,0.875,1.0
4741,4,4,142,0.9571112286682733,0.9549857549857549,0.875,1.0
4742,4,4,143,0.9571112286682733,0.9549857549857549,0.875,2.0
4743,4,4,144,0.9571112286682733,0.9549857549857549,0.875,2.0
4744,4,4,145,0.9571112286682733,0.9549857549857549,0.875,1.0
4745,4,4,146,0.9571112286682733,0.9549857549857549,0.875,0.0
4746,4,4,147,0.9571112286682733,0.9549857549857549,0.875,1.0
4747,4,4,148,0.9571112286682733,0.9549857549857549,0.875,0.0
4748,4,4,149,0.9571112286682733,0.9549857549857549,0.875,0.0
4749,4,4,150,0.9571112286682733,0.9549857549857549,0.875,1.0
4750,4,4,151,0.9571112286682733,0.9549857549857549,0.875,1.0
4751,4,4,152,0.9571112286682733,0.9549857549857549,0.875,2.0
4752,4,4,153,0.9571112286682733,0.9549857549857549,0.875,0.0
4753,4,4,154,0.9571112286682733,0.9549857549857549,0.875,2.0
4754,4,4,155,0.9571112286682733,0.9549857549857549,0.875,2.0
4755,4,4,156,0.9571112286682733,0.9549857549857549,0.875,1.0
4756,4,4,157,0.9571112286682733,0.9549857549857549,0.875,0.0
4757,4,4,158,0.9571112286682733,0.9549857549857549,0.875,1.0
4758,4,4,159,0.9571112286682733,0.9549857549857549,0.875,1.0
4759,4,4,160,0.9571112286682733,0.9549857549857549,0.875,0.0
4760,4,4,161,0.9571112286682733,0.9549857549857549,0.875,0.0
4761,4,4,162,0.9571112286682733,0.9549857549857549,0.875,1.0
4762,4,4,163,0.9571112286682733,0.9549857549857549,0.875,1.0
4763,4,4,164,0.9571112286682733,0.9549857549857549,0.875,0.0
4764,4,4,165,0.9571112286682733,0.9549857549857549,0.875,0.0
4765,4,4,166,0.9571112286682733,0.9549857549857549,0.875,2.0
4766,4,4,167,0.9571112286682733,0.9549857549857549,0.875,1.0
4767,4,4,168,0.9571112286682733,0.9549857549857549,0.875,3.0
4768,4,4,169,0.9571112286682733,0.9549857549857549,0.875,2.0
4769,4,4,170,0.9571112286682733,0.9549857549857549,0.875,1.0
4770,4,4,171,0.9571112286682733,0.9549857549857549,0.875,0.0
4771,4,4,172,0.9571112286682733,0.9549857549857549,0.875,0.0
4772,4,4,173,0.9571112286682733,0.9549857549857549,0.875,1.0
4773,4,4,174,0.9571112286682733,0.9549857549857549,0.875,2.0
4774,4,4,175,0.9571112286682733,0.9549857549857549,0.875,1.0
4775,4,4,176,0.9571112286682733,0.9549857549857549,0.875,0.0
4776,4,4,177,0.9571112286682733,0.9549857549857549,0.875,1.0
4777,4,4,178,0.9571112286682733,0.9549857549857549,0.875,0.0
4778,4,4,179,0.9571112286682733,0.9549857549857549,0.875,1.0
4779,4,4,180,0.9571112286682733,0.9549857549857549,0.875,1.0
4780,4,4,181,0.9571112286682733,0.9549857549857549,0.875,0.0
4781,4,4,182,0.9571112286682733,0.9549857549857549,0.875,3.0
4782,4,4,183,0.9571112286682733,0.9549857549857549,0.875,2.0
4783,4,4,184,0.9571112286682733,0.9549857549857549,0.875,0.0
4784,4,4,185,0.9571112286682733,0.9549857549857549,0.875,2.0
4785,4,4,186,0.9571112286682733,0.9549857549857549,0.875,1.0
4786,4,4,187,0.9571112286682733,0.9549857549857549,0.875,0.0
4787,4,4,188,0.9571112286682733,0.9549857549857549,0.875,0.0
4788,4,4,189,0.9571112286682733,0.9549857549857549,0.875,2.0
4789,4,4,190,0.9571112286682733,0.9549857549857549,0.875,1.0
4790,4,4,191,0.9571112286682733,0.9549857549857549,0.875,1.0
4791,4,4,192,0.9571112286682733,0.9549857549857549,0.875,1.0
4792,4,4,193,0.9571112286682733,0.9549857549857549,0.875,0.0
4793,4,4,194,0.9571112286682733,0.9549857549857549,0.875,1.0
4794,4,4,195,0.9571112286682733,0.9549857549857549,0.875,0.0
4795,4,4,196,0.9571112286682733,0.9549857549857549,0.875,0.0
4796,4,4,197,0.9571112286682733,0.9549857549857549,0.875,1.0
4797,4,4,198,0.9571112286682733,0.9549857549857549,0.875,4.0
4798,4,4,199,0.9571112286682733,0.9549857549857549,0.875,0.0
4799,4,4,200,0.9571112286682733,0.9549857549857549,0.875,1.0
4800,4,5,1,0.9468716139644539,0.9228994708994709,0.9090909090909091,0.0
4801,4,5,2,0.9468716139644539,0.9228994708994709,0.9090909090909091,0.0
4802,4,5,3,0.9468716139644539,0.9228994708994709,0.9090909090909091,0.0
4803,4,5,4,0.9533325614933796,0.9304159544159545,0.9090909090909091,0.0
4804,4,5,5,0.9533325614933796,0.9304159544159545,0.9090909090909091,0.0
4805,4,5,6,0.9533325614933796,0.9304159544159545,0.9090909090909091,0.0
4806,4,5,7,0.9532344546980414,0.9315148555148556,0.9142857142857143,0.0
4807,4,5,8,0.9532344546980414,0.9315148555148556,0.9142857142857143,0.0
4808,4,5,9,0.9532344546980414,0.9315148555148556,0.9142857142857143,0.0
4809,4,5,10,0.9532344546980414,0.9315148555148556,0.9142857142857143,0.0
4810,4,5,11,0.9532344546980414,0.9315148555148556,0.9142857142857143,0.0
4811,4,5,12,0.9532344546980414,0.9315148555148556,0.9142857142857143,0.0
4812,4,5,13,0.9532344546980414,0.9315148555148556,0.9142857142857143,0.0
4813,4,5,14,0.9532344546980414,0.9315148555148556,0.9142857142857143,0.0
4814,4,5,15,0.9532344546980414,0.9315148555148556,0.9142857142857143,0.0
4815,4,5,16,0.9532344546980414,0.9315148555148556,0.9142857142857143,0.0
4816,4,5,17,0.9495530783578294,0.9315555555555555,0.9142857142857143,2.0
4817,4,5,18,0.9495530783578294,0.9315555555555555,0.9142857142857143,0.0
4818,4,5,19,0.9495530783578294,0.9315555555555555,0.9142857142857143,0.0
4819,4,5,20,0.9495530783578294,0.9315555555555555,0.9142857142857143,2.0
4820,4,5,21,0.9495530783578294,0.9315555555555555,0.9142857142857143,2.0
4821,4,5,22,0.9495530783578294,0.9315555555555555,0.9142857142857143,0.0
4822,4,5,23,0.9495530783578294,0.9315555555555555,0.9142857142857143,0.0
4823,4,5,24,0.9495530783578294,0.9315555555555555,0.9142857142857143,1.0
4824,4,5,25,0.9495530783578294,0.9315555555555555,0.9142857142857143,2.0
4825,4,5,26,0.9495530783578294,0.9315555555555555,0.9142857142857143,0.0
4826,4,5,27,0.9495530783578294,0.9315555555555555,0.9142857142857143,0.0
4827,4,5,28,0.9495530783578294,0.9315555555555555,0.9142857142857143,2.0
4828,4,5,29,0.9495530783578294,0.9315555555555555,0.9142857142857143,0.0
4829,4,5,30,0.9495530783578294,0.9315555555555555,0.9142857142857143,0.0
4830,4,5,31,0.9495530783578294,0.9315555555555555,0.9142857142857143,0.0
4831,4,5,32,0.9495530783578294,0.9315555555555555,0.9142857142857143,1.0
4832,4,5,33,0.9528292233174162,0.9383931623931623,0.9142857142857143,2.0
4833,4,5,34,0.9528292233174162,0.9383931623931623,0.9142857142857143,0.0
4834,4,5,35,0.9528292233174162,0.9383931623931623,0.9142857142857143,1.0
4835,4,5,36,0.9528292233174162,0.9383931623931623,0.9142857142857143,1.0
4836,4,5,37,0.9528292233174162,0.9383931623931623,0.9142857142857143,1.0
4837,4,5,38,0.9528292233174162,0.9383931623931623,0.9142857142857143,1.0
4838,4,5,39,0.9528292233174162,0.9383931623931623,0.9142857142857143,0.0
4839,4,5,40,0.9528292233174162,0.9383931623931623,0.9142857142857143,2.0
4840,4,5,41,0.9528292233174162,0.9383931623931623,0.9142857142857143,0.0
4841,4,5,42,0.9528292233174162,0.9383931623931623,0.9142857142857143,0.0
4842,4,5,43,0.9528292233174162,0.9383931623931623,0.9142857142857143,2.0
4843,4,5,44,0.9528292233174162,0.9383931623931623,0.9142857142857143,1.0
4844,4,5,45,0.9528292233174162,0.9383931623931623,0.9142857142857143,1.0
4845,4,5,46,0.9528292233174162,0.9383931623931623,0.9142857142857143,0.0
4846,4,5,47,0.9528292233174162,0.9383931623931623,0.9142857142857143,0.0
4847,4,5,48,0.9528292233174162,0.9383931623931623,0.9142857142857143,2.0
4848,4,5,49,0.9528292233174162,0.9383931623931623,0.9142857142857143,3.0
4849,4,5,50,0.9528292233174162,0.9383931623931623,0.9142857142857143,1.0
4850,4,5,51,0.9528292233174162,0.9383931623931623,0.9142857142857143,0.0
4851,4,5,52,0.9528292233174162,0.9383931623931623,0.9142857142857143,0.0
4852,4,5,53,0.9528292233174162,0.9383931623931623,0.9142857142857143,0.0
4853,4,5,54,0.9528292233174162,0.9383931623931623,0.9142857142857143,2.0
4854,4,5,55,0.9528292233174162,0.9383931623931623,0.9142857142857143,2.0
4855,4,5,56,0.9528292233174162,0.9383931623931623,0.9142857142857143,0.0
4856,4,5,57,0.9528292233174162,0.9383931623931623,0.9142857142857143,0.0
4857,4,5,58,0.9528292233174162,0.9383931623931623,0.9142857142857143,1.0
4858,4,5,59,0.9528292233174162,0.9383931623931623,0.9142857142857143,1.0
4859,4,5,60,0.9528292233174162,0.9383931623931623,0.9142857142857143,3.0
4860,4,5,61,0.9528292233174162,0.9383931623931623,0.9142857142857143,2.0
4861,4,5,62,0.9528292233174162,0.9383931623931623,0.9142857142857143,0.0
4862,4,5,63,0.9528292233174162,0.9383931623931623,0.9142857142857143,0.0
4863,4,5,64,0.9528292233174162,0.9383931623931623,0.9142857142857143,0.0
4864,4,5,65,0.9528292233174162,0.9383931623931623,0.9142857142857143,0.0
4865,4,5,66,0.9528292233174162,0.9383931623931623,0.9142857142857143,0.0
4866,4,5,67,0.9528292233174162,0.9383931623931623,0.9142857142857143,1.0
4867,4,5,68,0.9528292233174162,0.9383931623931623,0.9142857142857143,0.0
4868,4,5,69,0.9528292233174162,0.9383931623931623,0.9142857142857143,3.0
4869,4,5,70,0.9528292233174162,0.9383931623931623,0.9142857142857143,0.0
4870,4,5,71,0.9528292233174162,0.9383931623931623,0.9142857142857143,0.0
4871,4,5,72,0.9528292233174162,0.9383931623931623,0.9142857142857143,3.0
4872,4,5,73,0.9528292233174162,0.9383931623931623,0.9142857142857143,0.0
4873,4,5,74,0.9528292233174162,0.9383931623931623,0.9142857142857143,3.0
4874,4,5,75,0.9528292233174162,0.9383931623931623,0.9142857142857143,0.0
4875,4,5,76,0.9528292233174162,0.9383931623931623,0.9142857142857143,1.0
4876,4,5,77,0.9528292233174162,0.9383931623931623,0.9142857142857143,2.0
4877,4,5,78,0.9528292233174162,0.9383931623931623,0.9142857142857143,1.0
4878,4,5,79,0.9528292233174162,0.9383931623931623,0.9142857142857143,0.0
4879,4,5,80,0.9528292233174162,0.9383931623931623,0.9142857142857143,1.0
4880,4,5,81,0.9528292233174162,0.9383931623931623,0.9142857142857143,0.0
4881,4,5,82,0.9528292233174162,0.9383931623931623,0.9142857142857143,1.0
4882,4,5,83,0.9528292233174162,0.9383931623931623,0.9142857142857143,1.0
4883,4,5,84,0.9528292233174162,0.9383931623931623,0.9142857142857143,2.0
4884,4,5,85,0.9528292233174162,0.9383931623931623,0.9142857142857143,0.0
4885,4,5,86,0.9528292233174162,0.9383931623931623,0.9142857142857143,1.0
4886,4,5,87,0.9528292233174162,0.9383931623931623,0.9142857142857143,2.0
4887,4,5,88,0.9528292233174162,0.9383931623931623,0.9142857142857143,1.0
4888,4,5,89,0.9528292233174162,0.9383931623931623,0.9142857142857143,0.0
4889,4,5,90,0.9528292233174162,0.9383931623931623,0.9142857142857143,0.0
4890,4,5,91,0.9528292233174162,0.9383931623931623,0.9142857142857143,3.0
4891,4,5,92,0.9528292233174162,0.9383931623931623,0.9142857142857143,1.0
4892,4,5,93,0.9528292233174162,0.9383931623931623,0.9142857142857143,3.0
4893,4,5,94,0.9528292233174162,0.9383931623931623,0.9142857142857143,0.0
4894,4,5,95,0.9528292233174162,0.9383931623931623,0.9142857142857143,0.0
4895,4,5,96,0.9528292233174162,0.9383931623931623,0.9142857142857143,1.0
4896,4,5,97,0.9528292233174162,0.9383931623931623,0.9142857142857143,0.0
4897,4,5,98,0.9528292233174162,0.9383931623931623,0.9142857142857143,2.0
4898,4,5,99,0.9528292233174162,0.9383931623931623,0.9142857142857143,0.0
4899,4,5,100,0.9528292233174162,0.9383931623931623,0.9142857142857143,0.0
4900,4,5,101,0.9528292233174162,0.9383931623931623,0.9142857142857143,0.0
4901,4,5,102,0.9528292233174162,0.9383931623931623,0.9142857142857143,1.0
4902,4,5,103,0.9528292233174162,0.9383931623931623,0.9142857142857143,3.0
4903,4,5,104,0.9528292233174162,0.9383931623931623,0.9142857142857143,0.0
4904,4,5,105,0.9528292233174162,0.9383931623931623,0.9142857142857143,1.0
4905,4,5,106,0.9528292233174162,0.9383931623931623,0.9142857142857143,2.0
4906,4,5,107,0.9528292233174162,0.9383931623931623,0.9142857142857143,0.0
4907,4,5,108,0.9528292233174162,0.9383931623931623,0.9142857142857143,1.0
4908,4,5,109,0.9528292233174162,0.9383931623931623,0.9142857142857143,1.0
4909,4,5,110,0.9528292233174162,0.9383931623931623,0.9142857142857143,1.0
4910,4,5,111,0.9528292233174162,0.9383931623931623,0.9142857142857143,1.0
4911,4,5,112,0.9528292233174162,0.9383931623931623,0.9142857142857143,1.0
4912,4,5,113,0.9528292233174162,0.9383931623931623,0.9142857142857143,1.0
4913,4,5,114,0.9528292233174162,0.9383931623931623,0.9142857142857143,2.0
4914,4,5,115,0.9528292233174162,0.9383931623931623,0.9142857142857143,0.0
4915,4,5,116,0.9528292233174162,0.9383931623931623,0.9142857142857143,0.0
4916,4,5,117,0.9528292233174162,0.9383931623931623,0.9142857142857143,2.0
4917,4,5,118,0.9528292233174162,0.9383931623931623,0.9142857142857143,2.0
4918,4,5,119,0.9528292233174162,0.9383931623931623,0.9142857142857143,0.0
4919,4,5,120,0.9528292233174162,0.9383931623931623,0.9142857142857143,2.0
4920,4,5,121,0.9528292233174162,0.9383931623931623,0.9142857142857143,1.0
4921,4,5,122,0.9528292233174162,0.9383931623931623,0.9142857142857143,0.0
4922,4,5,123,0.9528292233174162,0.9383931623931623,0.9142857142857143,3.0
4923,4,5,124,0.9528292233174162,0.9383931623931623,0.9142857142857143,0.0
4924,4,5,125,0.9528292233174162,0.9383931623931623,0.9142857142857143,0.0
4925,4,5,126,0.9528292233174162,0.9383931623931623,0.9142857142857143,0.0
4926,4,5,127,0.9528292233174162,0.9383931623931623,0.9142857142857143,2.0
4927,4,5,128,0.9528292233174162,0.9383931623931623,0.9142857142857143,0.0
4928,4,5,129,0.9528292233174162,0.9383931623931623,0.9142857142857143,0.0
4929,4,5,130,0.9528292233174162,0.9383931623931623,0.9142857142857143,1.0
4930,4,5,131,0.9528292233174162,0.9383931623931623,0.9142857142857143,2.0
4931,4,5,132,0.9528292233174162,0.9383931623931623,0.9142857142857143,3.0
4932,4,5,133,0.9528292233174162,0.9383931623931623,0.9142857142857143,1.0
4933,4,5,134,0.9528292233174162,0.9383931623931623,0.9142857142857143,1.0
4934,4,5,135,0.9528292233174162,0.9383931623931623,0.9142857142857143,1.0
4935,4,5,136,0.9528292233174162,0.9383931623931623,0.9142857142857143,3.0
4936,4,5,137,0.9528292233174162,0.9383931623931623,0.9142857142857143,0.0
4937,4,5,138,0.9528292233174162,0.9383931623931623,0.9142857142857143,0.0
4938,4,5,139,0.9528292233174162,0.9383931623931623,0.9142857142857143,0.0
4939,4,5,140,0.9528292233174162,0.9383931623931623,0.9142857142857143,1.0
4940,4,5,141,0.9528292233174162,0.9383931623931623,0.9142857142857143,0.0
4941,4,5,142,0.9528292233174162,0.9383931623931623,0.9142857142857143,1.0
4942,4,5,143,0.9528292233174162,0.9383931623931623,0.9142857142857143,1.0
4943,4,5,144,0.9528292233174162,0.9383931623931623,0.9142857142857143,1.0
4944,4,5,145,0.9528292233174162,0.9383931623931623,0.9142857142857143,1.0
4945,4,5,146,0.9528292233174162,0.9383931623931623,0.9142857142857143,0.0
4946,4,5,147,0.9528292233174162,0.9383931623931623,0.9142857142857143,0.0
4947,4,5,148,0.9528292233174162,0.9383931623931623,0.9142857142857143,1.0
4948,4,5,149,0.9528292233174162,0.9383931623931623,0.9142857142857143,4.0
4949,4,5,150,0.9528292233174162,0.9383931623931623,0.9142857142857143,3.0
4950,4,5,151,0.9528292233174162,0.9383931623931623,0.9142857142857143,1.0
4951,4,5,152,0.9528292233174162,0.9383931623931623,0.9142857142857143,0.0
4952,4,5,153,0.9528292233174162,0.9383931623931623,0.9142857142857143,2.0
4953,4,5,154,0.9528292233174162,0.9383931623931623,0.9142857142857143,0.0
4954,4,5,155,0.9528292233174162,0.9383931623931623,0.9142857142857143,1.0
4955,4,5,156,0.9528292233174162,0.9383931623931623,0.9142857142857143,0.0
4956,4,5,157,0.9528292233174162,0.9383931623931623,0.9142857142857143,0.0
4957,4,5,158,0.9528292233174162,0.9383931623931623,0.9142857142857143,0.0
4958,4,5,159,0.9528292233174162,0.9383931623931623,0.9142857142857143,1.0
4959,4,5,160,0.9528292233174162,0.9383931623931623,0.9142857142857143,1.0
4960,4,5,161,0.9528292233174162,0.9383931623931623,0.9142857142857143,1.0
4961,4,5,162,0.9528292233174162,0.9383931623931623,0.9142857142857143,1.0
4962,4,5,163,0.9528292233174162,0.9383931623931623,0.9142857142857143,0.0
4963,4,5,164,0.9528292233174162,0.9383931623931623,0.9142857142857143,1.0
4964,4,5,165,0.9528292233174162,0.9383931623931623,0.9142857142857143,3.0
4965,4,5,166,0.9528292233174162,0.9383931623931623,0.9142857142857143,1.0
4966,4,5,167,0.9528292233174162,0.9383931623931623,0.9142857142857143,1.0
4967,4,5,168,0.9528292233174162,0.9383931623931623,0.9142857142857143,3.0
4968,4,5,169,0.9528292233174162,0.9383931623931623,0.9142857142857143,1.0
4969,4,5,170,0.9528292233174162,0.9383931623931623,0.9142857142857143,0.0
4970,4,5,171,0.9528292233174162,0.9383931623931623,0.9142857142857143,0.0
4971,4,5,172,0.9528292233174162,0.9383931623931623,0.9142857142857143,1.0
4972,4,5,173,0.9528292233174162,0.9383931623931623,0.9142857142857143,0.0
4973,4,5,174,0.9528292233174162,0.9383931623931623,0.9142857142857143,1.0
4974,4,5,175,0.9528292233174162,0.9383931623931623,0.9142857142857143,1.0
4975,4,5,176,0.9528292233174162,0.9383931623931623,0.9142857142857143,0.0
4976,4,5,177,0.9528292233174162,0.9383931623931623,0.9142857142857143,0.0
4977,4,5,178,0.9528292233174162,0.9383931623931623,0.9142857142857143,2.0
4978,4,5,179,0.9528292233174162,0.9383931623931623,0.9142857142857143,2.0
4979,4,5,180,0.9528292233174162,0.9383931623931623,0.9142857142857143,1.0
4980,4,5,181,0.9528292233174162,0.9383931623931623,0.9142857142857143,0.0
4981,4,5,182,0.9528292233174162,0.9383931623931623,0.9142857142857143,0.0
4982,4,5,183,0.9528292233174162,0.9383931623931623,0.9142857142857143,4.0
4983,4,5,184,0.9528292233174162,0.9383931623931623,0.9142857142857143,1.0
4984,4,5,185,0.9528292233174162,0.9383931623931623,0.9142857142857143,1.0
4985,4,5,186,0.9528292233174162,0.9383931623931623,0.9142857142857143,2.0
4986,4,5,187,0.9528292233174162,0.9383931623931623,0.9142857142857143,1.0
4987,4,5,188,0.9528292233174162,0.9383931623931623,0.9142857142857143,0.0
4988,4,5,189,0.9528292233174162,0.9383931623931623,0.9142857142857143,0.0
4989,4,5,190,0.9528292233174162,0.9383931623931623,0.9142857142857143,1.0
4990,4,5,191,0.9528292233174162,0.9383931623931623,0.9142857142857143,0.0
4991,4,5,192,0.9528292233174162,0.9383931623931623,0.9142857142857143,2.0
4992,4,5,193,0.9528292233174162,0.9383931623931623,0.9142857142857143,1.0
4993,4,5,194,0.9528292233174162,0.9383931623931623,0.9142857142857143,0.0
4994,4,5,195,0.9528292233174162,0.9383931623931623,0.9142857142857143,1.0
4995,4,5,196,0.9528292233174162,0.9383931623931623,0.9142857142857143,0.0
4996,4,5,197,0.9528292233174162,0.9383931623931623,0.9142857142857143,0.0
4997,4,5,198,0.9528292233174162,0.9383931623931623,0.9142857142857143,3.0
4998,4,5,199,0.9528292233174162,0.9383931623931623,0.9142857142857143,0.0
4999,4,5,200,0.9528292233174162,0.9383931623931623,0.9142857142857143,4.0
5000,5,1,1,0.9367596835194695,0.9092519332519332,0.9411764705882353,0.0
5001,5,1,2,0.9351910560684891,0.9166593406593406,0.9411764705882353,0.0
5002,5,1,3,0.9351910560684891,0.9166593406593406,0.9411764705882353,0.0
5003,5,1,4,0.9351910560684891,0.9166593406593406,0.9411764705882353,0.0
5004,5,1,5,0.9351910560684891,0.9166593406593406,0.9411764705882353,0.0
5005,5,1,6,0.9351910560684891,0.9166593406593406,0.9411764705882353,0.0
5006,5,1,7,0.9351910560684891,0.9166593406593406,0.9411764705882353,0.0
5007,5,1,8,0.9351910560684891,0.9166593406593406,0.9411764705882353,0.0
5008,5,1,9,0.9351910560684891,0.9166593406593406,0.9411764705882353,0.0
5009,5,1,10,0.9428820016253441,0.9320211640211639,0.875,0.0
5010,5,1,11,0.9428820016253441,0.9320211640211639,0.875,0.0
5011,5,1,12,0.9428820016253441,0.9320211640211639,0.875,0.0
5012,5,1,13,0.9428820016253441,0.9320211640211639,0.875,0.0
5013,5,1,14,0.9428820016253441,0.9320211640211639,0.875,0.0
5014,5,1,15,0.9428820016253441,0.9320211640211639,0.875,1.0
5015,5,1,16,0.9428820016253441,0.9320211640211639,0.875,1.0
5016,5,1,17,0.9428820016253441,0.9320211640211639,0.875,0.0
5017,5,1,18,0.9428820016253441,0.9320211640211639,0.875,0.0
5018,5,1,19,0.9428820016253441,0.9320211640211639,0.875,2.0
5019,5,1,20,0.9428820016253441,0.9320211640211639,0.875,1.0
5020,5,1,21,0.9428820016253441,0.9320211640211639,0.875,0.0
5021,5,1,22,0.9428820016253441,0.9320211640211639,0.875,0.0
5022,5,1,23,0.9428820016253441,0.9320211640211639,0.875,0.0
5023,5,1,24,0.9428820016253441,0.9320211640211639,0.875,1.0
5024,5,1,25,0.9428820016253441,0.9320211640211639,0.875,1.0
5025,5,1,26,0.9428820016253441,0.9320211640211639,0.875,1.0
5026,5,1,27,0.9428820016253441,0.9320211640211639,0.875,1.0
5027,5,1,28,0.9428820016253441,0.9320211640211639,0.875,0.0
5028,5,1,29,0.9428820016253441,0.9320211640211639,0.875,0.0
5029,5,1,30,0.9428820016253441,0.9320211640211639,0.875,1.0
5030,5,1,31,0.9428820016253441,0.9320211640211639,0.875,3.0
5031,5,1,32,0.9428820016253441,0.9320211640211639,0.875,1.0
5032,5,1,33,0.9428820016253441,0.9320211640211639,0.875,1.0
5033,5,1,34,0.9428820016253441,0.9320211640211639,0.875,0.0
5034,5,1,35,0.9428820016253441,0.9320211640211639,0.875,1.0
5035,5,1,36,0.9428820016253441,0.9320211640211639,0.875,1.0
5036,5,1,37,0.9428820016253441,0.9320211640211639,0.875,1.0
5037,5,1,38,0.9428820016253441,0.9320211640211639,0.875,2.0
5038,5,1,39,0.9428820016253441,0.9320211640211639,0.875,0.0
5039,5,1,40,0.9428820016253441,0.9320211640211639,0.875,2.0
5040,5,1,41,0.9428820016253441,0.9320211640211639,0.875,0.0
5041,5,1,42,0.9428820016253441,0.9320211640211639,0.875,2.0
5042,5,1,43,0.9428820016253441,0.9320211640211639,0.875,0.0
5043,5,1,44,0.9428820016253441,0.9320211640211639,0.875,0.0
5044,5,1,45,0.9428820016253441,0.9320211640211639,0.875,2.0
5045,5,1,46,0.9428820016253441,0.9320211640211639,0.875,1.0
5046,5,1,47,0.9428820016253441,0.9320211640211639,0.875,1.0
5047,5,1,48,0.9428820016253441,0.9320211640211639,0.875,1.0
5048,5,1,49,0.9428820016253441,0.9320211640211639,0.875,1.0
5049,5,1,50,0.9428820016253441,0.9320211640211639,0.875,0.0
5050,5,1,51,0.9428820016253441,0.9320211640211639,0.875,2.0
5051,5,1,52,0.9428820016253441,0.9320211640211639,0.875,2.0
5052,5,1,53,0.9428820016253441,0.9320211640211639,0.875,0.0
5053,5,1,54,0.9428820016253441,0.9320211640211639,0.875,0.0
5054,5,1,55,0.9428820016253441,0.9320211640211639,0.875,1.0
5055,5,1,56,0.9428820016253441,0.9320211640211639,0.875,1.0
5056,5,1,57,0.9428820016253441,0.9320211640211639,0.875,3.0
5057,5,1,58,0.9428820016253441,0.9320211640211639,0.875,1.0
5058,5,1,59,0.9428820016253441,0.9320211640211639,0.875,0.0
5059,5,1,60,0.9428820016253441,0.9320211640211639,0.875,1.0
5060,5,1,61,0.9428820016253441,0.9320211640211639,0.875,0.0
5061,5,1,62,0.9428820016253441,0.9320211640211639,0.875,2.0
5062,5,1,63,0.9428820016253441,0.9320211640211639,0.875,1.0
5063,5,1,64,0.9428820016253441,0.9320211640211639,0.875,0.0
5064,5,1,65,0.9428820016253441,0.9320211640211639,0.875,1.0
5065,5,1,66,0.9428820016253441,0.9320211640211639,0.875,1.0
5066,5,1,67,0.9428820016253441,0.9320211640211639,0.875,2.0
5067,5,1,68,0.9428820016253441,0.9320211640211639,0.875,0.0
5068,5,1,69,0.9428820016253441,0.9320211640211639,0.875,1.0
5069,5,1,70,0.9428820016253441,0.9320211640211639,0.875,1.0
5070,5,1,71,0.9428820016253441,0.9320211640211639,0.875,0.0
5071,5,1,72,0.9428820016253441,0.9320211640211639,0.875,2.0
5072,5,1,73,0.9428820016253441,0.9320211640211639,0.875,2.0
5073,5,1,74,0.9428820016253441,0.9320211640211639,0.875,0.0
5074,5,1,75,0.9428820016253441,0.9320211640211639,0.875,1.0
5075,5,1,76,0.9428820016253441,0.9320211640211639,0.875,1.0
5076,5,1,77,0.9428820016253441,0.9320211640211639,0.875,0.0
5077,5,1,78,0.9428820016253441,0.9320211640211639,0.875,1.0
5078,5,1,79,0.9428820016253441,0.9320211640211639,0.875,2.0
5079,5,1,80,0.9428820016253441,0.9320211640211639,0.875,0.0
5080,5,1,81,0.9428820016253441,0.9320211640211639,0.875,1.0
5081,5,1,82,0.9428820016253441,0.9320211640211639,0.875,2.0
5082,5,1,83,0.9428820016253441,0.9320211640211639,0.875,2.0
5083,5,1,84,0.9428820016253441,0.9320211640211639,0.875,0.0
5084,5,1,85,0.9428820016253441,0.9320211640211639,0.875,0.0
5085,5,1,86,0.9428820016253441,0.9320211640211639,0.875,3.0
5086,5,1,87,0.9428820016253441,0.9320211640211639,0.875,0.0
5087,5,1,88,0.9428820016253441,0.9320211640211639,0.875,2.0
5088,5,1,89,0.9428820016253441,0.9320211640211639,0.875,1.0
5089,5,1,90,0.9428820016253441,0.9320211640211639,0.875,0.0
5090,5,1,91,0.9428820016253441,0.9320211640211639,0.875,1.0
5091,5,1,92,0.9428820016253441,0.9320211640211639,0.875,1.0
5092,5,1,93,0.9428820016253441,0.9320211640211639,0.875,0.0
5093,5,1,94,0.9428820016253441,0.9320211640211639,0.875,0.0
5094,5,1,95,0.9428820016253441,0.9320211640211639,0.875,1.0
5095,5,1,96,0.9428820016253441,0.9320211640211639,0.875,1.0
5096,5,1,97,0.9428820016253441,0.9320211640211639,0.875,1.0
5097,5,1,98,0.9428820016253441,0.9320211640211639,0.875,2.0
5098,5,1,99,0.9428820016253441,0.9320211640211639,0.875,2.0
5099,5,1,100,0.9428820016253441,0.9320211640211639,0.875,1.0
5100,5,1,101,0.9428820016253441,0.9320211640211639,0.875,2.0
5101,5,1,102,0.9428820016253441,0.9320211640211639,0.875,0.0
5102,5,1,103,0.9428820016253441,0.9320211640211639,0.875,1.0
5103,5,1,104,0.9428820016253441,0.9320211640211639,0.875,1.0
5104,5,1,105,0.9428820016253441,0.9320211640211639,0.875,0.0
5105,5,1,106,0.9428820016253441,0.9320211640211639,0.875,0.0
5106,5,1,107,0.9428820016253441,0.9320211640211639,0.875,2.0
5107,5,1,108,0.9428820016253441,0.9320211640211639,0.875,2.0
5108,5,1,109,0.9428820016253441,0.9320211640211639,0.875,0.0
5109,5,1,110,0.9428820016253441,0.9320211640211639,0.875,1.0
5110,5,1,111,0.9428820016253441,0.9320211640211639,0.875,1.0
5111,5,1,112,0.9428820016253441,0.9320211640211639,0.875,0.0
5112,5,1,113,0.9428820016253441,0.9320211640211639,0.875,1.0
5113,5,1,114,0.9428820016253441,0.9320211640211639,0.875,2.0
5114,5,1,115,0.9428820016253441,0.9320211640211639,0.875,1.0
5115,5,1,116,0.9428820016253441,0.9320211640211639,0.875,1.0
5116,5,1,117,0.9428820016253441,0.9320211640211639,0.875,2.0
5117,5,1,118,0.9428820016253441,0.9320211640211639,0.875,0.0
5118,5,1,119,0.9428820016253441,0.9320211640211639,0.875,1.0
5119,5,1,120,0.9428820016253441,0.9320211640211639,0.875,1.0
5120,5,1,121,0.9428820016253441,0.9320211640211639,0.875,1.0
5121,5,1,122,0.9428820016253441,0.9320211640211639,0.875,1.0
5122,5,1,123,0.9428820016253441,0.9320211640211639,0.875,1.0
5123,5,1,124,0.9428820016253441,0.9320211640211639,0.875,2.0
5124,5,1,125,0.9428820016253441,0.9320211640211639,0.875,0.0
5125,5,1,126,0.9428820016253441,0.9320211640211639,0.875,0.0
5126,5,1,127,0.9428820016253441,0.9320211640211639,0.875,0.0
5127,5,1,128,0.9428820016253441,0.9320211640211639,0.875,0.0
5128,5,1,129,0.9428820016253441,0.9320211640211639,0.875,2.0
5129,5,1,130,0.9428820016253441,0.9320211640211639,0.875,2.0
5130,5,1,131,0.9428820016253441,0.9320211640211639,0.875,1.0
5131,5,1,132,0.9428820016253441,0.9320211640211639,0.875,1.0
5132,5,1,133,0.9428820016253441,0.9320211640211639,0.875,1.0
5133,5,1,134,0.9428820016253441,0.9320211640211639,0.875,0.0
5134,5,1,135,0.9428820016253441,0.9320211640211639,0.875,1.0
5135,5,1,136,0.9428820016253441,0.9320211640211639,0.875,1.0
5136,5,1,137,0.9428820016253441,0.9320211640211639,0.875,1.0
5137,5,1,138,0.9428820016253441,0.9320211640211639,0.875,2.0
5138,5,1,139,0.9428820016253441,0.9320211640211639,0.875,1.0
5139,5,1,140,0.9428820016253441,0.9320211640211639,0.875,1.0
5140,5,1,141,0.9428820016253441,0.9320211640211639,0.875,1.0
5141,5,1,142,0.9428820016253441,0.9320211640211639,0.875,1.0
5142,5,1,143,0.9428820016253441,0.9320211640211639,0.875,2.0
5143,5,1,144,0.9428820016253441,0.9320211640211639,0.875,0.0
5144,5,1,145,0.9428820016253441,0.9320211640211639,0.875,1.0
5145,5,1,146,0.9428820016253441,0.9320211640211639,0.875,0.0
5146,5,1,147,0.9428820016253441,0.9320211640211639,0.875,1.0
5147,5,1,148,0.9428820016253441,0.9320211640211639,0.875,0.0
5148,5,1,149,0.9428820016253441,0.9320211640211639,0.875,2.0
5149,5,1,150,0.9428820016253441,0.9320211640211639,0.875,1.0
5150,5,1,151,0.9428820016253441,0.9320211640211639,0.875,0.0
5151,5,1,152,0.9428820016253441,0.9320211640211639,0.875,1.0
5152,5,1,153,0.9428820016253441,0.9320211640211639,0.875,1.0
5153,5,1,154,0.9428820016253441,0.9320211640211639,0.875,2.0
5154,5,1,155,0.9428820016253441,0.9320211640211639,0.875,0.0
5155,5,1,156,0.9428820016253441,0.9320211640211639,0.875,3.0
5156,5,1,157,0.9428820016253441,0.9320211640211639,0.875,1.0
5157,5,1,158,0.9428820016253441,0.9320211640211639,0.875,1.0
5158,5,1,159,0.9428820016253441,0.9320211640211639,0.875,0.0
5159,5,1,160,0.9428820016253441,0.9320211640211639,0.875,0.0
5160,5,1,161,0.9428820016253441,0.9320211640211639,0.875,0.0
5161,5,1,162,0.9428820016253441,0.9320211640211639,0.875,1.0
5162,5,1,163,0.9428820016253441,0.9320211640211639,0.875,1.0
5163,5,1,164,0.9428820016253441,0.9320211640211639,0.875,2.0
5164,5,1,165,0.9428820016253441,0.9320211640211639,0.875,1.0
5165,5,1,166,0.9428820016253441,0.9320211640211639,0.875,1.0
5166,5,1,167,0.9428820016253441,0.9320211640211639,0.875,1.0
5167,5,1,168,0.9428820016253441,0.9320211640211639,0.875,1.0
5168,5,1,169,0.9428820016253441,0.9320211640211639,0.875,1.0
5169,5,1,170,0.9428820016253441,0.9320211640211639,0.875,1.0
5170,5,1,171,0.9428820016253441,0.9320211640211639,0.875,1.0
5171,5,1,172,0.9428820016253441,0.9320211640211639,0.875,0.0
5172,5,1,173,0.9428820016253441,0.9320211640211639,0.875,1.0
5173,5,1,174,0.9428820016253441,0.9320211640211639,0.875,1.0
5174,5,1,175,0.9428820016253441,0.9320211640211639,0.875,1.0
5175,5,1,176,0.9428820016253441,0.9320211640211639,0.875,1.0
5176,5,1,177,0.9428820016253441,0.9320211640211639,0.875,2.0
5177,5,1,178,0.9428820016253441,0.9320211640211639,0.875,0.0
5178,5,1,179,0.9428820016253441,0.9320211640211639,0.875,1.0
5179,5,1,180,0.9428820016253441,0.9320211640211639,0.875,2.0
5180,5,1,181,0.9428820016253441,0.9320211640211639,0.875,2.0
5181,5,1,182,0.9428820016253441,0.9320211640211639,0.875,1.0
5182,5,1,183,0.9428820016253441,0.9320211640211639,0.875,0.0
5183,5,1,184,0.9428820016253441,0.9320211640211639,0.875,0.0
5184,5,1,185,0.9428820016253441,0.9320211640211639,0.875,1.0
5185,5,1,186,0.9428820016253441,0.9320211640211639,0.875,0.0
5186,5,1,187,0.9428820016253441,0.9320211640211639,0.875,1.0
5187,5,1,188,0.9428820016253441,0.9320211640211639,0.875,1.0
5188,5,1,189,0.9428820016253441,0.9320211640211639,0.875,2.0
5189,5,1,190,0.9428820016253441,0.9320211640211639,0.875,1.0
5190,5,1,191,0.9428820016253441,0.9320211640211639,0.875,2.0
5191,5,1,192,0.9428820016253441,0.9320211640211639,0.875,0.0
5192,5,1,193,0.9428820016253441,0.9320211640211639,0.875,2.0
5193,5,1,194,0.9428820016253441,0.9320211640211639,0.875,1.0
5194,5,1,195,0.9428820016253441,0.9320211640211639,0.875,1.0
5195,5,1,196,0.9428820016253441,0.9320211640211639,0.875,2.0
5196,5,1,197,0.9428820016253441,0.9320211640211639,0.875,0.0
5197,5,1,198,0.9428820016253441,0.9320211640211639,0.875,1.0
5198,5,1,199,0.9428820016253441,0.9320211640211639,0.875,1.0
5199,5,1,200,0.9428820016253441,0.9320211640211639,0.875,0.0
5200,5,2,1,0.938066576539509,0.897588089330025,0.9375,0.0
5201,5,2,2,0.938066576539509,0.897588089330025,0.9375,0.0
5202,5,2,3,0.938066576539509,0.897588089330025,0.9375,0.0
5203,5,2,4,0.938066576539509,0.897588089330025,0.9375,0.0
5204,5,2,5,0.938066576539509,0.897588089330025,0.9375,0.0
5205,5,2,6,0.938066576539509,0.897588089330025,0.9375,0.0
5206,5,2,7,0.938066576539509,0.9055652973072329,0.9375,0.0
5207,5,2,8,0.938066576539509,0.9055652973072329,0.9375,0.0
5208,5,2,9,0.938066576539509,0.9055652973072329,0.9375,0.0
5209,5,2,10,0.938066576539509,0.9055652973072329,0.9375,0.0
5210,5,2,11,0.938066576539509,0.9055652973072329,0.9375,0.0
5211,5,2,12,0.938066576539509,0.9055652973072329,0.9375,0.0
5212,5,2,13,0.938066576539509,0.9055652973072329,0.9375,0.0
5213,5,2,14,0.938066576539509,0.9055652973072329,0.9375,0.0
5214,5,2,15,0.938066576539509,0.9055652973072329,0.9375,1.0
5215,5,2,16,0.938066576539509,0.9055652973072329,0.9375,1.0
5216,5,2,17,0.938066576539509,0.9055652973072329,0.9375,0.0
5217,5,2,18,0.938066576539509,0.9055652973072329,0.9375,0.0
5218,5,2,19,0.938066576539509,0.9055652973072329,0.9375,2.0
5219,5,2,20,0.938066576539509,0.9055652973072329,0.9375,1.0
5220,5,2,21,0.938066576539509,0.9055652973072329,0.9375,1.0
5221,5,2,22,0.9444368210405946,0.906664198406134,0.9375,0.0
5222,5,2,23,0.9444368210405946,0.906664198406134,0.9375,2.0
5223,5,2,24,0.9444368210405946,0.906664198406134,0.9375,0.0
5224,5,2,25,0.9444368210405946,0.906664198406134,0.9375,1.0
5225,5,2,26,0.9444368210405946,0.906664198406134,0.9375,0.0
5226,5,2,27,0.9444368210405946,0.906664198406134,0.9375,0.0
5227,5,2,28,0.9444368210405946,0.906664198406134,0.9375,1.0
5228,5,2,29,0.9444368210405946,0.906664198406134,0.9375,1.0
5229,5,2,30,0.9444368210405946,0.906664198406134,0.9375,0.0
5230,5,2,31,0.9444368210405946,0.906664198406134,0.9375,2.0
5231,5,2,32,0.9444368210405946,0.906664198406134,0.9375,1.0
5232,5,2,33,0.9444368210405946,0.906664198406134,0.9375,1.0
5233,5,2,34,0.9444368210405946,0.906664198406134,0.9375,0.0
5234,5,2,35,0.9444368210405946,0.906664198406134,0.9375,1.0
5235,5,2,36,0.9444368210405946,0.906664198406134,0.9375,2.0
5236,5,2,37,0.9444368210405946,0.906664198406134,0.9375,1.0
5237,5,2,38,0.9444368210405946,0.906664198406134,0.9375,2.0
5238,5,2,39,0.9444368210405946,0.906664198406134,0.9375,1.0
5239,5,2,40,0.9444368210405946,0.906664198406134,0.9375,0.0
5240,5,2,41,0.9444368210405946,0.906664198406134,0.9375,0.0
5241,5,2,42,0.9444368210405946,0.906664198406134,0.9375,1.0
5242,5,2,43,0.9444368210405946,0.906664198406134,0.9375,0.0
5243,5,2,44,0.9444368210405946,0.906664198406134,0.9375,0.0
5244,5,2,45,0.9444368210405946,0.906664198406134,0.9375,1.0
5245,5,2,46,0.9444368210405946,0.906664198406134,0.9375,2.0
5246,5,2,47,0.9444368210405946,0.906664198406134,0.9375,1.0
5247,5,2,48,0.9444368210405946,0.906664198406134,0.9375,1.0
5248,5,2,49,0.9444368210405946,0.906664198406134,0.9375,1.0
5249,5,2,50,0.9444368210405946,0.906664198406134,0.9375,0.0
5250,5,2,51,0.9444368210405946,0.906664198406134,0.9375,2.0
5251,5,2,52,0.9444368210405946,0.906664198406134,0.9375,1.0
5252,5,2,53,0.9444368210405946,0.906664198406134,0.9375,1.0
5253,5,2,54,0.9444368210405946,0.906664198406134,0.9375,2.0
5254,5,2,55,0.9444368210405946,0.906664198406134,0.9375,1.0
5255,5,2,56,0.9444368210405946,0.906664198406134,0.9375,0.0
5256,5,2,57,0.9444368210405946,0.906664198406134,0.9375,0.0
5257,5,2,58,0.9444368210405946,0.906664198406134,0.9375,0.0
5258,5,2,59,0.9444368210405946,0.906664198406134,0.9375,0.0
5259,5,2,60,0.9444368210405946,0.906664198406134,0.9375,2.0
5260,5,2,61,0.9444368210405946,0.906664198406134,0.9375,1.0
5261,5,2,62,0.9444368210405946,0.906664198406134,0.9375,2.0
5262,5,2,63,0.9444368210405946,0.906664198406134,0.9375,2.0
5263,5,2,64,0.9444368210405946,0.906664198406134,0.9375,1.0
5264,5,2,65,0.9415932914046122,0.9129499126918482,0.9375,0.0
5265,5,2,66,0.9415932914046122,0.9129499126918482,0.9375,2.0
5266,5,2,67,0.9415932914046122,0.9129499126918482,0.9375,3.0
5267,5,2,68,0.9415932914046122,0.9129499126918482,0.9375,0.0
5268,5,2,69,0.9415932914046122,0.9129499126918482,0.9375,0.0
5269,5,2,70,0.9415932914046122,0.9129499126918482,0.9375,0.0
5270,5,2,71,0.9415932914046122,0.9129499126918482,0.9375,0.0
5271,5,2,72,0.9415932914046122,0.9129499126918482,0.9375,2.0
5272,5,2,73,0.9415932914046122,0.9129499126918482,0.9375,0.0
5273,5,2,74,0.9415932914046122,0.9129499126918482,0.9375,0.0
5274,5,2,75,0.9415932914046122,0.9129499126918482,0.9375,1.0
5275,5,2,76,0.9415932914046122,0.9129499126918482,0.9375,2.0
5276,5,2,77,0.9415932914046122,0.9129499126918482,0.9375,1.0
5277,5,2,78,0.9415932914046122,0.9129499126918482,0.9375,1.0
5278,5,2,79,0.9415932914046122,0.9129499126918482,0.9375,2.0
5279,5,2,80,0.9383066519917941,0.9135425052844408,0.9375,1.0
5280,5,2,81,0.9383066519917941,0.9135425052844408,0.9375,2.0
5281,5,2,82,0.9383066519917941,0.9135425052844408,0.9375,1.0
5282,5,2,83,0.9383066519917941,0.9135425052844408,0.9375,1.0
5283,5,2,84,0.9383066519917941,0.9135425052844408,0.9375,0.0
5284,5,2,85,0.9383066519917941,0.9135425052844408,0.9375,0.0
5285,5,2,86,0.9383066519917941,0.9135425052844408,0.9375,0.0
5286,5,2,87,0.9383066519917941,0.9135425052844408,0.9375,0.0
5287,5,2,88,0.9383066519917941,0.9135425052844408,0.9375,0.0
5288,5,2,89,0.9383066519917941,0.9135425052844408,0.9375,2.0
5289,5,2,90,0.9383066519917941,0.9135425052844408,0.9375,1.0
5290,5,2,91,0.9383066519917941,0.9135425052844408,0.9375,2.0
5291,5,2,92,0.9383066519917941,0.9135425052844408,0.9375,1.0
5292,5,2,93,0.9383066519917941,0.9135425052844408,0.9375,1.0
5293,5,2,94,0.9383066519917941,0.9135425052844408,0.9375,1.0
5294,5,2,95,0.9383066519917941,0.9135425052844408,0.9375,4.0
5295,5,2,96,0.9383066519917941,0.9135425052844408,0.9375,1.0
5296,5,2,97,0.9383066519917941,0.9135425052844408,0.9375,0.0
5297,5,2,98,0.9383066519917941,0.9135425052844408,0.9375,0.0
5298,5,2,99,0.9383066519917941,0.9135425052844408,0.9375,1.0
5299,5,2,100,0.9383066519917941,0.9135425052844408,0.9375,0.0
5300,5,2,101,0.9383066519917941,0.9135425052844408,0.9375,0.0
5301,5,2,102,0.9383066519917941,0.9135425052844408,0.9375,0.0
5302,5,2,103,0.9383066519917941,0.9135425052844408,0.9375,1.0
5303,5,2,104,0.9383066519917941,0.9135425052844408,0.9375,1.0
5304,5,2,105,0.9383066519917941,0.9135425052844408,0.9375,0.0
5305,5,2,106,0.9383066519917941,0.9135425052844408,0.9375,1.0
5306,5,2,107,0.9383066519917941,0.9135425052844408,0.9375,2.0
5307,5,2,108,0.9383066519917941,0.9135425052844408,0.9375,2.0
5308,5,2,109,0.9383066519917941,0.9135425052844408,0.9375,3.0
5309,5,2,110,0.9383066519917941,0.9135425052844408,0.9375,1.0
5310,5,2,111,0.9383066519917941,0.9135425052844408,0.9375,0.0
5311,5,2,112,0.9383066519917941,0.9135425052844408,0.9375,2.0
5312,5,2,113,0.9383066519917941,0.9135425052844408,0.9375,0.0
5313,5,2,114,0.9383066519917941,0.9135425052844408,0.9375,0.0
5314,5,2,115,0.9383066519917941,0.9135425052844408,0.9375,2.0
5315,5,2,116,0.9383066519917941,0.9135425052844408,0.9375,1.0
5316,5,2,117,0.9383066519917941,0.9135425052844408,0.9375,0.0
5317,5,2,118,0.9383066519917941,0.9135425052844408,0.9375,0.0
5318,5,2,119,0.9383066519917941,0.9135425052844408,0.9375,1.0
5319,5,2,120,0.9383066519917941,0.9135425052844408,0.9375,1.0
5320,5,2,121,0.9383066519917941,0.9135425052844408,0.9375,0.0
5321,5,2,122,0.9383066519917941,0.9135425052844408,0.9375,2.0
5322,5,2,123,0.9383066519917941,0.9135425052844408,0.9375,0.0
5323,5,2,124,0.9383066519917941,0.9135425052844408,0.9375,1.0
5324,5,2,125,0.9383066519917941,0.9135425052844408,0.9375,0.0
5325,5,2,126,0.9383066519917941,0.9135425052844408,0.9375,2.0
5326,5,2,127,0.9383066519917941,0.9135425052844408,0.9375,1.0
5327,5,2,128,0.9383066519917941,0.9135425052844408,0.9375,3.0
5328,5,2,129,0.9383066519917941,0.9135425052844408,0.9375,2.0
5329,5,2,130,0.9383066519917941,0.9135425052844408,0.9375,1.0
5330,5,2,131,0.9383066519917941,0.9135425052844408,0.9375,1.0
5331,5,2,132,0.9383066519917941,0.9135425052844408,0.9375,0.0
5332,5,2,133,0.9383066519917941,0.9135425052844408,0.9375,0.0
5333,5,2,134,0.9383066519917941,0.9135425052844408,0.9375,1.0
5334,5,2,135,0.9383066519917941,0.9135425052844408,0.9375,0.0
5335,5,2,136,0.9383066519917941,0.9135425052844408,0.9375,2.0
5336,5,2,137,0.9383066519917941,0.9135425052844408,0.9375,1.0
5337,5,2,138,0.9383066519917941,0.9135425052844408,0.9375,0.0
5338,5,2,139,0.9383066519917941,0.9135425052844408,0.9375,2.0
5339,5,2,140,0.9383066519917941,0.9135425052844408,0.9375,0.0
5340,5,2,141,0.9383066519917941,0.9135425052844408,0.9375,0.0
5341,5,2,142,0.9383066519917941,0.9135425052844408,0.9375,2.0
5342,5,2,143,0.9383066519917941,0.9135425052844408,0.9375,1.0
5343,5,2,144,0.9383066519917941,0.9135425052844408,0.9375,1.0
5344,5,2,145,0.9383066519917941,0.9135425052844408,0.9375,1.0
5345,5,2,146,0.9383066519917941,0.9135425052844408,0.9375,2.0
5346,5,2,147,0.9383066519917941,0.9135425052844408,0.9375,1.0
5347,5,2,148,0.9383066519917941,0.9135425052844408,0.9375,2.0
5348,5,2,149,0.9383066519917941,0.9135425052844408,0.9375,0.0
5349,5,2,150,0.9383066519917941,0.9135425052844408,0.9375,1.0
5350,5,2,151,0.9383066519917941,0.9135425052844408,0.9375,1.0
5351,5,2,152,0.9383066519917941,0.9135425052844408,0.9375,0.0
5352,5,2,153,0.9383066519917941,0.9135425052844408,0.9375,1.0
5353,5,2,154,0.9383066519917941,0.9135425052844408,0.9375,1.0
5354,5,2,155,0.9383066519917941,0.9135425052844408,0.9375,1.0
5355,5,2,156,0.9383066519917941,0.9135425052844408,0.9375,3.0
5356,5,2,157,0.9383066519917941,0.9135425052844408,0.9375,0.0
5357,5,2,158,0.9383066519917941,0.9135425052844408,0.9375,0.0
5358,5,2,159,0.9383066519917941,0.9135425052844408,0.9375,0.0
5359,5,2,160,0.9383066519917941,0.9135425052844408,0.9375,4.0
5360,5,2,161,0.9383066519917941,0.9135425052844408,0.9375,1.0
5361,5,2,162,0.9383066519917941,0.9135425052844408,0.9375,0.0
5362,5,2,163,0.9383066519917941,0.9135425052844408,0.9375,1.0
5363,5,2,164,0.9383066519917941,0.9135425052844408,0.9375,0.0
5364,5,2,165,0.9383066519917941,0.9135425052844408,0.9375,1.0
5365,5,2,166,0.9383066519917941,0.9135425052844408,0.9375,1.0
5366,5,2,167,0.9383066519917941,0.9135425052844408,0.9375,0.0
5367,5,2,168,0.9383066519917941,0.9135425052844408,0.9375,1.0
5368,5,2,169,0.9383066519917941,0.9135425052844408,0.9375,3.0
5369,5,2,170,0.9383066519917941,0.9135425052844408,0.9375,1.0
5370,5,2,171,0.9383066519917941,0.9135425052844408,0.9375,0.0
5371,5,2,172,0.9383066519917941,0.9135425052844408,0.9375,2.0
5372,5,2,173,0.9383066519917941,0.9135425052844408,0.9375,1.0
5373,5,2,174,0.9383066519917941,0.9135425052844408,0.9375,1.0
5374,5,2,175,0.9383066519917941,0.9135425052844408,0.9375,1.0
5375,5,2,176,0.9383066519917941,0.9135425052844408,0.9375,0.0
5376,5,2,177,0.9383066519917941,0.9135425052844408,0.9375,3.0
5377,5,2,178,0.9383066519917941,0.9135425052844408,0.9375,0.0
5378,5,2,179,0.9383066519917941,0.9135425052844408,0.9375,0.0
5379,5,2,180,0.9383066519917941,0.9135425052844408,0.9375,0.0
5380,5,2,181,0.9383066519917941,0.9135425052844408,0.9375,0.0
5381,5,2,182,0.9383066519917941,0.9135425052844408,0.9375,2.0
5382,5,2,183,0.9383066519917941,0.9135425052844408,0.9375,1.0
5383,5,2,184,0.9383066519917941,0.9135425052844408,0.9375,2.0
5384,5,2,185,0.9383066519917941,0.9135425052844408,0.9375,0.0
5385,5,2,186,0.9383066519917941,0.9135425052844408,0.9375,1.0
5386,5,2,187,0.9383066519917941,0.9135425052844408,0.9375,3.0
5387,5,2,188,0.9383066519917941,0.9135425052844408,0.9375,2.0
5388,5,2,189,0.9383066519917941,0.9135425052844408,0.9375,0.0
5389,5,2,190,0.9383066519917941,0.9135425052844408,0.9375,0.0
5390,5,2,191,0.9383066519917941,0.9135425052844408,0.9375,1.0
5391,5,2,192,0.9383066519917941,0.9135425052844408,0.9375,1.0
5392,5,2,193,0.9383066519917941,0.9135425052844408,0.9375,2.0
5393,5,2,194,0.9383066519917941,0.9135425052844408,0.9375,0.0
5394,5,2,195,0.9383066519917941,0.9135425052844408,0.9375,0.0
5395,5,2,196,0.9383066519917941,0.9135425052844408,0.9375,0.0
5396,5,2,197,0.9383066519917941,0.9135425052844408,0.9375,2.0
5397,5,2,198,0.9383066519917941,0.9135425052844408,0.9375,1.0
5398,5,2,199,0.9383066519917941,0.9135425052844408,0.9375,2.0
5399,5,2,200,0.9383066519917941,0.9135425052844408,0.9375,1.0
5400,5,3,1,0.9485758224273024,0.9006827246827246,0.9032258064516129,0.0
5401,5,3,2,0.9560560050279676,0.9172753172753172,0.9375,0.0
5402,5,3,3,0.9560560050279676,0.9172753172753172,0.9375,0.0
5403,5,3,4,0.9560560050279676,0.9172753172753172,0.9375,0.0
5404,5,3,5,0.9560560050279676,0.9172753172753172,0.9375,0.0
5405,5,3,6,0.9560560050279676,0.9172753172753172,0.9375,0.0
5406,5,3,7,0.9560560050279676,0.9172753172753172,0.9375,0.0
5407,5,3,8,0.9560560050279676,0.9172753172753172,0.9375,0.0
5408,5,3,9,0.9560560050279676,0.9172753172753172,0.9375,0.0
5409,5,3,10,0.9560560050279676,0.9172753172753172,0.9375,0.0
5410,5,3,11,0.9560560050279676,0.9172753172753172,0.9375,0.0
5411,5,3,12,0.9560560050279676,0.9172753172753172,0.9375,1.0
5412,5,3,13,0.9560560050279676,0.9172753172753172,0.9375,0.0
5413,5,3,14,0.9560560050279676,0.9172753172753172,0.9375,0.0
5414,5,3,15,0.9560560050279676,0.9172753172753172,0.9375,0.0
5415,5,3,16,0.9560560050279676,0.9172753172753172,0.9375,1.0
5416,5,3,17,0.9560560050279676,0.9172753172753172,0.9375,0.0
5417,5,3,18,0.9560560050279676,0.9172753172753172,0.9375,0.0
5418,5,3,19,0.9560560050279676,0.9172753172753172,0.9375,1.0
5419,5,3,20,0.9560560050279676,0.9172753172753172,0.9375,0.0
5420,5,3,21,0.9560560050279676,0.9172753172753172,0.9375,0.0
5421,5,3,22,0.9560560050279676,0.9172753172753172,0.9375,1.0
5422,5,3,23,0.9560560050279676,0.9172753172753172,0.9375,3.0
5423,5,3,24,0.9560560050279676,0.9172753172753172,0.9375,1.0
5424,5,3,25,0.9560560050279676,0.9172753172753172,0.9375,1.0
5425,5,3,26,0.9560560050279676,0.9172753172753172,0.9375,1.0
5426,5,3,27,0.9560560050279676,0.9172753172753172,0.9375,0.0
5427,5,3,28,0.9560560050279676,0.9172753172753172,0.9375,1.0
5428,5,3,29,0.9560560050279676,0.9172753172753172,0.9375,0.0
5429,5,3,30,0.9560560050279676,0.9172753172753172,0.9375,2.0
5430,5,3,31,0.9560560050279676,0.9172753172753172,0.9375,1.0
5431,5,3,32,0.9560560050279676,0.9172753172753172,0.9375,0.0
5432,5,3,33,0.9560560050279676,0.9172753172753172,0.9375,1.0
5433,5,3,34,0.9560560050279676,0.9172753172753172,0.9375,1.0
5434,5,3,35,0.9560560050279676,0.9172753172753172,0.9375,1.0
5435,5,3,36,0.9560560050279676,0.9172753172753172,0.9375,0.0
5436,5,3,37,0.9560560050279676,0.9172753172753172,0.9375,2.0
5437,5,3,38,0.9560560050279676,0.9172753172753172,0.9375,1.0
5438,5,3,39,0.9560560050279676,0.9172753172753172,0.9375,0.0
5439,5,3,40,0.9560560050279676,0.9172753172753172,0.9375,2.0
5440,5,3,41,0.9560560050279676,0.9172753172753172,0.9375,2.0
5441,5,3,42,0.9560560050279676,0.9172753172753172,0.9375,0.0
5442,5,3,43,0.9560560050279676,0.9172753172753172,0.9375,0.0
5443,5,3,44,0.9560560050279676,0.9172753172753172,0.9375,0.0
5444,5,3,45,0.9560560050279676,0.9172753172753172,0.9375,3.0
5445,5,3,46,0.9560560050279676,0.9172753172753172,0.9375,0.0
5446,5,3,47,0.9560560050279676,0.9172753172753172,0.9375,1.0
5447,5,3,48,0.9560560050279676,0.9172753172753172,0.9375,1.0
5448,5,3,49,0.9560560050279676,0.9172753172753172,0.9375,1.0
5449,5,3,50,0.9560560050279676,0.9172753172753172,0.9375,1.0
5450,5,3,51,0.9560560050279676,0.9172753172753172,0.9375,1.0
5451,5,3,52,0.9560560050279676,0.9172753172753172,0.9375,2.0
5452,5,3,53,0.9560560050279676,0.9172753172753172,0.9375,0.0
5453,5,3,54,0.9560560050279676,0.9172753172753172,0.9375,0.0
5454,5,3,55,0.9560560050279676,0.9172753172753172,0.9375,3.0
5455,5,3,56,0.9560560050279676,0.9172753172753172,0.9375,0.0
5456,5,3,57,0.9560560050279676,0.9172753172753172,0.9375,3.0
5457,5,3,58,0.9560560050279676,0.9172753172753172,0.9375,0.0
5458,5,3,59,0.9560560050279676,0.9172753172753172,0.9375,0.0
5459,5,3,60,0.9560560050279676,0.9172753172753172,0.9375,0.0
5460,5,3,61,0.9560560050279676,0.9172753172753172,0.9375,2.0
5461,5,3,62,0.9560560050279676,0.9172753172753172,0.9375,0.0
5462,5,3,63,0.9560560050279676,0.9172753172753172,0.9375,0.0
5463,5,3,64,0.9560560050279676,0.9172753172753172,0.9375,2.0
5464,5,3,65,0.9560560050279676,0.9172753172753172,0.9375,0.0
5465,5,3,66,0.9560560050279676,0.9172753172753172,0.9375,3.0
5466,5,3,67,0.9560560050279676,0.9172753172753172,0.9375,1.0
5467,5,3,68,0.9560560050279676,0.9172753172753172,0.9375,0.0
5468,5,3,69,0.9560560050279676,0.9172753172753172,0.9375,0.0
5469,5,3,70,0.9560560050279676,0.9172753172753172,0.9375,1.0
5470,5,3,71,0.9560560050279676,0.9172753172753172,0.9375,1.0
5471,5,3,72,0.9560560050279676,0.9172753172753172,0.9375,1.0
5472,5,3,73,0.9560560050279676,0.9172753172753172,0.9375,2.0
5473,5,3,74,0.9560560050279676,0.9172753172753172,0.9375,0.0
5474,5,3,75,0.9560560050279676,0.9172753172753172,0.9375,1.0
5475,5,3,76,0.9560560050279676,0.9172753172753172,0.9375,2.0
5476,5,3,77,0.9560560050279676,0.9172753172753172,0.9375,0.0
5477,5,3,78,0.9560560050279676,0.9172753172753172,0.9375,0.0
5478,5,3,79,0.9560560050279676,0.9172753172753172,0.9375,1.0
5479,5,3,80,0.9560560050279676,0.9172753172753172,0.9375,0.0
5480,5,3,81,0.9560560050279676,0.9172753172753172,0.9375,3.0
5481,5,3,82,0.9560560050279676,0.9172753172753172,0.9375,2.0
5482,5,3,83,0.9560560050279676,0.9172753172753172,0.9375,0.0
5483,5,3,84,0.9560560050279676,0.9172753172753172,0.9375,2.0
5484,5,3,85,0.9560560050279676,0.9172753172753172,0.9375,1.0
5485,5,3,86,0.9560560050279676,0.9172753172753172,0.9375,0.0
5486,5,3,87,0.9560560050279676,0.9172753172753172,0.9375,1.0
5487,5,3,88,0.9560560050279676,0.9172753172753172,0.9375,1.0
5488,5,3,89,0.9561588945075183,0.9246599326599327,0.9375,0.0
5489,5,3,90,0.9561588945075183,0.9246599326599327,0.9375,0.0
5490,5,3,91,0.9561588945075183,0.9246599326599327,0.9375,2.0
5491,5,3,92,0.9561588945075183,0.9246599326599327,0.9375,1.0
5492,5,3,93,0.9510222482699546,0.9320673400673399,0.9375,1.0
5493,5,3,94,0.9510222482699546,0.9320673400673399,0.9375,0.0
5494,5,3,95,0.9510222482699546,0.9320673400673399,0.9375,1.0
5495,5,3,96,0.9510222482699546,0.9320673400673399,0.9375,1.0
5496,5,3,97,0.9510222482699546,0.9320673400673399,0.9375,1.0
5497,5,3,98,0.9510222482699546,0.9320673400673399,0.9375,4.0
5498,5,3,99,0.9510222482699546,0.9320673400673399,0.9375,0.0
5499,5,3,100,0.9510222482699546,0.9320673400673399,0.9375,0.0
5500,5,3,101,0.9510222482699546,0.9320673400673399,0.9375,2.0
5501,5,3,102,0.9510222482699546,0.9320673400673399,0.9375,0.0
5502,5,3,103,0.9510222482699546,0.9320673400673399,0.9375,0.0
5503,5,3,104,0.9510222482699546,0.9320673400673399,0.9375,1.0
5504,5,3,105,0.9510222482699546,0.9320673400673399,0.9375,0.0
5505,5,3,106,0.9510222482699546,0.9320673400673399,0.9375,1.0
5506,5,3,107,0.9510222482699546,0.9320673400673399,0.9375,1.0
5507,5,3,108,0.9510222482699546,0.9320673400673399,0.9375,0.0
5508,5,3,109,0.9510222482699546,0.9320673400673399,0.9375,1.0
5509,5,3,110,0.9510222482699546,0.9320673400673399,0.9375,2.0
5510,5,3,111,0.9510222482699546,0.9320673400673399,0.9375,3.0
5511,5,3,112,0.9510222482699546,0.9320673400673399,0.9375,1.0
5512,5,3,113,0.9510222482699546,0.9320673400673399,0.9375,2.0
5513,5,3,114,0.9510222482699546,0.9320673400673399,0.9375,1.0
5514,5,3,115,0.9510222482699546,0.9320673400673399,0.9375,1.0
5515,5,3,116,0.9510222482699546,0.9320673400673399,0.9375,0.0
5516,5,3,117,0.9510222482699546,0.9320673400673399,0.9375,0.0
5517,5,3,118,0.9510222482699546,0.9320673400673399,0.9375,0.0
5518,5,3,119,0.9510222482699546,0.9320673400673399,0.9375,0.0
5519,5,3,120,0.9510222482699546,0.9320673400673399,0.9375,3.0
5520,5,3,121,0.9510222482699546,0.9320673400673399,0.9375,1.0
5521,5,3,122,0.9510222482699546,0.9320673400673399,0.9375,1.0
5522,5,3,123,0.9510222482699546,0.9320673400673399,0.9375,0.0
5523,5,3,124,0.9510222482699546,0.9320673400673399,0.9375,1.0
5524,5,3,125,0.9510222482699546,0.9320673400673399,0.9375,0.0
5525,5,3,126,0.9510222482699546,0.9320673400673399,0.9375,2.0
5526,5,3,127,0.9510222482699546,0.9320673400673399,0.9375,1.0
5527,5,3,128,0.9510222482699546,0.9320673400673399,0.9375,1.0
5528,5,3,129,0.9510222482699546,0.9320673400673399,0.9375,3.0
5529,5,3,130,0.9510222482699546,0.9320673400673399,0.9375,0.0
5530,5,3,131,0.9510222482699546,0.9320673400673399,0.9375,2.0
5531,5,3,132,0.9510222482699546,0.9320673400673399,0.9375,0.0
5532,5,3,133,0.9510222482699546,0.9320673400673399,0.9375,0.0
5533,5,3,134,0.9510222482699546,0.9320673400673399,0.9375,1.0
5534,5,3,135,0.9510222482699546,0.9320673400673399,0.9375,0.0
5535,5,3,136,0.9510222482699546,0.9320673400673399,0.9375,2.0
5536,5,3,137,0.9510222482699546,0.9320673400673399,0.9375,0.0
5537,5,3,138,0.9510222482699546,0.9320673400673399,0.9375,1.0
5538,5,3,139,0.9510222482699546,0.9320673400673399,0.9375,0.0
5539,5,3,140,0.9510222482699546,0.9320673400673399,0.9375,3.0
5540,5,3,141,0.9510222482699546,0.9320673400673399,0.9375,1.0
5541,5,3,142,0.9510222482699546,0.9320673400673399,0.9375,1.0
5542,5,3,143,0.9510222482699546,0.9320673400673399,0.9375,1.0
5543,5,3,144,0.9510222482699546,0.9320673400673399,0.9375,2.0
5544,5,3,145,0.9510222482699546,0.9320673400673399,0.9375,1.0
5545,5,3,146,0.9510222482699546,0.9320673400673399,0.9375,0.0
5546,5,3,147,0.9510222482699546,0.9320673400673399,0.9375,2.0
5547,5,3,148,0.9510222482699546,0.9320673400673399,0.9375,1.0
5548,5,3,149,0.9510222482699546,0.9320673400673399,0.9375,0.0
5549,5,3,150,0.9510222482699546,0.9320673400673399,0.9375,1.0
5550,5,3,151,0.9510222482699546,0.9320673400673399,0.9375,0.0
5551,5,3,152,0.9510222482699546,0.9320673400673399,0.9375,1.0
5552,5,3,153,0.9510222482699546,0.9320673400673399,0.9375,1.0
5553,5,3,154,0.9510222482699546,0.9320673400673399,0.9375,1.0
5554,5,3,155,0.9510222482699546,0.9320673400673399,0.9375,0.0
5555,5,3,156,0.9510222482699546,0.9320673400673399,0.9375,1.0
5556,5,3,157,0.9510222482699546,0.9320673400673399,0.9375,2.0
5557,5,3,158,0.9510222482699546,0.9320673400673399,0.9375,2.0
5558,5,3,159,0.9510222482699546,0.9320673400673399,0.9375,1.0
5559,5,3,160,0.9510222482699546,0.9320673400673399,0.9375,3.0
5560,5,3,161,0.9510222482699546,0.9320673400673399,0.9375,1.0
5561,5,3,162,0.9510222482699546,0.9320673400673399,0.9375,0.0
5562,5,3,163,0.9510222482699546,0.9320673400673399,0.9375,1.0
5563,5,3,164,0.9510222482699546,0.9320673400673399,0.9375,0.0
5564,5,3,165,0.9510222482699546,0.9320673400673399,0.9375,1.0
5565,5,3,166,0.9510222482699546,0.9320673400673399,0.9375,0.0
5566,5,3,167,0.9510222482699546,0.9320673400673399,0.9375,1.0
5567,5,3,168,0.9510222482699546,0.9320673400673399,0.9375,0.0
5568,5,3,169,0.9510222482699546,0.9320673400673399,0.9375,1.0
5569,5,3,170,0.9510222482699546,0.9320673400673399,0.9375,3.0
5570,5,3,171,0.9510222482699546,0.9320673400673399,0.9375,0.0
5571,5,3,172,0.9510222482699546,0.9320673400673399,0.9375,1.0
5572,5,3,173,0.9510222482699546,0.9320673400673399,0.9375,3.0
5573,5,3,174,0.9510222482699546,0.9320673400673399,0.9375,0.0
5574,5,3,175,0.9510222482699546,0.9320673400673399,0.9375,2.0
5575,5,3,176,0.9510222482699546,0.9320673400673399,0.9375,1.0
5576,5,3,177,0.9510222482699546,0.9320673400673399,0.9375,0.0
5577,5,3,178,0.9510222482699546,0.9320673400673399,0.9375,0.0
5578,5,3,179,0.9510222482699546,0.9320673400673399,0.9375,0.0
5579,5,3,180,0.9510222482699546,0.9320673400673399,0.9375,1.0
5580,5,3,181,0.9510222482699546,0.9320673400673399,0.9375,2.0
5581,5,3,182,0.9510222482699546,0.9320673400673399,0.9375,1.0
5582,5,3,183,0.9510222482699546,0.9320673400673399,0.9375,1.0
5583,5,3,184,0.9510222482699546,0.9320673400673399,0.9375,0.0
5584,5,3,185,0.9510222482699546,0.9320673400673399,0.9375,0.0
5585,5,3,186,0.9510222482699546,0.9320673400673399,0.9375,4.0
5586,5,3,187,0.9510222482699546,0.9320673400673399,0.9375,1.0
5587,5,3,188,0.9510222482699546,0.9320673400673399,0.9375,2.0
5588,5,3,189,0.9510222482699546,0.9320673400673399,0.9375,0.0
5589,5,3,190,0.9510222482699546,0.9320673400673399,0.9375,1.0
5590,5,3,191,0.9510222482699546,0.9320673400673399,0.9375,1.0
5591,5,3,192,0.9510222482699546,0.9320673400673399,0.9375,1.0
5592,5,3,193,0.9510222482699546,0.9320673400673399,0.9375,0.0
5593,5,3,194,0.9510222482699546,0.9320673400673399,0.9375,1.0
5594,5,3,195,0.9510222482699546,0.9320673400673399,0.9375,2.0
5595,5,3,196,0.9510222482699546,0.9320673400673399,0.9375,0.0
5596,5,3,197,0.9510222482699546,0.9320673400673399,0.9375,1.0
5597,5,3,198,0.9510222482699546,0.9320673400673399,0.9375,1.0
5598,5,3,199,0.9510222482699546,0.9320673400673399,0.9375,0.0
5599,5,3,200,0.9510222482699546,0.9320673400673399,0.9375,1.0
5600,5,4,1,0.9514309768395014,0.947008547008547,0.875,0.0
5601,5,4,2,0.9553087574154034,0.9549857549857549,0.875,0.0
5602,5,4,3,0.9553087574154034,0.9549857549857549,0.875,0.0
5603,5,4,4,0.9553087574154034,0.9549857549857549,0.875,0.0
5604,5,4,5,0.9553087574154034,0.9549857549857549,0.875,0.0
5605,5,4,6,0.9553087574154034,0.9549857549857549,0.875,0.0
5606,5,4,7,0.9553087574154034,0.9549857549857549,0.875,0.0
5607,5,4,8,0.9553087574154034,0.9549857549857549,0.875,0.0
5608,5,4,9,0.9553087574154034,0.9549857549857549,0.875,0.0
5609,5,4,10,0.9553087574154034,0.9549857549857549,0.875,0.0
5610,5,4,11,0.9553087574154034,0.9549857549857549,0.875,0.0
5611,5,4,12,0.9553087574154034,0.9549857549857549,0.875,0.0
5612,5,4,13,0.9553087574154034,0.9549857549857549,0.875,0.0
5613,5,4,14,0.9553087574154034,0.9549857549857549,0.875,0.0
5614,5,4,15,0.9553087574154034,0.9549857549857549,0.875,1.0
5615,5,4,16,0.9553087574154034,0.9549857549857549,0.875,2.0
5616,5,4,17,0.9553087574154034,0.9549857549857549,0.875,2.0
5617,5,4,18,0.9553087574154034,0.9549857549857549,0.875,2.0
5618,5,4,19,0.9553087574154034,0.9549857549857549,0.875,1.0
5619,5,4,20,0.9553087574154034,0.9549857549857549,0.875,1.0
5620,5,4,21,0.9553087574154034,0.9549857549857549,0.875,0.0
5621,5,4,22,0.9553087574154034,0.9549857549857549,0.875,0.0
5622,5,4,23,0.9553087574154034,0.9549857549857549,0.875,0.0
5623,5,4,24,0.9553087574154034,0.9549857549857549,0.875,1.0
5624,5,4,25,0.9553087574154034,0.9549857549857549,0.875,0.0
5625,5,4,26,0.9553087574154034,0.9549857549857549,0.875,1.0
5626,5,4,27,0.9553087574154034,0.9549857549857549,0.875,0.0
5627,5,4,28,0.9553087574154034,0.9549857549857549,0.875,0.0
5628,5,4,29,0.9553087574154034,0.9549857549857549,0.875,0.0
5629,5,4,30,0.9553087574154034,0.9549857549857549,0.875,1.0
5630,5,4,31,0.9553087574154034,0.9549857549857549,0.875,1.0
5631,5,4,32,0.9553087574154034,0.9549857549857549,0.875,2.0
5632,5,4,33,0.9553087574154034,0.9549857549857549,0.875,3.0
5633,5,4,34,0.9553087574154034,0.9549857549857549,0.875,0.0
5634,5,4,35,0.9553087574154034,0.9549857549857549,0.875,1.0
5635,5,4,36,0.9553087574154034,0.9549857549857549,0.875,1.0
5636,5,4,37,0.9553087574154034,0.9549857549857549,0.875,1.0
5637,5,4,38,0.9553087574154034,0.9549857549857549,0.875,0.0
5638,5,4,39,0.9553087574154034,0.9549857549857549,0.875,0.0
5639,5,4,40,0.9553087574154034,0.9549857549857549,0.875,1.0
5640,5,4,41,0.9553087574154034,0.9549857549857549,0.875,2.0
5641,5,4,42,0.9553087574154034,0.9549857549857549,0.875,1.0
5642,5,4,43,0.9553087574154034,0.9549857549857549,0.875,0.0
5643,5,4,44,0.9553087574154034,0.9549857549857549,0.875,0.0
5644,5,4,45,0.9553087574154034,0.9549857549857549,0.875,1.0
5645,5,4,46,0.9553087574154034,0.9549857549857549,0.875,0.0
5646,5,4,47,0.9553087574154034,0.9549857549857549,0.875,3.0
5647,5,4,48,0.9553087574154034,0.9549857549857549,0.875,0.0
5648,5,4,49,0.9553087574154034,0.9549857549857549,0.875,1.0
5649,5,4,50,0.9553087574154034,0.9549857549857549,0.875,2.0
5650,5,4,51,0.9553087574154034,0.9549857549857549,0.875,0.0
5651,5,4,52,0.9553087574154034,0.9549857549857549,0.875,3.0
5652,5,4,53,0.9553087574154034,0.9549857549857549,0.875,0.0
5653,5,4,54,0.9553087574154034,0.9549857549857549,0.875,0.0
5654,5,4,55,0.9553087574154034,0.9549857549857549,0.875,0.0
5655,5,4,56,0.9553087574154034,0.9549857549857549,0.875,3.0
5656,5,4,57,0.9553087574154034,0.9549857549857549,0.875,1.0
5657,5,4,58,0.9553087574154034,0.9549857549857549,0.875,0.0
5658,5,4,59,0.9553087574154034,0.9549857549857549,0.875,0.0
5659,5,4,60,0.9553087574154034,0.9549857549857549,0.875,2.0
5660,5,4,61,0.9553087574154034,0.9549857549857549,0.875,2.0
5661,5,4,62,0.9553087574154034,0.9549857549857549,0.875,0.0
5662,5,4,63,0.9553087574154034,0.9549857549857549,0.875,1.0
5663,5,4,64,0.9553087574154034,0.9549857549857549,0.875,1.0
5664,5,4,65,0.9553087574154034,0.9549857549857549,0.875,1.0
5665,5,4,66,0.9553087574154034,0.9549857549857549,0.875,1.0
5666,5,4,67,0.9553087574154034,0.9549857549857549,0.875,1.0
5667,5,4,68,0.9553087574154034,0.9549857549857549,0.875,1.0
5668,5,4,69,0.9553087574154034,0.9549857549857549,0.875,0.0
5669,5,4,70,0.9553087574154034,0.9549857549857549,0.875,3.0
5670,5,4,71,0.9553087574154034,0.9549857549857549,0.875,0.0
5671,5,4,72,0.9553087574154034,0.9549857549857549,0.875,1.0
5672,5,4,73,0.9553087574154034,0.9549857549857549,0.875,0.0
5673,5,4,74,0.9553087574154034,0.9549857549857549,0.875,0.0
5674,5,4,75,0.9553087574154034,0.9549857549857549,0.875,0.0
5675,5,4,76,0.9553087574154034,0.9549857549857549,0.875,3.0
5676,5,4,77,0.9553087574154034,0.9549857549857549,0.875,1.0
5677,5,4,78,0.9553087574154034,0.9549857549857549,0.875,1.0
5678,5,4,79,0.9553087574154034,0.9549857549857549,0.875,0.0
5679,5,4,80,0.9553087574154034,0.9549857549857549,0.875,1.0
5680,5,4,81,0.9553087574154034,0.9549857549857549,0.875,1.0
5681,5,4,82,0.9553087574154034,0.9549857549857549,0.875,0.0
5682,5,4,83,0.9553087574154034,0.9549857549857549,0.875,1.0
5683,5,4,84,0.9553087574154034,0.9549857549857549,0.875,1.0
5684,5,4,85,0.9553087574154034,0.9549857549857549,0.875,3.0
5685,5,4,86,0.9553087574154034,0.9549857549857549,0.875,2.0
5686,5,4,87,0.9553087574154034,0.9549857549857549,0.875,0.0
5687,5,4,88,0.9553087574154034,0.9549857549857549,0.875,0.0
5688,5,4,89,0.9553087574154034,0.9549857549857549,0.875,0.0
5689,5,4,90,0.9553087574154034,0.9549857549857549,0.875,1.0
5690,5,4,91,0.9553087574154034,0.9549857549857549,0.875,1.0
5691,5,4,92,0.9553087574154034,0.9549857549857549,0.875,1.0
5692,5,4,93,0.9553087574154034,0.9549857549857549,0.875,0.0
5693,5,4,94,0.9553087574154034,0.9549857549857549,0.875,0.0
5694,5,4,95,0.9553087574154034,0.9549857549857549,0.875,0.0
5695,5,4,96,0.9553087574154034,0.9549857549857549,0.875,3.0
5696,5,4,97,0.9553087574154034,0.9549857549857549,0.875,1.0
5697,5,4,98,0.9553087574154034,0.9549857549857549,0.875,1.0
5698,5,4,99,0.9553087574154034,0.9549857549857549,0.875,1.0
5699,5,4,100,0.9553087574154034,0.9549857549857549,0.875,4.0
5700,5,4,101,0.9553087574154034,0.9549857549857549,0.875,1.0
5701,5,4,102,0.9553087574154034,0.9549857549857549,0.875,0.0
5702,5,4,103,0.9553087574154034,0.9549857549857549,0.875,1.0
5703,5,4,104,0.9553087574154034,0.9549857549857549,0.875,1.0
5704,5,4,105,0.9553087574154034,0.9549857549857549,0.875,0.0
5705,5,4,106,0.9553087574154034,0.9549857549857549,0.875,1.0
5706,5,4,107,0.9553087574154034,0.9549857549857549,0.875,1.0
5707,5,4,108,0.9553087574154034,0.9549857549857549,0.875,0.0
5708,5,4,109,0.9553087574154034,0.9549857549857549,0.875,0.0
5709,5,4,110,0.9553087574154034,0.9549857549857549,0.875,0.0
5710,5,4,111,0.9553087574154034,0.9549857549857549,0.875,1.0
5711,5,4,112,0.9553087574154034,0.9549857549857549,0.875,1.0
5712,5,4,113,0.9553087574154034,0.9549857549857549,0.875,2.0
5713,5,4,114,0.9553087574154034,0.9549857549857549,0.875,1.0
5714,5,4,115,0.9553087574154034,0.9549857549857549,0.875,2.0
5715,5,4,116,0.9553087574154034,0.9549857549857549,0.875,2.0
5716,5,4,117,0.9553087574154034,0.9549857549857549,0.875,2.0
5717,5,4,118,0.9553087574154034,0.9549857549857549,0.875,1.0
5718,5,4,119,0.9553087574154034,0.9549857549857549,0.875,1.0
5719,5,4,120,0.9553087574154034,0.9549857549857549,0.875,0.0
5720,5,4,121,0.9553087574154034,0.9549857549857549,0.875,0.0
5721,5,4,122,0.9553087574154034,0.9549857549857549,0.875,0.0
5722,5,4,123,0.9553087574154034,0.9549857549857549,0.875,2.0
5723,5,4,124,0.9553087574154034,0.9549857549857549,0.875,1.0
5724,5,4,125,0.9553087574154034,0.9549857549857549,0.875,0.0
5725,5,4,126,0.9553087574154034,0.9549857549857549,0.875,1.0
5726,5,4,127,0.9553087574154034,0.9549857549857549,0.875,1.0
5727,5,4,128,0.9553087574154034,0.9549857549857549,0.875,0.0
5728,5,4,129,0.9553087574154034,0.9549857549857549,0.875,2.0
5729,5,4,130,0.9553087574154034,0.9549857549857549,0.875,2.0
5730,5,4,131,0.9553087574154034,0.9549857549857549,0.875,0.0
5731,5,4,132,0.9553087574154034,0.9549857549857549,0.875,1.0
5732,5,4,133,0.9553087574154034,0.9549857549857549,0.875,1.0
5733,5,4,134,0.9553087574154034,0.9549857549857549,0.875,1.0
5734,5,4,135,0.9553087574154034,0.9549857549857549,0.875,0.0
5735,5,4,136,0.9553087574154034,0.9549857549857549,0.875,2.0
5736,5,4,137,0.9553087574154034,0.9549857549857549,0.875,2.0
5737,5,4,138,0.9553087574154034,0.9549857549857549,0.875,1.0
5738,5,4,139,0.9553087574154034,0.9549857549857549,0.875,0.0
5739,5,4,140,0.9553087574154034,0.9549857549857549,0.875,1.0
5740,5,4,141,0.9553087574154034,0.9549857549857549,0.875,2.0
5741,5,4,142,0.9553087574154034,0.9549857549857549,0.875,1.0
5742,5,4,143,0.9553087574154034,0.9549857549857549,0.875,1.0
5743,5,4,144,0.9553087574154034,0.9549857549857549,0.875,1.0
5744,5,4,145,0.9553087574154034,0.9549857549857549,0.875,1.0
5745,5,4,146,0.9553087574154034,0.9549857549857549,0.875,0.0
5746,5,4,147,0.9553087574154034,0.9549857549857549,0.875,0.0
5747,5,4,148,0.9553087574154034,0.9549857549857549,0.875,1.0
5748,5,4,149,0.9553087574154034,0.9549857549857549,0.875,1.0
5749,5,4,150,0.9553087574154034,0.9549857549857549,0.875,1.0
5750,5,4,151,0.9553087574154034,0.9549857549857549,0.875,2.0
5751,5,4,152,0.9553087574154034,0.9549857549857549,0.875,2.0
5752,5,4,153,0.9553087574154034,0.9549857549857549,0.875,0.0
5753,5,4,154,0.9553087574154034,0.9549857549857549,0.875,1.0
5754,5,4,155,0.9553087574154034,0.9549857549857549,0.875,1.0
5755,5,4,156,0.9553087574154034,0.9549857549857549,0.875,1.0
5756,5,4,157,0.9553087574154034,0.9549857549857549,0.875,1.0
5757,5,4,158,0.9553087574154034,0.9549857549857549,0.875,2.0
5758,5,4,159,0.9553087574154034,0.9549857549857549,0.875,0.0
5759,5,4,160,0.9553087574154034,0.9549857549857549,0.875,0.0
5760,5,4,161,0.9553087574154034,0.9549857549857549,0.875,1.0
5761,5,4,162,0.9553087574154034,0.9549857549857549,0.875,1.0
5762,5,4,163,0.9553087574154034,0.9549857549857549,0.875,1.0
5763,5,4,164,0.9553087574154034,0.9549857549857549,0.875,0.0
5764,5,4,165,0.9553087574154034,0.9549857549857549,0.875,3.0
5765,5,4,166,0.9553087574154034,0.9549857549857549,0.875,0.0
5766,5,4,167,0.9553087574154034,0.9549857549857549,0.875,1.0
5767,5,4,168,0.9553087574154034,0.9549857549857549,0.875,0.0
5768,5,4,169,0.9553087574154034,0.9549857549857549,0.875,2.0
5769,5,4,170,0.9553087574154034,0.9549857549857549,0.875,1.0
5770,5,4,171,0.9553087574154034,0.9549857549857549,0.875,0.0
5771,5,4,172,0.9553087574154034,0.9549857549857549,0.875,2.0
5772,5,4,173,0.9553087574154034,0.9549857549857549,0.875,0.0
5773,5,4,174,0.9553087574154034,0.9549857549857549,0.875,3.0
5774,5,4,175,0.9553087574154034,0.9549857549857549,0.875,1.0
5775,5,4,176,0.9553087574154034,0.9549857549857549,0.875,1.0
5776,5,4,177,0.9553087574154034,0.9549857549857549,0.875,1.0
5777,5,4,178,0.9553087574154034,0.9549857549857549,0.875,0.0
5778,5,4,179,0.9553087574154034,0.9549857549857549,0.875,0.0
5779,5,4,180,0.9553087574154034,0.9549857549857549,0.875,0.0
5780,5,4,181,0.9553087574154034,0.9549857549857549,0.875,1.0
5781,5,4,182,0.9553087574154034,0.9549857549857549,0.875,0.0
5782,5,4,183,0.9553087574154034,0.9549857549857549,0.875,2.0
5783,5,4,184,0.9553087574154034,0.9549857549857549,0.875,1.0
5784,5,4,185,0.9553087574154034,0.9549857549857549,0.875,1.0
5785,5,4,186,0.9553087574154034,0.9549857549857549,0.875,1.0
5786,5,4,187,0.9553087574154034,0.9549857549857549,0.875,1.0
5787,5,4,188,0.9553087574154034,0.9549857549857549,0.875,0.0
5788,5,4,189,0.9553087574154034,0.9549857549857549,0.875,4.0
5789,5,4,190,0.9553087574154034,0.9549857549857549,0.875,2.0
5790,5,4,191,0.9553087574154034,0.9549857549857549,0.875,1.0
5791,5,4,192,0.9553087574154034,0.9549857549857549,0.875,0.0
5792,5,4,193,0.9553087574154034,0.9549857549857549,0.875,0.0
5793,5,4,194,0.9553087574154034,0.9549857549857549,0.875,0.0
5794,5,4,195,0.9553087574154034,0.9549857549857549,0.875,1.0
5795,5,4,196,0.9553087574154034,0.9549857549857549,0.875,0.0
5796,5,4,197,0.9553087574154034,0.9549857549857549,0.875,0.0
5797,5,4,198,0.9553087574154034,0.9549857549857549,0.875,0.0
5798,5,4,199,0.9553087574154034,0.9549857549857549,0.875,4.0
5799,5,4,200,0.9553087574154034,0.9549857549857549,0.875,1.0
5800,5,5,1,0.9468716139644539,0.9228994708994709,0.9090909090909091,0.0
5801,5,5,2,0.9468716139644539,0.9228994708994709,0.9090909090909091,0.0
5802,5,5,3,0.9453711867395521,0.9235376475376477,0.9090909090909091,0.0
5803,5,5,4,0.9453711867395521,0.9235376475376477,0.9090909090909091,0.0
5804,5,5,5,0.9492469157572314,0.9297777777777778,0.9142857142857143,0.0
5805,5,5,6,0.9492469157572314,0.9297777777777778,0.9142857142857143,0.0
5806,5,5,7,0.9492469157572314,0.9297777777777778,0.9142857142857143,0.0
5807,5,5,8,0.9528784244354689,0.9302328042328043,0.8484848484848485,0.0
5808,5,5,9,0.9528784244354689,0.9302328042328043,0.8484848484848485,0.0
5809,5,5,10,0.9528784244354689,0.9302328042328043,0.8484848484848485,0.0
5810,5,5,11,0.9528784244354689,0.9302328042328043,0.8484848484848485,0.0
5811,5,5,12,0.9528784244354689,0.9302328042328043,0.8484848484848485,0.0
5812,5,5,13,0.9528784244354689,0.9302328042328043,0.8484848484848485,0.0
5813,5,5,14,0.9528784244354689,0.9302328042328043,0.8484848484848485,0.0
5814,5,5,15,0.9528784244354689,0.9302328042328043,0.8484848484848485,0.0
5815,5,5,16,0.9528784244354689,0.9302328042328043,0.8484848484848485,1.0
5816,5,5,17,0.9528784244354689,0.9302328042328043,0.8484848484848485,2.0
5817,5,5,18,0.9528784244354689,0.9302328042328043,0.8484848484848485,0.0
5818,5,5,19,0.9528784244354689,0.9302328042328043,0.8484848484848485,0.0
5819,5,5,20,0.9528784244354689,0.9302328042328043,0.8484848484848485,1.0
5820,5,5,21,0.9528784244354689,0.9302328042328043,0.8484848484848485,0.0
5821,5,5,22,0.9493211073884676,0.9315148555148556,0.9142857142857143,0.0
5822,5,5,23,0.9493211073884676,0.9315148555148556,0.9142857142857143,2.0
5823,5,5,24,0.9493211073884676,0.9315148555148556,0.9142857142857143,2.0
5824,5,5,25,0.9493211073884676,0.9315148555148556,0.9142857142857143,1.0
5825,5,5,26,0.9493211073884676,0.9315148555148556,0.9142857142857143,0.0
5826,5,5,27,0.9493211073884676,0.9315148555148556,0.9142857142857143,1.0
5827,5,5,28,0.9493211073884676,0.9315148555148556,0.9142857142857143,0.0
5828,5,5,29,0.9493211073884676,0.9315148555148556,0.9142857142857143,0.0
5829,5,5,30,0.9493211073884676,0.9315148555148556,0.9142857142857143,1.0
5830,5,5,31,0.9493211073884676,0.9315148555148556,0.9142857142857143,1.0
5831,5,5,32,0.9493211073884676,0.9315148555148556,0.9142857142857143,2.0
5832,5,5,33,0.9493211073884676,0.9315148555148556,0.9142857142857143,0.0
5833,5,5,34,0.9493211073884676,0.9315148555148556,0.9142857142857143,0.0
5834,5,5,35,0.9493211073884676,0.9315148555148556,0.9142857142857143,1.0
5835,5,5,36,0.9493211073884676,0.9315148555148556,0.9142857142857143,0.0
5836,5,5,37,0.9493211073884676,0.9315148555148556,0.9142857142857143,0.0
5837,5,5,38,0.9493211073884676,0.9315148555148556,0.9142857142857143,3.0
5838,5,5,39,0.9493211073884676,0.9315148555148556,0.9142857142857143,0.0
5839,5,5,40,0.9493211073884676,0.9315148555148556,0.9142857142857143,1.0
5840,5,5,41,0.9493211073884676,0.9315148555148556,0.9142857142857143,1.0
5841,5,5,42,0.9493211073884676,0.9315148555148556,0.9142857142857143,0.0
5842,5,5,43,0.9493211073884676,0.9315148555148556,0.9142857142857143,1.0
5843,5,5,44,0.9548563703386487,0.9383931623931623,0.9142857142857143,0.0
5844,5,5,45,0.9548563703386487,0.9383931623931623,0.9142857142857143,2.0
5845,5,5,46,0.9548563703386487,0.9383931623931623,0.9142857142857143,1.0
5846,5,5,47,0.9548563703386487,0.9383931623931623,0.9142857142857143,1.0
5847,5,5,48,0.9548563703386487,0.9383931623931623,0.9142857142857143,0.0
5848,5,5,49,0.9548563703386487,0.9383931623931623,0.9142857142857143,0.0
5849,5,5,50,0.9548563703386487,0.9383931623931623,0.9142857142857143,2.0
5850,5,5,51,0.9548563703386487,0.9383931623931623,0.9142857142857143,1.0
5851,5,5,52,0.9548563703386487,0.9383931623931623,0.9142857142857143,1.0
5852,5,5,53,0.9548563703386487,0.9383931623931623,0.9142857142857143,2.0
5853,5,5,54,0.9548563703386487,0.9383931623931623,0.9142857142857143,1.0
5854,5,5,55,0.9548563703386487,0.9383931623931623,0.9142857142857143,0.0
5855,5,5,56,0.9548563703386487,0.9383931623931623,0.9142857142857143,0.0
5856,5,5,57,0.9548563703386487,0.9383931623931623,0.9142857142857143,0.0
5857,5,5,58,0.9548563703386487,0.9383931623931623,0.9142857142857143,1.0
5858,5,5,59,0.9548563703386487,0.9383931623931623,0.9142857142857143,2.0
5859,5,5,60,0.9548563703386487,0.9383931623931623,0.9142857142857143,1.0
5860,5,5,61,0.9548563703386487,0.9383931623931623,0.9142857142857143,1.0
5861,5,5,62,0.9548563703386487,0.9383931623931623,0.9142857142857143,0.0
5862,5,5,63,0.9548563703386487,0.9383931623931623,0.9142857142857143,1.0
5863,5,5,64,0.9548563703386487,0.9383931623931623,0.9142857142857143,1.0
5864,5,5,65,0.9548563703386487,0.9383931623931623,0.9142857142857143,1.0
5865,5,5,66,0.9548563703386487,0.9383931623931623,0.9142857142857143,2.0
5866,5,5,67,0.9548563703386487,0.9383931623931623,0.9142857142857143,1.0
5867,5,5,68,0.9548563703386487,0.9383931623931623,0.9142857142857143,0.0
5868,5,5,69,0.9548563703386487,0.9383931623931623,0.9142857142857143,2.0
5869,5,5,70,0.9548563703386487,0.9383931623931623,0.9142857142857143,2.0
5870,5,5,71,0.9548563703386487,0.9383931623931623,0.9142857142857143,0.0
5871,5,5,72,0.9548563703386487,0.9383931623931623,0.9142857142857143,1.0
5872,5,5,73,0.9548563703386487,0.9383931623931623,0.9142857142857143,0.0
5873,5,5,74,0.9548563703386487,0.9383931623931623,0.9142857142857143,1.0
5874,5,5,75,0.9548563703386487,0.9383931623931623,0.9142857142857143,1.0
5875,5,5,76,0.9548563703386487,0.9383931623931623,0.9142857142857143,1.0
5876,5,5,77,0.9548563703386487,0.9383931623931623,0.9142857142857143,0.0
5877,5,5,78,0.9548563703386487,0.9383931623931623,0.9142857142857143,4.0
5878,5,5,79,0.9548563703386487,0.9383931623931623,0.9142857142857143,0.0
5879,5,5,80,0.9548563703386487,0.9383931623931623,0.9142857142857143,0.0
5880,5,5,81,0.9548563703386487,0.9383931623931623,0.9142857142857143,1.0
5881,5,5,82,0.9548563703386487,0.9383931623931623,0.9142857142857143,2.0
5882,5,5,83,0.9548563703386487,0.9383931623931623,0.9142857142857143,1.0
5883,5,5,84,0.9548563703386487,0.9383931623931623,0.9142857142857143,3.0
5884,5,5,85,0.9548563703386487,0.9383931623931623,0.9142857142857143,0.0
5885,5,5,86,0.9548563703386487,0.9383931623931623,0.9142857142857143,0.0
5886,5,5,87,0.9548563703386487,0.9383931623931623,0.9142857142857143,0.0
5887,5,5,88,0.9548563703386487,0.9383931623931623,0.9142857142857143,1.0
5888,5,5,89,0.9548563703386487,0.9383931623931623,0.9142857142857143,0.0
5889,5,5,90,0.9548563703386487,0.9383931623931623,0.9142857142857143,0.0
5890,5,5,91,0.9548563703386487,0.9383931623931623,0.9142857142857143,2.0
5891,5,5,92,0.9548563703386487,0.9383931623931623,0.9142857142857143,1.0
5892,5,5,93,0.9548563703386487,0.9383931623931623,0.9142857142857143,2.0
5893,5,5,94,0.9548563703386487,0.9383931623931623,0.9142857142857143,0.0
5894,5,5,95,0.9548563703386487,0.9383931623931623,0.9142857142857143,2.0
5895,5,5,96,0.9548563703386487,0.9383931623931623,0.9142857142857143,2.0
5896,5,5,97,0.9548563703386487,0.9383931623931623,0.9142857142857143,0.0
5897,5,5,98,0.9548563703386487,0.9383931623931623,0.9142857142857143,3.0
5898,5,5,99,0.9548563703386487,0.9383931623931623,0.9142857142857143,1.0
5899,5,5,100,0.9548563703386487,0.9383931623931623,0.9142857142857143,1.0
5900,5,5,101,0.9548563703386487,0.9383931623931623,0.9142857142857143,0.0
5901,5,5,102,0.9548563703386487,0.9383931623931623,0.9142857142857143,0.0
5902,5,5,103,0.9548563703386487,0.9383931623931623,0.9142857142857143,0.0
5903,5,5,104,0.9548563703386487,0.9383931623931623,0.9142857142857143,0.0
5904,5,5,105,0.9548563703386487,0.9383931623931623,0.9142857142857143,0.0
5905,5,5,106,0.9548563703386487,0.9383931623931623,0.9142857142857143,2.0
5906,5,5,107,0.9548563703386487,0.9383931623931623,0.9142857142857143,0.0
5907,5,5,108,0.9548563703386487,0.9383931623931623,0.9142857142857143,1.0
5908,5,5,109,0.9548563703386487,0.9383931623931623,0.9142857142857143,0.0
5909,5,5,110,0.9548563703386487,0.9383931623931623,0.9142857142857143,3.0
5910,5,5,111,0.9548563703386487,0.9383931623931623,0.9142857142857143,1.0
5911,5,5,112,0.9548563703386487,0.9383931623931623,0.9142857142857143,2.0
5912,5,5,113,0.9548563703386487,0.9383931623931623,0.9142857142857143,1.0
5913,5,5,114,0.9548563703386487,0.9383931623931623,0.9142857142857143,2.0
5914,5,5,115,0.9548563703386487,0.9383931623931623,0.9142857142857143,1.0
5915,5,5,116,0.9548563703386487,0.9383931623931623,0.9142857142857143,1.0
5916,5,5,117,0.9548563703386487,0.9383931623931623,0.9142857142857143,0.0
5917,5,5,118,0.9548563703386487,0.9383931623931623,0.9142857142857143,1.0
5918,5,5,119,0.9548563703386487,0.9383931623931623,0.9142857142857143,1.0
5919,5,5,120,0.9548563703386487,0.9383931623931623,0.9142857142857143,0.0
5920,5,5,121,0.9548563703386487,0.9383931623931623,0.9142857142857143,1.0
5921,5,5,122,0.9548563703386487,0.9383931623931623,0.9142857142857143,0.0
5922,5,5,123,0.9548563703386487,0.9383931623931623,0.9142857142857143,0.0
5923,5,5,124,0.9548563703386487,0.9383931623931623,0.9142857142857143,1.0
5924,5,5,125,0.9548563703386487,0.9383931623931623,0.9142857142857143,2.0
5925,5,5,126,0.9548563703386487,0.9383931623931623,0.9142857142857143,2.0
5926,5,5,127,0.9548563703386487,0.9383931623931623,0.9142857142857143,1.0
5927,5,5,128,0.9548563703386487,0.9383931623931623,0.9142857142857143,1.0
5928,5,5,129,0.9548563703386487,0.9383931623931623,0.9142857142857143,1.0
5929,5,5,130,0.9548563703386487,0.9383931623931623,0.9142857142857143,2.0
5930,5,5,131,0.9548563703386487,0.9383931623931623,0.9142857142857143,1.0
5931,5,5,132,0.9548563703386487,0.9383931623931623,0.9142857142857143,1.0
5932,5,5,133,0.9548563703386487,0.9383931623931623,0.9142857142857143,0.0
5933,5,5,134,0.9548563703386487,0.9383931623931623,0.9142857142857143,0.0
5934,5,5,135,0.9548563703386487,0.9383931623931623,0.9142857142857143,2.0
5935,5,5,136,0.9548563703386487,0.9383931623931623,0.9142857142857143,0.0
5936,5,5,137,0.9548563703386487,0.9383931623931623,0.9142857142857143,0.0
5937,5,5,138,0.9548563703386487,0.9383931623931623,0.9142857142857143,0.0
5938,5,5,139,0.9548563703386487,0.9383931623931623,0.9142857142857143,1.0
5939,5,5,140,0.9548563703386487,0.9383931623931623,0.9142857142857143,2.0
5940,5,5,141,0.9548563703386487,0.9383931623931623,0.9142857142857143,1.0
5941,5,5,142,0.9548563703386487,0.9383931623931623,0.9142857142857143,0.0
5942,5,5,143,0.9548563703386487,0.9383931623931623,0.9142857142857143,1.0
5943,5,5,144,0.9548563703386487,0.9383931623931623,0.9142857142857143,3.0
5944,5,5,145,0.9548563703386487,0.9383931623931623,0.9142857142857143,2.0
5945,5,5,146,0.9548563703386487,0.9383931623931623,0.9142857142857143,0.0
5946,5,5,147,0.9548563703386487,0.9383931623931623,0.9142857142857143,2.0
5947,5,5,148,0.9548563703386487,0.9383931623931623,0.9142857142857143,2.0
5948,5,5,149,0.9548563703386487,0.9383931623931623,0.9142857142857143,0.0
5949,5,5,150,0.9548563703386487,0.9383931623931623,0.9142857142857143,0.0
5950,5,5,151,0.9548563703386487,0.9383931623931623,0.9142857142857143,1.0
5951,5,5,152,0.9548563703386487,0.9383931623931623,0.9142857142857143,0.0
5952,5,5,153,0.9548563703386487,0.9383931623931623,0.9142857142857143,1.0
5953,5,5,154,0.9548563703386487,0.9383931623931623,0.9142857142857143,1.0
5954,5,5,155,0.9548563703386487,0.9383931623931623,0.9142857142857143,1.0
5955,5,5,156,0.9548563703386487,0.9383931623931623,0.9142857142857143,0.0
5956,5,5,157,0.9548563703386487,0.9383931623931623,0.9142857142857143,0.0
5957,5,5,158,0.9548563703386487,0.9383931623931623,0.9142857142857143,0.0
5958,5,5,159,0.9548563703386487,0.9383931623931623,0.9142857142857143,3.0
5959,5,5,160,0.9548563703386487,0.9383931623931623,0.9142857142857143,2.0
5960,5,5,161,0.9548563703386487,0.9383931623931623,0.9142857142857143,3.0
5961,5,5,162,0.9548563703386487,0.9383931623931623,0.9142857142857143,0.0
5962,5,5,163,0.9548563703386487,0.9383931623931623,0.9142857142857143,0.0
5963,5,5,164,0.9548563703386487,0.9383931623931623,0.9142857142857143,2.0
5964,5,5,165,0.9548563703386487,0.9383931623931623,0.9142857142857143,1.0
5965,5,5,166,0.9548563703386487,0.9383931623931623,0.9142857142857143,0.0
5966,5,5,167,0.9548563703386487,0.9383931623931623,0.9142857142857143,0.0
5967,5,5,168,0.9548563703386487,0.9383931623931623,0.9142857142857143,0.0
5968,5,5,169,0.9548563703386487,0.9383931623931623,0.9142857142857143,2.0
5969,5,5,170,0.9548563703386487,0.9383931623931623,0.9142857142857143,1.0
5970,5,5,171,0.9548563703386487,0.9383931623931623,0.9142857142857143,1.0
5971,5,5,172,0.9548563703386487,0.9383931623931623,0.9142857142857143,1.0
5972,5,5,173,0.9548563703386487,0.9383931623931623,0.9142857142857143,0.0
5973,5,5,174,0.9548563703386487,0.9383931623931623,0.9142857142857143,1.0
5974,5,5,175,0.9548563703386487,0.9383931623931623,0.9142857142857143,4.0
5975,5,5,176,0.9548563703386487,0.9383931623931623,0.9142857142857143,1.0
5976,5,5,177,0.9548563703386487,0.9383931623931623,0.9142857142857143,0.0
5977,5,5,178,0.9548563703386487,0.9383931623931623,0.9142857142857143,2.0
5978,5,5,179,0.9548563703386487,0.9383931623931623,0.9142857142857143,1.0
5979,5,5,180,0.9548563703386487,0.9383931623931623,0.9142857142857143,0.0
5980,5,5,181,0.9548563703386487,0.9383931623931623,0.9142857142857143,1.0
5981,5,5,182,0.9548563703386487,0.9383931623931623,0.9142857142857143,0.0
5982,5,5,183,0.9548563703386487,0.9383931623931623,0.9142857142857143,0.0
5983,5,5,184,0.9548563703386487,0.9383931623931623,0.9142857142857143,0.0
5984,5,5,185,0.9548563703386487,0.9383931623931623,0.9142857142857143,0.0
5985,5,5,186,0.9548563703386487,0.9383931623931623,0.9142857142857143,1.0
5986,5,5,187,0.9548563703386487,0.9383931623931623,0.9142857142857143,3.0
5987,5,5,188,0.9548563703386487,0.9383931623931623,0.9142857142857143,3.0
5988,5,5,189,0.9548563703386487,0.9383931623931623,0.9142857142857143,2.0
5989,5,5,190,0.9548563703386487,0.9383931623931623,0.9142857142857143,0.0
5990,5,5,191,0.9548563703386487,0.9383931623931623,0.9142857142857143,1.0
5991,5,5,192,0.9548563703386487,0.9383931623931623,0.9142857142857143,1.0
5992,5,5,193,0.9548563703386487,0.9383931623931623,0.9142857142857143,0.0
5993,5,5,194,0.9548563703386487,0.9383931623931623,0.9142857142857143,2.0
5994,5,5,195,0.9548563703386487,0.9383931623931623,0.9142857142857143,0.0
5995,5,5,196,0.9548563703386487,0.9383931623931623,0.9142857142857143,2.0
5996,5,5,197,0.9548563703386487,0.9383931623931623,0.9142857142857143,0.0
5997,5,5,198,0.9548563703386487,0.9383931623931623,0.9142857142857143,1.0
5998,5,5,199,0.9548563703386487,0.9383931623931623,0.9142857142857143,0.0
5999,5,5,200,0.9548563703386487,0.9383931623931623,0.9142857142857143,0.0
6000,6,1,1,0.9387807996582327,0.9166593406593406,0.9090909090909091,0.0
6001,6,1,2,0.9387807996582327,0.9166593406593406,0.9090909090909091,0.0
6002,6,1,3,0.9387807996582327,0.9166593406593406,0.9090909090909091,0.0
6003,6,1,4,0.9387807996582327,0.9166593406593406,0.9090909090909091,0.0
6004,6,1,5,0.9426991466833758,0.9240439560439562,0.9142857142857143,0.0
6005,6,1,6,0.9426991466833758,0.9240439560439562,0.9142857142857143,0.0
6006,6,1,7,0.9426991466833758,0.9240439560439562,0.9142857142857143,0.0
6007,6,1,8,0.9426991466833758,0.9240439560439562,0.9142857142857143,0.0
6008,6,1,9,0.9426991466833758,0.9240439560439562,0.9142857142857143,0.0
6009,6,1,10,0.9426991466833758,0.9240439560439562,0.9142857142857143,0.0
6010,6,1,11,0.9426991466833758,0.9240439560439562,0.9142857142857143,0.0
6011,6,1,12,0.9426991466833758,0.9240439560439562,0.9142857142857143,0.0
6012,6,1,13,0.9426991466833758,0.9240439560439562,0.9142857142857143,0.0
6013,6,1,14,0.9426991466833758,0.9240439560439562,0.9142857142857143,0.0
6014,6,1,15,0.9426991466833758,0.9240439560439562,0.9142857142857143,0.0
6015,6,1,16,0.9426991466833758,0.9240439560439562,0.9142857142857143,0.0
6016,6,1,17,0.9426991466833758,0.9240439560439562,0.9142857142857143,1.0
6017,6,1,18,0.9426991466833758,0.9240439560439562,0.9142857142857143,0.0
6018,6,1,19,0.9426991466833758,0.9240439560439562,0.9142857142857143,1.0
6019,6,1,20,0.9426991466833758,0.9240439560439562,0.9142857142857143,1.0
6020,6,1,21,0.9426991466833758,0.9240439560439562,0.9142857142857143,1.0
6021,6,1,22,0.9426991466833758,0.9240439560439562,0.9142857142857143,0.0
6022,6,1,23,0.9426991466833758,0.9240439560439562,0.9142857142857143,2.0
6023,6,1,24,0.9426991466833758,0.9240439560439562,0.9142857142857143,0.0
6024,6,1,25,0.9426991466833758,0.9240439560439562,0.9142857142857143,0.0
6025,6,1,26,0.9426991466833758,0.9240439560439562,0.9142857142857143,2.0
6026,6,1,27,0.9426991466833758,0.9240439560439562,0.9142857142857143,1.0
6027,6,1,28,0.9426991466833758,0.9240439560439562,0.9142857142857143,0.0
6028,6,1,29,0.9426991466833758,0.9240439560439562,0.9142857142857143,1.0
6029,6,1,30,0.9426991466833758,0.9240439560439562,0.9142857142857143,2.0
6030,6,1,31,0.9426991466833758,0.9240439560439562,0.9142857142857143,0.0
6031,6,1,32,0.9426991466833758,0.9240439560439562,0.9142857142857143,1.0
6032,6,1,33,0.9387753815088967,0.9320211640211639,0.9090909090909091,0.0
6033,6,1,34,0.9387753815088967,0.9320211640211639,0.9090909090909091,1.0
6034,6,1,35,0.9387753815088967,0.9320211640211639,0.9090909090909091,0.0
6035,6,1,36,0.9387753815088967,0.9320211640211639,0.9090909090909091,0.0
6036,6,1,37,0.9387753815088967,0.9320211640211639,0.9090909090909091,2.0
6037,6,1,38,0.9387753815088967,0.9320211640211639,0.9090909090909091,1.0
6038,6,1,39,0.9387753815088967,0.9320211640211639,0.9090909090909091,1.0
6039,6,1,40,0.9387753815088967,0.9320211640211639,0.9090909090909091,1.0
6040,6,1,41,0.9387753815088967,0.9320211640211639,0.9090909090909091,1.0
6041,6,1,42,0.9387753815088967,0.9320211640211639,0.9090909090909091,2.0
6042,6,1,43,0.9387753815088967,0.9320211640211639,0.9090909090909091,1.0
6043,6,1,44,0.9387753815088967,0.9320211640211639,0.9090909090909091,0.0
6044,6,1,45,0.9387753815088967,0.9320211640211639,0.9090909090909091,1.0
6045,6,1,46,0.9387753815088967,0.9320211640211639,0.9090909090909091,0.0
6046,6,1,47,0.9387753815088967,0.9320211640211639,0.9090909090909091,3.0
6047,6,1,48,0.9387753815088967,0.9320211640211639,0.9090909090909091,0.0
6048,6,1,49,0.9387753815088967,0.9320211640211639,0.9090909090909091,0.0
6049,6,1,50,0.9387753815088967,0.9320211640211639,0.9090909090909091,1.0
6050,6,1,51,0.9387753815088967,0.9320211640211639,0.9090909090909091,2.0
6051,6,1,52,0.9387753815088967,0.9320211640211639,0.9090909090909091,1.0
6052,6,1,53,0.9387753815088967,0.9320211640211639,0.9090909090909091,0.0
6053,6,1,54,0.9387753815088967,0.9320211640211639,0.9090909090909091,1.0
6054,6,1,55,0.9387753815088967,0.9320211640211639,0.9090909090909091,1.0
6055,6,1,56,0.9387753815088967,0.9320211640211639,0.9090909090909091,3.0
6056,6,1,57,0.9387753815088967,0.9320211640211639,0.9090909090909091,0.0
6057,6,1,58,0.9387753815088967,0.9320211640211639,0.9090909090909091,1.0
6058,6,1,59,0.9387753815088967,0.9320211640211639,0.9090909090909091,1.0
6059,6,1,60,0.9387753815088967,0.9320211640211639,0.9090909090909091,0.0
6060,6,1,61,0.9387753815088967,0.9320211640211639,0.9090909090909091,0.0
6061,6,1,62,0.9387753815088967,0.9320211640211639,0.9090909090909091,1.0
6062,6,1,63,0.9387753815088967,0.9320211640211639,0.9090909090909091,1.0
6063,6,1,64,0.9387753815088967,0.9320211640211639,0.9090909090909091,1.0
6064,6,1,65,0.9387753815088967,0.9320211640211639,0.9090909090909091,2.0
6065,6,1,66,0.9387753815088967,0.9320211640211639,0.9090909090909091,2.0
6066,6,1,67,0.9387753815088967,0.9320211640211639,0.9090909090909091,2.0
6067,6,1,68,0.9387753815088967,0.9320211640211639,0.9090909090909091,1.0
6068,6,1,69,0.9387753815088967,0.9320211640211639,0.9090909090909091,1.0
6069,6,1,70,0.9387753815088967,0.9320211640211639,0.9090909090909091,1.0
6070,6,1,71,0.9387753815088967,0.9320211640211639,0.9090909090909091,1.0
6071,6,1,72,0.9387753815088967,0.9320211640211639,0.9090909090909091,0.0
6072,6,1,73,0.9387753815088967,0.9320211640211639,0.9090909090909091,0.0
6073,6,1,74,0.9387753815088967,0.9320211640211639,0.9090909090909091,1.0
6074,6,1,75,0.9387753815088967,0.9320211640211639,0.9090909090909091,2.0
6075,6,1,76,0.9387753815088967,0.9320211640211639,0.9090909090909091,0.0
6076,6,1,77,0.9387753815088967,0.9320211640211639,0.9090909090909091,0.0
6077,6,1,78,0.9387753815088967,0.9320211640211639,0.9090909090909091,1.0
6078,6,1,79,0.9387753815088967,0.9320211640211639,0.9090909090909091,1.0
6079,6,1,80,0.9387753815088967,0.9320211640211639,0.9090909090909091,1.0
6080,6,1,81,0.9387753815088967,0.9320211640211639,0.9090909090909091,1.0
6081,6,1,82,0.9387753815088967,0.9320211640211639,0.9090909090909091,1.0
6082,6,1,83,0.9387753815088967,0.9320211640211639,0.9090909090909091,2.0
6083,6,1,84,0.9387753815088967,0.9320211640211639,0.9090909090909091,2.0
6084,6,1,85,0.9387753815088967,0.9320211640211639,0.9090909090909091,2.0
6085,6,1,86,0.9387753815088967,0.9320211640211639,0.9090909090909091,0.0
6086,6,1,87,0.9387753815088967,0.9320211640211639,0.9090909090909091,1.0
6087,6,1,88,0.9387753815088967,0.9320211640211639,0.9090909090909091,0.0
6088,6,1,89,0.9387753815088967,0.9320211640211639,0.9090909090909091,0.0
6089,6,1,90,0.9387753815088967,0.9320211640211639,0.9090909090909091,1.0
6090,6,1,91,0.9387753815088967,0.9320211640211639,0.9090909090909091,2.0
6091,6,1,92,0.9387753815088967,0.9320211640211639,0.9090909090909091,1.0
6092,6,1,93,0.9387753815088967,0.9320211640211639,0.9090909090909091,1.0
6093,6,1,94,0.9387753815088967,0.9320211640211639,0.9090909090909091,0.0
6094,6,1,95,0.9387753815088967,0.9320211640211639,0.9090909090909091,1.0
6095,6,1,96,0.9387753815088967,0.9320211640211639,0.9090909090909091,2.0
6096,6,1,97,0.9387753815088967,0.9320211640211639,0.9090909090909091,1.0
6097,6,1,98,0.9387753815088967,0.9320211640211639,0.9090909090909091,1.0
6098,6,1,99,0.9387753815088967,0.9320211640211639,0.9090909090909091,2.0
6099,6,1,100,0.9387753815088967,0.9320211640211639,0.9090909090909091,1.0
6100,6,1,101,0.9387753815088967,0.9320211640211639,0.9090909090909091,1.0
6101,6,1,102,0.9387753815088967,0.9320211640211639,0.9090909090909091,0.0
6102,6,1,103,0.9387753815088967,0.9320211640211639,0.9090909090909091,0.0
6103,6,1,104,0.9387753815088967,0.9320211640211639,0.9090909090909091,0.0
6104,6,1,105,0.9387753815088967,0.9320211640211639,0.9090909090909091,2.0
6105,6,1,106,0.9387753815088967,0.9320211640211639,0.9090909090909091,1.0
6106,6,1,107,0.9387753815088967,0.9320211640211639,0.9090909090909091,0.0
6107,6,1,108,0.9387753815088967,0.9320211640211639,0.9090909090909091,2.0
6108,6,1,109,0.9387753815088967,0.9320211640211639,0.9090909090909091,0.0
6109,6,1,110,0.9387753815088967,0.9320211640211639,0.9090909090909091,1.0
6110,6,1,111,0.9387753815088967,0.9320211640211639,0.9090909090909091,1.0
6111,6,1,112,0.9387753815088967,0.9320211640211639,0.9090909090909091,0.0
6112,6,1,113,0.9387753815088967,0.9320211640211639,0.9090909090909091,2.0
6113,6,1,114,0.9387753815088967,0.9320211640211639,0.9090909090909091,3.0
6114,6,1,115,0.9387753815088967,0.9320211640211639,0.9090909090909091,0.0
6115,6,1,116,0.9387753815088967,0.9320211640211639,0.9090909090909091,1.0
6116,6,1,117,0.9387753815088967,0.9320211640211639,0.9090909090909091,1.0
6117,6,1,118,0.9387753815088967,0.9320211640211639,0.9090909090909091,0.0
6118,6,1,119,0.9387753815088967,0.9320211640211639,0.9090909090909091,1.0
6119,6,1,120,0.9387753815088967,0.9320211640211639,0.9090909090909091,1.0
6120,6,1,121,0.9387753815088967,0.9320211640211639,0.9090909090909091,0.0
6121,6,1,122,0.9387753815088967,0.9320211640211639,0.9090909090909091,1.0
6122,6,1,123,0.9387753815088967,0.9320211640211639,0.9090909090909091,0.0
6123,6,1,124,0.9387753815088967,0.9320211640211639,0.9090909090909091,2.0
6124,6,1,125,0.9387753815088967,0.9320211640211639,0.9090909090909091,2.0
6125,6,1,126,0.9387753815088967,0.9320211640211639,0.9090909090909091,1.0
6126,6,1,127,0.9387753815088967,0.9320211640211639,0.9090909090909091,1.0
6127,6,1,128,0.9387753815088967,0.9320211640211639,0.9090909090909091,1.0
6128,6,1,129,0.9387753815088967,0.9320211640211639,0.9090909090909091,0.0
6129,6,1,130,0.9387753815088967,0.9320211640211639,0.9090909090909091,1.0
6130,6,1,131,0.9387753815088967,0.9320211640211639,0.9090909090909091,1.0
6131,6,1,132,0.9387753815088967,0.9320211640211639,0.9090909090909091,2.0
6132,6,1,133,0.9387753815088967,0.9320211640211639,0.9090909090909091,1.0
6133,6,1,134,0.9387753815088967,0.9320211640211639,0.9090909090909091,1.0
6134,6,1,135,0.9387753815088967,0.9320211640211639,0.9090909090909091,1.0
6135,6,1,136,0.9387753815088967,0.9320211640211639,0.9090909090909091,1.0
6136,6,1,137,0.9387753815088967,0.9320211640211639,0.9090909090909091,0.0
6137,6,1,138,0.9387753815088967,0.9320211640211639,0.9090909090909091,0.0
6138,6,1,139,0.9387753815088967,0.9320211640211639,0.9090909090909091,2.0
6139,6,1,140,0.9387753815088967,0.9320211640211639,0.9090909090909091,2.0
6140,6,1,141,0.9387753815088967,0.9320211640211639,0.9090909090909091,0.0
6141,6,1,142,0.9387753815088967,0.9320211640211639,0.9090909090909091,0.0
6142,6,1,143,0.9387753815088967,0.9320211640211639,0.9090909090909091,1.0
6143,6,1,144,0.9387753815088967,0.9320211640211639,0.9090909090909091,3.0
6144,6,1,145,0.9387753815088967,0.9320211640211639,0.9090909090909091,1.0
6145,6,1,146,0.9387753815088967,0.9320211640211639,0.9090909090909091,1.0
6146,6,1,147,0.9387753815088967,0.9320211640211639,0.9090909090909091,1.0
6147,6,1,148,0.9387753815088967,0.9320211640211639,0.9090909090909091,3.0
6148,6,1,149,0.9387753815088967,0.9320211640211639,0.9090909090909091,0.0
6149,6,1,150,0.9387753815088967,0.9320211640211639,0.9090909090909091,1.0
6150,6,1,151,0.9387753815088967,0.9320211640211639,0.9090909090909091,0.0
6151,6,1,152,0.9387753815088967,0.9320211640211639,0.9090909090909091,0.0
6152,6,1,153,0.9387753815088967,0.9320211640211639,0.9090909090909091,1.0
6153,6,1,154,0.9387753815088967,0.9320211640211639,0.9090909090909091,1.0
6154,6,1,155,0.9387753815088967,0.9320211640211639,0.9090909090909091,0.0
6155,6,1,156,0.9387753815088967,0.9320211640211639,0.9090909090909091,1.0
6156,6,1,157,0.9387753815088967,0.9320211640211639,0.9090909090909091,0.0
6157,6,1,158,0.9387753815088967,0.9320211640211639,0.9090909090909091,2.0
6158,6,1,159,0.9387753815088967,0.9320211640211639,0.9090909090909091,0.0
6159,6,1,160,0.9387753815088967,0.9320211640211639,0.9090909090909091,2.0
6160,6,1,161,0.9387753815088967,0.9320211640211639,0.9090909090909091,2.0
6161,6,1,162,0.9387753815088967,0.9320211640211639,0.9090909090909091,2.0
6162,6,1,163,0.9387753815088967,0.9320211640211639,0.9090909090909091,1.0
6163,6,1,164,0.9387753815088967,0.9320211640211639,0.9090909090909091,0.0
6164,6,1,165,0.9387753815088967,0.9320211640211639,0.9090909090909091,2.0
6165,6,1,166,0.9387753815088967,0.9320211640211639,0.9090909090909091,1.0
6166,6,1,167,0.9387753815088967,0.9320211640211639,0.9090909090909091,1.0
6167,6,1,168,0.9387753815088967,0.9320211640211639,0.9090909090909091,1.0
6168,6,1,169,0.9387753815088967,0.9320211640211639,0.9090909090909091,1.0
6169,6,1,170,0.9387753815088967,0.9320211640211639,0.9090909090909091,0.0
6170,6,1,171,0.9387753815088967,0.9320211640211639,0.9090909090909091,0.0
6171,6,1,172,0.9387753815088967,0.9320211640211639,0.9090909090909091,0.0
6172,6,1,173,0.9387753815088967,0.9320211640211639,0.9090909090909091,1.0
6173,6,1,174,0.9387753815088967,0.9320211640211639,0.9090909090909091,1.0
6174,6,1,175,0.9387753815088967,0.9320211640211639,0.9090909090909091,2.0
6175,6,1,176,0.9387753815088967,0.9320211640211639,0.9090909090909091,1.0
6176,6,1,177,0.9387753815088967,0.9320211640211639,0.9090909090909091,2.0
6177,6,1,178,0.9387753815088967,0.9320211640211639,0.9090909090909091,0.0
6178,6,1,179,0.9387753815088967,0.9320211640211639,0.9090909090909091,2.0
6179,6,1,180,0.9387753815088967,0.9320211640211639,0.9090909090909091,2.0
6180,6,1,181,0.9387753815088967,0.9320211640211639,0.9090909090909091,1.0
6181,6,1,182,0.9387753815088967,0.9320211640211639,0.9090909090909091,0.0
6182,6,1,183,0.9387753815088967,0.9320211640211639,0.9090909090909091,2.0
6183,6,1,184,0.9387753815088967,0.9320211640211639,0.9090909090909091,0.0
6184,6,1,185,0.9387753815088967,0.9320211640211639,0.9090909090909091,1.0
6185,6,1,186,0.9387753815088967,0.9320211640211639,0.9090909090909091,1.0
6186,6,1,187,0.9387753815088967,0.9320211640211639,0.9090909090909091,0.0
6187,6,1,188,0.9387753815088967,0.9320211640211639,0.9090909090909091,1.0
6188,6,1,189,0.9387753815088967,0.9320211640211639,0.9090909090909091,0.0
6189,6,1,190,0.9387753815088967,0.9320211640211639,0.9090909090909091,1.0
6190,6,1,191,0.9387753815088967,0.9320211640211639,0.9090909090909091,1.0
6191,6,1,192,0.9387753815088967,0.9320211640211639,0.9090909090909091,2.0
6192,6,1,193,0.9387753815088967,0.9320211640211639,0.9090909090909091,1.0
6193,6,1,194,0.9387753815088967,0.9320211640211639,0.9090909090909091,0.0
6194,6,1,195,0.9387753815088967,0.9320211640211639,0.9090909090909091,2.0
6195,6,1,196,0.9387753815088967,0.9320211640211639,0.9090909090909091,3.0
6196,6,1,197,0.9387753815088967,0.9320211640211639,0.9090909090909091,1.0
6197,6,1,198,0.9387753815088967,0.9320211640211639,0.9090909090909091,0.0
6198,6,1,199,0.9387753815088967,0.9320211640211639,0.9090909090909091,2.0
6199,6,1,200,0.9387753815088967,0.9320211640211639,0.9090909090909091,0.0
6200,6,2,1,0.937739074342848,0.8969499126918482,0.9375,0.0
6201,6,2,2,0.9418029350104822,0.9129499126918482,0.9375,0.0
6202,6,2,3,0.9418029350104822,0.9129499126918482,0.9375,0.0
6203,6,2,4,0.9418029350104822,0.9129499126918482,0.9375,0.0
6204,6,2,5,0.9418029350104822,0.9129499126918482,0.9375,0.0
6205,6,2,6,0.9418029350104822,0.9129499126918482,0.9375,0.0
6206,6,2,7,0.9418029350104822,0.9129499126918482,0.9375,0.0
6207,6,2,8,0.9418029350104822,0.9129499126918482,0.9375,0.0
6208,6,2,9,0.9418029350104822,0.9129499126918482,0.9375,0.0
6209,6,2,10,0.9418029350104822,0.9129499126918482,0.9375,0.0
6210,6,2,11,0.9418029350104822,0.9129499126918482,0.9375,0.0
6211,6,2,12,0.9418029350104822,0.9129499126918482,0.9375,0.0
6212,6,2,13,0.9418029350104822,0.9129499126918482,0.9375,0.0
6213,6,2,14,0.9418029350104822,0.9129499126918482,0.9375,0.0
6214,6,2,15,0.9418029350104822,0.9129499126918482,0.9375,0.0
6215,6,2,16,0.9418029350104822,0.9129499126918482,0.9375,0.0
6216,6,2,17,0.9418029350104822,0.9129499126918482,0.9375,0.0
6217,6,2,18,0.9418029350104822,0.9129499126918482,0.9375,2.0
6218,6,2,19,0.9418029350104822,0.9129499126918482,0.9375,1.0
6219,6,2,20,0.9418029350104822,0.9129499126918482,0.9375,0.0
6220,6,2,21,0.9418029350104822,0.9129499126918482,0.9375,3.0
6221,6,2,22,0.9418029350104822,0.9129499126918482,0.9375,1.0
6222,6,2,23,0.9418029350104822,0.9129499126918482,0.9375,2.0
6223,6,2,24,0.9418029350104822,0.9129499126918482,0.9375,0.0
6224,6,2,25,0.9418029350104822,0.9129499126918482,0.9375,1.0
6225,6,2,26,0.9418029350104822,0.9129499126918482,0.9375,1.0
6226,6,2,27,0.9418029350104822,0.9129499126918482,0.9375,2.0
6227,6,2,28,0.9418029350104822,0.9129499126918482,0.9375,0.0
6228,6,2,29,0.9418029350104822,0.9129499126918482,0.9375,0.0
6229,6,2,30,0.9418029350104822,0.9129499126918482,0.9375,0.0
6230,6,2,31,0.9418029350104822,0.9129499126918482,0.9375,1.0
6231,6,2,32,0.9418029350104822,0.9129499126918482,0.9375,2.0
6232,6,2,33,0.9418029350104822,0.9129499126918482,0.9375,1.0
6233,6,2,34,0.9418029350104822,0.9129499126918482,0.9375,0.0
6234,6,2,35,0.9418029350104822,0.9129499126918482,0.9375,1.0
6235,6,2,36,0.9418029350104822,0.9129499126918482,0.9375,2.0
6236,6,2,37,0.9418029350104822,0.9129499126918482,0.9375,1.0
6237,6,2,38,0.9418029350104822,0.9129499126918482,0.9375,2.0
6238,6,2,39,0.9418029350104822,0.9129499126918482,0.9375,0.0
6239,6,2,40,0.9418029350104822,0.9129499126918482,0.9375,0.0
6240,6,2,41,0.9418029350104822,0.9129499126918482,0.9375,1.0
6241,6,2,42,0.9418029350104822,0.9129499126918482,0.9375,0.0
6242,6,2,43,0.9418029350104822,0.9129499126918482,0.9375,1.0
6243,6,2,44,0.9418029350104822,0.9129499126918482,0.9375,1.0
6244,6,2,45,0.9418029350104822,0.9129499126918482,0.9375,1.0
6245,6,2,46,0.9418029350104822,0.9129499126918482,0.9375,1.0
6246,6,2,47,0.9418029350104822,0.9129499126918482,0.9375,1.0
6247,6,2,48,0.9418029350104822,0.9129499126918482,0.9375,0.0
6248,6,2,49,0.9418029350104822,0.9129499126918482,0.9375,0.0
6249,6,2,50,0.9418029350104822,0.9129499126918482,0.9375,1.0
6250,6,2,51,0.9418029350104822,0.9129499126918482,0.9375,2.0
6251,6,2,52,0.9418029350104822,0.9129499126918482,0.9375,1.0
6252,6,2,53,0.9418029350104822,0.9129499126918482,0.9375,1.0
6253,6,2,54,0.9418029350104822,0.9129499126918482,0.9375,3.0
6254,6,2,55,0.9418029350104822,0.9129499126918482,0.9375,0.0
6255,6,2,56,0.9418029350104822,0.9129499126918482,0.9375,2.0
6256,6,2,57,0.9418029350104822,0.9129499126918482,0.9375,0.0
6257,6,2,58,0.9418029350104822,0.9129499126918482,0.9375,0.0
6258,6,2,59,0.9418029350104822,0.9129499126918482,0.9375,2.0
6259,6,2,60,0.9418029350104822,0.9129499126918482,0.9375,1.0
6260,6,2,61,0.9418029350104822,0.9129499126918482,0.9375,0.0
6261,6,2,62,0.9418029350104822,0.9129499126918482,0.9375,2.0
6262,6,2,63,0.9418029350104822,0.9129499126918482,0.9375,0.0
6263,6,2,64,0.9418029350104822,0.9129499126918482,0.9375,1.0
6264,6,2,65,0.9418029350104822,0.9129499126918482,0.9375,0.0
6265,6,2,66,0.9418029350104822,0.9129499126918482,0.9375,0.0
6266,6,2,67,0.9418029350104822,0.9129499126918482,0.9375,3.0
6267,6,2,68,0.9418029350104822,0.9129499126918482,0.9375,2.0
6268,6,2,69,0.9418029350104822,0.9129499126918482,0.9375,0.0
6269,6,2,70,0.9418029350104822,0.9129499126918482,0.9375,2.0
6270,6,2,71,0.9418029350104822,0.9129499126918482,0.9375,0.0
6271,6,2,72,0.9418029350104822,0.9129499126918482,0.9375,1.0
6272,6,2,73,0.9418029350104822,0.9129499126918482,0.9375,1.0
6273,6,2,74,0.9418029350104822,0.9129499126918482,0.9375,3.0
6274,6,2,75,0.9418029350104822,0.9129499126918482,0.9375,1.0
6275,6,2,76,0.9418029350104822,0.9129499126918482,0.9375,0.0
6276,6,2,77,0.9418029350104822,0.9129499126918482,0.9375,0.0
6277,6,2,78,0.9418029350104822,0.9129499126918482,0.9375,0.0
6278,6,2,79,0.9418029350104822,0.9129499126918482,0.9375,2.0
6279,6,2,80,0.9418029350104822,0.9129499126918482,0.9375,1.0
6280,6,2,81,0.9418029350104822,0.9129499126918482,0.9375,0.0
6281,6,2,82,0.9418029350104822,0.9129499126918482,0.9375,0.0
6282,6,2,83,0.9418029350104822,0.9129499126918482,0.9375,2.0
6283,6,2,84,0.9418029350104822,0.9129499126918482,0.9375,1.0
6284,6,2,85,0.9418029350104822,0.9129499126918482,0.9375,1.0
6285,6,2,86,0.9418029350104822,0.9129499126918482,0.9375,0.0
6286,6,2,87,0.9418029350104822,0.9129499126918482,0.9375,1.0
6287,6,2,88,0.9418029350104822,0.9129499126918482,0.9375,2.0
6288,6,2,89,0.9418029350104822,0.9129499126918482,0.9375,2.0
6289,6,2,90,0.9418029350104822,0.9129499126918482,0.9375,0.0
6290,6,2,91,0.9418029350104822,0.9129499126918482,0.9375,0.0
6291,6,2,92,0.9418029350104822,0.9129499126918482,0.9375,2.0
6292,6,2,93,0.9351836936566261,0.9135425052844408,0.9696969696969697,1.0
6293,6,2,94,0.9351836936566261,0.9135425052844408,0.9696969696969697,1.0
6294,6,2,95,0.9351836936566261,0.9135425052844408,0.9696969696969697,0.0
6295,6,2,96,0.9351836936566261,0.9135425052844408,0.9696969696969697,1.0
6296,6,2,97,0.9351836936566261,0.9135425052844408,0.9696969696969697,0.0
6297,6,2,98,0.9351836936566261,0.9135425052844408,0.9696969696969697,1.0
6298,6,2,99,0.9351836936566261,0.9135425052844408,0.9696969696969697,1.0
6299,6,2,100,0.9351836936566261,0.9135425052844408,0.9696969696969697,2.0
6300,6,2,101,0.9351836936566261,0.9135425052844408,0.9696969696969697,0.0
6301,6,2,102,0.9351836936566261,0.9135425052844408,0.9696969696969697,2.0
6302,6,2,103,0.9351836936566261,0.9135425052844408,0.9696969696969697,0.0
6303,6,2,104,0.9351836936566261,0.9135425052844408,0.9696969696969697,1.0
6304,6,2,105,0.9351836936566261,0.9135425052844408,0.9696969696969697,1.0
6305,6,2,106,0.9351836936566261,0.9135425052844408,0.9696969696969697,3.0
6306,6,2,107,0.9351836936566261,0.9135425052844408,0.9696969696969697,1.0
6307,6,2,108,0.9351836936566261,0.9135425052844408,0.9696969696969697,0.0
6308,6,2,109,0.9351836936566261,0.9135425052844408,0.9696969696969697,0.0
6309,6,2,110,0.9351836936566261,0.9135425052844408,0.9696969696969697,1.0
6310,6,2,111,0.9351836936566261,0.9135425052844408,0.9696969696969697,0.0
6311,6,2,112,0.9351836936566261,0.9135425052844408,0.9696969696969697,4.0
6312,6,2,113,0.9351836936566261,0.9135425052844408,0.9696969696969697,1.0
6313,6,2,114,0.9351836936566261,0.9135425052844408,0.9696969696969697,0.0
6314,6,2,115,0.9351836936566261,0.9135425052844408,0.9696969696969697,0.0
6315,6,2,116,0.9351836936566261,0.9135425052844408,0.9696969696969697,0.0
6316,6,2,117,0.9351836936566261,0.9135425052844408,0.9696969696969697,2.0
6317,6,2,118,0.9351836936566261,0.9135425052844408,0.9696969696969697,0.0
6318,6,2,119,0.9351836936566261,0.9135425052844408,0.9696969696969697,1.0
6319,6,2,120,0.9351836936566261,0.9135425052844408,0.9696969696969697,1.0
6320,6,2,121,0.9351836936566261,0.9135425052844408,0.9696969696969697,2.0
6321,6,2,122,0.9351836936566261,0.9135425052844408,0.9696969696969697,2.0
6322,6,2,123,0.9351836936566261,0.9135425052844408,0.9696969696969697,1.0
6323,6,2,124,0.9351836936566261,0.9135425052844408,0.9696969696969697,1.0
6324,6,2,125,0.9351836936566261,0.9135425052844408,0.9696969696969697,0.0
6325,6,2,126,0.9351836936566261,0.9135425052844408,0.9696969696969697,1.0
6326,6,2,127,0.9351836936566261,0.9135425052844408,0.9696969696969697,1.0
6327,6,2,128,0.9351836936566261,0.9135425052844408,0.9696969696969697,2.0
6328,6,2,129,0.9351836936566261,0.9135425052844408,0.9696969696969697,1.0
6329,6,2,130,0.9351836936566261,0.9135425052844408,0.9696969696969697,0.0
6330,6,2,131,0.9351836936566261,0.9135425052844408,0.9696969696969697,1.0
6331,6,2,132,0.9351836936566261,0.9135425052844408,0.9696969696969697,0.0
6332,6,2,133,0.9351836936566261,0.9135425052844408,0.9696969696969697,0.0
6333,6,2,134,0.9351836936566261,0.9135425052844408,0.9696969696969697,2.0
6334,6,2,135,0.9351836936566261,0.9135425052844408,0.9696969696969697,1.0
6335,6,2,136,0.9351836936566261,0.9135425052844408,0.9696969696969697,1.0
6336,6,2,137,0.9351836936566261,0.9135425052844408,0.9696969696969697,1.0
6337,6,2,138,0.9351836936566261,0.9135425052844408,0.9696969696969697,2.0
6338,6,2,139,0.9351836936566261,0.9135425052844408,0.9696969696969697,2.0
6339,6,2,140,0.9351836936566261,0.9135425052844408,0.9696969696969697,0.0
6340,6,2,141,0.9351836936566261,0.9135425052844408,0.9696969696969697,1.0
6341,6,2,142,0.9351836936566261,0.9135425052844408,0.9696969696969697,1.0
6342,6,2,143,0.9351836936566261,0.9135425052844408,0.9696969696969697,1.0
6343,6,2,144,0.9351836936566261,0.9135425052844408,0.9696969696969697,1.0
6344,6,2,145,0.9351836936566261,0.9135425052844408,0.9696969696969697,1.0
6345,6,2,146,0.9351836936566261,0.9135425052844408,0.9696969696969697,0.0
6346,6,2,147,0.9351836936566261,0.9135425052844408,0.9696969696969697,3.0
6347,6,2,148,0.9351836936566261,0.9135425052844408,0.9696969696969697,0.0
6348,6,2,149,0.9351836936566261,0.9135425052844408,0.9696969696969697,0.0
6349,6,2,150,0.9351836936566261,0.9135425052844408,0.9696969696969697,1.0
6350,6,2,151,0.9351836936566261,0.9135425052844408,0.9696969696969697,0.0
6351,6,2,152,0.9351836936566261,0.9135425052844408,0.9696969696969697,3.0
6352,6,2,153,0.9351836936566261,0.9135425052844408,0.9696969696969697,2.0
6353,6,2,154,0.9351836936566261,0.9135425052844408,0.9696969696969697,0.0
6354,6,2,155,0.9351836936566261,0.9135425052844408,0.9696969696969697,1.0
6355,6,2,156,0.9351836936566261,0.9135425052844408,0.9696969696969697,1.0
6356,6,2,157,0.9351836936566261,0.9135425052844408,0.9696969696969697,1.0
6357,6,2,158,0.9351836936566261,0.9135425052844408,0.9696969696969697,0.0
6358,6,2,159,0.9351836936566261,0.9135425052844408,0.9696969696969697,0.0
6359,6,2,160,0.9351836936566261,0.9135425052844408,0.9696969696969697,0.0
6360,6,2,161,0.9351836936566261,0.9135425052844408,0.9696969696969697,0.0
6361,6,2,162,0.9351836936566261,0.9135425052844408,0.9696969696969697,2.0
6362,6,2,163,0.9351836936566261,0.9135425052844408,0.9696969696969697,1.0
6363,6,2,164,0.9351836936566261,0.9135425052844408,0.9696969696969697,4.0
6364,6,2,165,0.9351836936566261,0.9135425052844408,0.9696969696969697,2.0
6365,6,2,166,0.9351836936566261,0.9135425052844408,0.9696969696969697,0.0
6366,6,2,167,0.9351836936566261,0.9135425052844408,0.9696969696969697,2.0
6367,6,2,168,0.9351836936566261,0.9135425052844408,0.9696969696969697,1.0
6368,6,2,169,0.9351836936566261,0.9135425052844408,0.9696969696969697,0.0
6369,6,2,170,0.9351836936566261,0.9135425052844408,0.9696969696969697,1.0
6370,6,2,171,0.9351836936566261,0.9135425052844408,0.9696969696969697,1.0
6371,6,2,172,0.9351836936566261,0.9135425052844408,0.9696969696969697,0.0
6372,6,2,173,0.9351836936566261,0.9135425052844408,0.9696969696969697,0.0
6373,6,2,174,0.9351836936566261,0.9135425052844408,0.9696969696969697,1.0
6374,6,2,175,0.9351836936566261,0.9135425052844408,0.9696969696969697,0.0
6375,6,2,176,0.9351836936566261,0.9135425052844408,0.9696969696969697,0.0
6376,6,2,177,0.9351836936566261,0.9135425052844408,0.9696969696969697,0.0
6377,6,2,178,0.9351836936566261,0.9135425052844408,0.9696969696969697,3.0
6378,6,2,179,0.9351836936566261,0.9135425052844408,0.9696969696969697,1.0
6379,6,2,180,0.9351836936566261,0.9135425052844408,0.9696969696969697,3.0
6380,6,2,181,0.9351836936566261,0.9135425052844408,0.9696969696969697,0.0
6381,6,2,182,0.9351836936566261,0.9135425052844408,0.9696969696969697,2.0
6382,6,2,183,0.9351836936566261,0.9135425052844408,0.9696969696969697,2.0
6383,6,2,184,0.9351836936566261,0.9135425052844408,0.9696969696969697,0.0
6384,6,2,185,0.9351836936566261,0.9135425052844408,0.9696969696969697,0.0
6385,6,2,186,0.9351836936566261,0.9135425052844408,0.9696969696969697,1.0
6386,6,2,187,0.9351836936566261,0.9135425052844408,0.9696969696969697,1.0
6387,6,2,188,0.9351836936566261,0.9135425052844408,0.9696969696969697,1.0
6388,6,2,189,0.9351836936566261,0.9135425052844408,0.9696969696969697,2.0
6389,6,2,190,0.9351836936566261,0.9135425052844408,0.9696969696969697,0.0
6390,6,2,191,0.9351836936566261,0.9135425052844408,0.9696969696969697,0.0
6391,6,2,192,0.9351836936566261,0.9135425052844408,0.9696969696969697,2.0
6392,6,2,193,0.9351836936566261,0.9135425052844408,0.9696969696969697,0.0
6393,6,2,194,0.9351836936566261,0.9135425052844408,0.9696969696969697,1.0
6394,6,2,195,0.9351836936566261,0.9135425052844408,0.9696969696969697,2.0
6395,6,2,196,0.9351836936566261,0.9135425052844408,0.9696969696969697,0.0
6396,6,2,197,0.9351836936566261,0.9135425052844408,0.9696969696969697,0.0
6397,6,2,198,0.9351836936566261,0.9135425052844408,0.9696969696969697,3.0
6398,6,2,199,0.9351836936566261,0.9135425052844408,0.9696969696969697,0.0
6399,6,2,200,0.9351836936566261,0.9135425052844408,0.9696969696969697,2.0
6400,6,3,1,0.9472144021676732,0.9092981092981093,0.9090909090909091,0.0
6401,6,3,2,0.9472144021676732,0.9092981092981093,0.9090909090909091,0.0
6402,6,3,3,0.9472144021676732,0.9092981092981093,0.9090909090909091,0.0
6403,6,3,4,0.9472144021676732,0.9092981092981093,0.9090909090909091,0.0
6404,6,3,5,0.9542205075224024,0.9166827246827246,0.9375,0.0
6405,6,3,6,0.9542205075224024,0.9166827246827246,0.9375,0.0
6406,6,3,7,0.9542205075224024,0.9166827246827246,0.9375,0.0
6407,6,3,8,0.9526238498715562,0.9172753172753172,0.9375,0.0
6408,6,3,9,0.9526238498715562,0.9172753172753172,0.9375,0.0
6409,6,3,10,0.9526238498715562,0.9172753172753172,0.9375,0.0
6410,6,3,11,0.9526238498715562,0.9172753172753172,0.9375,0.0
6411,6,3,12,0.9526238498715562,0.9172753172753172,0.9375,0.0
6412,6,3,13,0.9526238498715562,0.9172753172753172,0.9375,1.0
6413,6,3,14,0.9526238498715562,0.9172753172753172,0.9375,0.0
6414,6,3,15,0.9526238498715562,0.9172753172753172,0.9375,1.0
6415,6,3,16,0.9526238498715562,0.9172753172753172,0.9375,0.0
6416,6,3,17,0.9526238498715562,0.9172753172753172,0.9375,2.0
6417,6,3,18,0.9526238498715562,0.9172753172753172,0.9375,1.0
6418,6,3,19,0.9526238498715562,0.9172753172753172,0.9375,1.0
6419,6,3,20,0.9526238498715562,0.9172753172753172,0.9375,0.0
6420,6,3,21,0.9526238498715562,0.9172753172753172,0.9375,1.0
6421,6,3,22,0.9526238498715562,0.9172753172753172,0.9375,0.0
6422,6,3,23,0.9526238498715562,0.9172753172753172,0.9375,0.0
6423,6,3,24,0.9526238498715562,0.9172753172753172,0.9375,0.0
6424,6,3,25,0.9526238498715562,0.9172753172753172,0.9375,1.0
6425,6,3,26,0.9526238498715562,0.9172753172753172,0.9375,0.0
6426,6,3,27,0.9526238498715562,0.9172753172753172,0.9375,2.0
6427,6,3,28,0.9526238498715562,0.9172753172753172,0.9375,0.0
6428,6,3,29,0.9526238498715562,0.9172753172753172,0.9375,2.0
6429,6,3,30,0.9526238498715562,0.9172753172753172,0.9375,3.0
6430,6,3,31,0.9526238498715562,0.9172753172753172,0.9375,1.0
6431,6,3,32,0.9526238498715562,0.9172753172753172,0.9375,0.0
6432,6,3,33,0.9526238498715562,0.9172753172753172,0.9375,1.0
6433,6,3,34,0.9526238498715562,0.9172753172753172,0.9375,1.0
6434,6,3,35,0.9526238498715562,0.9172753172753172,0.9375,0.0
6435,6,3,36,0.9526238498715562,0.9172753172753172,0.9375,3.0
6436,6,3,37,0.9526238498715562,0.9172753172753172,0.9375,0.0
6437,6,3,38,0.9526238498715562,0.9172753172753172,0.9375,1.0
6438,6,3,39,0.9526238498715562,0.9172753172753172,0.9375,0.0
6439,6,3,40,0.9526238498715562,0.9172753172753172,0.9375,0.0
6440,6,3,41,0.9526238498715562,0.9172753172753172,0.9375,0.0
6441,6,3,42,0.9526238498715562,0.9172753172753172,0.9375,1.0
6442,6,3,43,0.9526238498715562,0.9172753172753172,0.9375,1.0
6443,6,3,44,0.9526238498715562,0.9172753172753172,0.9375,2.0
6444,6,3,45,0.9526238498715562,0.9172753172753172,0.9375,0.0
6445,6,3,46,0.9526238498715562,0.9172753172753172,0.9375,1.0
6446,6,3,47,0.9526238498715562,0.9172753172753172,0.9375,2.0
6447,6,3,48,0.9526238498715562,0.9172753172753172,0.9375,0.0
6448,6,3,49,0.9526238498715562,0.9172753172753172,0.9375,0.0
6449,6,3,50,0.9526238498715562,0.9172753172753172,0.9375,2.0
6450,6,3,51,0.9526238498715562,0.9172753172753172,0.9375,1.0
6451,6,3,52,0.9526238498715562,0.9172753172753172,0.9375,0.0
6452,6,3,53,0.9526238498715562,0.9172753172753172,0.9375,0.0
6453,6,3,54,0.9526238498715562,0.9172753172753172,0.9375,1.0
6454,6,3,55,0.9526238498715562,0.9172753172753172,0.9375,1.0
6455,6,3,56,0.9526238498715562,0.9172753172753172,0.9375,1.0
6456,6,3,57,0.9526238498715562,0.9172753172753172,0.9375,0.0
6457,6,3,58,0.9526238498715562,0.9172753172753172,0.9375,1.0
6458,6,3,59,0.9526238498715562,0.9172753172753172,0.9375,2.0
6459,6,3,60,0.9526238498715562,0.9172753172753172,0.9375,3.0
6460,6,3,61,0.9526238498715562,0.9172753172753172,0.9375,0.0
6461,6,3,62,0.9526238498715562,0.9172753172753172,0.9375,2.0
6462,6,3,63,0.9526238498715562,0.9172753172753172,0.9375,0.0
6463,6,3,64,0.9526238498715562,0.9172753172753172,0.9375,0.0
6464,6,3,65,0.9526238498715562,0.9172753172753172,0.9375,1.0
6465,6,3,66,0.9526238498715562,0.9172753172753172,0.9375,1.0
6466,6,3,67,0.9526238498715562,0.9172753172753172,0.9375,1.0
6467,6,3,68,0.9526238498715562,0.9172753172753172,0.9375,1.0
6468,6,3,69,0.9526238498715562,0.9172753172753172,0.9375,1.0
6469,6,3,70,0.9526238498715562,0.9172753172753172,0.9375,1.0
6470,6,3,71,0.9526238498715562,0.9172753172753172,0.9375,0.0
6471,6,3,72,0.9526238498715562,0.9172753172753172,0.9375,0.0
6472,6,3,73,0.9526238498715562,0.9172753172753172,0.9375,0.0
6473,6,3,74,0.9526238498715562,0.9172753172753172,0.9375,3.0
6474,6,3,75,0.9526238498715562,0.9172753172753172,0.9375,1.0
6475,6,3,76,0.9526238498715562,0.9172753172753172,0.9375,3.0
6476,6,3,77,0.9526238498715562,0.9172753172753172,0.9375,1.0
6477,6,3,78,0.9526238498715562,0.9172753172753172,0.9375,2.0
6478,6,3,79,0.9526238498715562,0.9172753172753172,0.9375,0.0
6479,6,3,80,0.9526238498715562,0.9172753172753172,0.9375,0.0
6480,6,3,81,0.9526238498715562,0.9172753172753172,0.9375,1.0
6481,6,3,82,0.9526238498715562,0.9172753172753172,0.9375,1.0
6482,6,3,83,0.9526238498715562,0.9172753172753172,0.9375,2.0
6483,6,3,84,0.9526238498715562,0.9172753172753172,0.9375,0.0
6484,6,3,85,0.9526238498715562,0.9172753172753172,0.9375,0.0
6485,6,3,86,0.9526238498715562,0.9172753172753172,0.9375,1.0
6486,6,3,87,0.9526238498715562,0.9172753172753172,0.9375,0.0
6487,6,3,88,0.9526238498715562,0.9172753172753172,0.9375,1.0
6488,6,3,89,0.9526238498715562,0.9172753172753172,0.9375,0.0
6489,6,3,90,0.9526238498715562,0.9172753172753172,0.9375,2.0
6490,6,3,91,0.9526238498715562,0.9172753172753172,0.9375,3.0
6491,6,3,92,0.9526238498715562,0.9172753172753172,0.9375,1.0
6492,6,3,93,0.9526238498715562,0.9172753172753172,0.9375,2.0
6493,6,3,94,0.9526238498715562,0.9172753172753172,0.9375,0.0
6494,6,3,95,0.9526238498715562,0.9172753172753172,0.9375,1.0
6495,6,3,96,0.9526238498715562,0.9172753172753172,0.9375,0.0
6496,6,3,97,0.9526238498715562,0.9172753172753172,0.9375,1.0
6497,6,3,98,0.9526238498715562,0.9172753172753172,0.9375,1.0
6498,6,3,99,0.9526238498715562,0.9172753172753172,0.9375,1.0
6499,6,3,100,0.9526238498715562,0.9172753172753172,0.9375,1.0
6500,6,3,101,0.9526238498715562,0.9172753172753172,0.9375,1.0
6501,6,3,102,0.9526238498715562,0.9172753172753172,0.9375,1.0
6502,6,3,103,0.9526238498715562,0.9172753172753172,0.9375,0.0
6503,6,3,104,0.9526238498715562,0.9172753172753172,0.9375,1.0
6504,6,3,105,0.9526238498715562,0.9172753172753172,0.9375,1.0
6505,6,3,106,0.9526238498715562,0.9172753172753172,0.9375,1.0
6506,6,3,107,0.9526238498715562,0.9172753172753172,0.9375,1.0
6507,6,3,108,0.9526238498715562,0.9172753172753172,0.9375,1.0
6508,6,3,109,0.9526238498715562,0.9172753172753172,0.9375,2.0
6509,6,3,110,0.9526238498715562,0.9172753172753172,0.9375,1.0
6510,6,3,111,0.9526238498715562,0.9172753172753172,0.9375,3.0
6511,6,3,112,0.9526238498715562,0.9172753172753172,0.9375,0.0
6512,6,3,113,0.9526238498715562,0.9172753172753172,0.9375,1.0
6513,6,3,114,0.9526238498715562,0.9172753172753172,0.9375,1.0
6514,6,3,115,0.9526238498715562,0.9172753172753172,0.9375,0.0
6515,6,3,116,0.9526238498715562,0.9172753172753172,0.9375,0.0
6516,6,3,117,0.9526238498715562,0.9172753172753172,0.9375,1.0
6517,6,3,118,0.9526238498715562,0.9172753172753172,0.9375,1.0
6518,6,3,119,0.9526238498715562,0.9172753172753172,0.9375,1.0
6519,6,3,120,0.9526238498715562,0.9172753172753172,0.9375,1.0
6520,6,3,121,0.9526238498715562,0.9172753172753172,0.9375,1.0
6521,6,3,122,0.9526238498715562,0.9172753172753172,0.9375,2.0
6522,6,3,123,0.9526238498715562,0.9172753172753172,0.9375,1.0
6523,6,3,124,0.9526238498715562,0.9172753172753172,0.9375,0.0
6524,6,3,125,0.9526238498715562,0.9172753172753172,0.9375,0.0
6525,6,3,126,0.9526238498715562,0.9172753172753172,0.9375,4.0
6526,6,3,127,0.9526238498715562,0.9172753172753172,0.9375,0.0
6527,6,3,128,0.9526238498715562,0.9172753172753172,0.9375,1.0
6528,6,3,129,0.9526238498715562,0.9172753172753172,0.9375,1.0
6529,6,3,130,0.9526238498715562,0.9172753172753172,0.9375,1.0
6530,6,3,131,0.9526238498715562,0.9172753172753172,0.9375,2.0
6531,6,3,132,0.9526238498715562,0.9172753172753172,0.9375,1.0
6532,6,3,133,0.9526238498715562,0.9172753172753172,0.9375,0.0
6533,6,3,134,0.9526238498715562,0.9172753172753172,0.9375,0.0
6534,6,3,135,0.9526238498715562,0.9172753172753172,0.9375,1.0
6535,6,3,136,0.9526238498715562,0.9172753172753172,0.9375,2.0
6536,6,3,137,0.9526238498715562,0.9172753172753172,0.9375,1.0
6537,6,3,138,0.9526238498715562,0.9172753172753172,0.9375,0.0
6538,6,3,139,0.9526238498715562,0.9172753172753172,0.9375,1.0
6539,6,3,140,0.9526238498715562,0.9172753172753172,0.9375,1.0
6540,6,3,141,0.9526238498715562,0.9172753172753172,0.9375,1.0
6541,6,3,142,0.9526238498715562,0.9172753172753172,0.9375,2.0
6542,6,3,143,0.9526238498715562,0.9172753172753172,0.9375,0.0
6543,6,3,144,0.9526238498715562,0.9172753172753172,0.9375,2.0
6544,6,3,145,0.9526238498715562,0.9172753172753172,0.9375,0.0
6545,6,3,146,0.9526238498715562,0.9172753172753172,0.9375,1.0
6546,6,3,147,0.9526238498715562,0.9172753172753172,0.9375,0.0
6547,6,3,148,0.9526238498715562,0.9172753172753172,0.9375,1.0
6548,6,3,149,0.9526238498715562,0.9172753172753172,0.9375,1.0
6549,6,3,150,0.9526238498715562,0.9172753172753172,0.9375,2.0
6550,6,3,151,0.9526238498715562,0.9172753172753172,0.9375,2.0
6551,6,3,152,0.9526238498715562,0.9172753172753172,0.9375,1.0
6552,6,3,153,0.9526238498715562,0.9172753172753172,0.9375,1.0
6553,6,3,154,0.9526238498715562,0.9172753172753172,0.9375,0.0
6554,6,3,155,0.9526238498715562,0.9172753172753172,0.9375,1.0
6555,6,3,156,0.9526238498715562,0.9172753172753172,0.9375,2.0
6556,6,3,157,0.9526238498715562,0.9172753172753172,0.9375,0.0
6557,6,3,158,0.9526238498715562,0.9172753172753172,0.9375,1.0
6558,6,3,159,0.9526238498715562,0.9172753172753172,0.9375,1.0
6559,6,3,160,0.9526238498715562,0.9172753172753172,0.9375,1.0
6560,6,3,161,0.9526238498715562,0.9172753172753172,0.9375,0.0
6561,6,3,162,0.9526238498715562,0.9172753172753172,0.9375,1.0
6562,6,3,163,0.9526238498715562,0.9172753172753172,0.9375,1.0
6563,6,3,164,0.9526238498715562,0.9172753172753172,0.9375,1.0
6564,6,3,165,0.9526238498715562,0.9172753172753172,0.9375,2.0
6565,6,3,166,0.9526238498715562,0.9172753172753172,0.9375,1.0
6566,6,3,167,0.9526238498715562,0.9172753172753172,0.9375,1.0
6567,6,3,168,0.9526238498715562,0.9172753172753172,0.9375,0.0
6568,6,3,169,0.9526238498715562,0.9172753172753172,0.9375,1.0
6569,6,3,170,0.9526238498715562,0.9172753172753172,0.9375,2.0
6570,6,3,171,0.9526238498715562,0.9172753172753172,0.9375,1.0
6571,6,3,172,0.9526238498715562,0.9172753172753172,0.9375,2.0
6572,6,3,173,0.9526238498715562,0.9172753172753172,0.9375,1.0
6573,6,3,174,0.9526238498715562,0.9172753172753172,0.9375,0.0
6574,6,3,175,0.9526238498715562,0.9172753172753172,0.9375,1.0
6575,6,3,176,0.9526238498715562,0.9172753172753172,0.9375,0.0
6576,6,3,177,0.9526238498715562,0.9172753172753172,0.9375,0.0
6577,6,3,178,0.9526238498715562,0.9172753172753172,0.9375,0.0
6578,6,3,179,0.9526238498715562,0.9172753172753172,0.9375,1.0
6579,6,3,180,0.9526238498715562,0.9172753172753172,0.9375,3.0
6580,6,3,181,0.9526238498715562,0.9172753172753172,0.9375,2.0
6581,6,3,182,0.9526238498715562,0.9172753172753172,0.9375,0.0
6582,6,3,183,0.9526238498715562,0.9172753172753172,0.9375,2.0
6583,6,3,184,0.9526238498715562,0.9172753172753172,0.9375,1.0
6584,6,3,185,0.9526238498715562,0.9172753172753172,0.9375,0.0
6585,6,3,186,0.9526238498715562,0.9172753172753172,0.9375,1.0
6586,6,3,187,0.9526238498715562,0.9172753172753172,0.9375,2.0
6587,6,3,188,0.9526238498715562,0.9172753172753172,0.9375,1.0
6588,6,3,189,0.9526238498715562,0.9172753172753172,0.9375,1.0
6589,6,3,190,0.9526238498715562,0.9172753172753172,0.9375,0.0
6590,6,3,191,0.9526238498715562,0.9172753172753172,0.9375,1.0
6591,6,3,192,0.9526238498715562,0.9172753172753172,0.9375,0.0
6592,6,3,193,0.9526238498715562,0.9172753172753172,0.9375,1.0
6593,6,3,194,0.9526238498715562,0.9172753172753172,0.9375,0.0
6594,6,3,195,0.9526238498715562,0.9172753172753172,0.9375,3.0
6595,6,3,196,0.9526238498715562,0.9172753172753172,0.9375,1.0
6596,6,3,197,0.9526238498715562,0.9172753172753172,0.9375,1.0
6597,6,3,198,0.9526238498715562,0.9172753172753172,0.9375,1.0
6598,6,3,199,0.9526238498715562,0.9172753172753172,0.9375,2.0
6599,6,3,200,0.9526238498715562,0.9172753172753172,0.9375,1.0
6600,6,4,1,0.9514309768395014,0.947008547008547,0.875,0.0
6601,6,4,2,0.9514309768395014,0.947008547008547,0.875,0.0
6602,6,4,3,0.9514309768395014,0.947008547008547,0.875,0.0
6603,6,4,4,0.9514309768395014,0.947008547008547,0.875,0.0
6604,6,4,5,0.9551728416831573,0.9549857549857549,0.875,0.0
6605,6,4,6,0.9551728416831573,0.9549857549857549,0.875,0.0
6606,6,4,7,0.9551728416831573,0.9549857549857549,0.875,0.0
6607,6,4,8,0.9551728416831573,0.9549857549857549,0.875,0.0
6608,6,4,9,0.9551728416831573,0.9549857549857549,0.875,0.0
6609,6,4,10,0.9551728416831573,0.9549857549857549,0.875,0.0
6610,6,4,11,0.9551728416831573,0.9549857549857549,0.875,0.0
6611,6,4,12,0.9551728416831573,0.9549857549857549,0.875,0.0
6612,6,4,13,0.9551728416831573,0.9549857549857549,0.875,0.0
6613,6,4,14,0.9551728416831573,0.9549857549857549,0.875,0.0
6614,6,4,15,0.9551728416831573,0.9549857549857549,0.875,0.0
6615,6,4,16,0.9551728416831573,0.9549857549857549,0.875,1.0
6616,6,4,17,0.9551728416831573,0.9549857549857549,0.875,1.0
6617,6,4,18,0.9551728416831573,0.9549857549857549,0.875,1.0
6618,6,4,19,0.9551728416831573,0.9549857549857549,0.875,2.0
6619,6,4,20,0.9551728416831573,0.9549857549857549,0.875,1.0
6620,6,4,21,0.9551728416831573,0.9549857549857549,0.875,0.0
6621,6,4,22,0.9551728416831573,0.9549857549857549,0.875,0.0
6622,6,4,23,0.9551728416831573,0.9549857549857549,0.875,1.0
6623,6,4,24,0.9551728416831573,0.9549857549857549,0.875,1.0
6624,6,4,25,0.9551728416831573,0.9549857549857549,0.875,0.0
6625,6,4,26,0.9551728416831573,0.9549857549857549,0.875,0.0
6626,6,4,27,0.9551728416831573,0.9549857549857549,0.875,1.0
6627,6,4,28,0.9551728416831573,0.9549857549857549,0.875,2.0
6628,6,4,29,0.9551728416831573,0.9549857549857549,0.875,0.0
6629,6,4,30,0.9551728416831573,0.9549857549857549,0.875,1.0
6630,6,4,31,0.9551728416831573,0.9549857549857549,0.875,0.0
6631,6,4,32,0.9551728416831573,0.9549857549857549,0.875,1.0
6632,6,4,33,0.9551728416831573,0.9549857549857549,0.875,3.0
6633,6,4,34,0.9551728416831573,0.9549857549857549,0.875,1.0
6634,6,4,35,0.9551728416831573,0.9549857549857549,0.875,0.0
6635,6,4,36,0.9551728416831573,0.9549857549857549,0.875,0.0
6636,6,4,37,0.9551728416831573,0.9549857549857549,0.875,0.0
6637,6,4,38,0.9551728416831573,0.9549857549857549,0.875,0.0
6638,6,4,39,0.9551728416831573,0.9549857549857549,0.875,0.0
6639,6,4,40,0.9551728416831573,0.9549857549857549,0.875,3.0
6640,6,4,41,0.9551728416831573,0.9549857549857549,0.875,2.0
6641,6,4,42,0.9551728416831573,0.9549857549857549,0.875,1.0
6642,6,4,43,0.9551728416831573,0.9549857549857549,0.875,2.0
6643,6,4,44,0.9551728416831573,0.9549857549857549,0.875,1.0
6644,6,4,45,0.9551728416831573,0.9549857549857549,0.875,0.0
6645,6,4,46,0.9551728416831573,0.9549857549857549,0.875,0.0
6646,6,4,47,0.9551728416831573,0.9549857549857549,0.875,3.0
6647,6,4,48,0.9551728416831573,0.9549857549857549,0.875,0.0
6648,6,4,49,0.9551728416831573,0.9549857549857549,0.875,2.0
6649,6,4,50,0.9551728416831573,0.9549857549857549,0.875,1.0
6650,6,4,51,0.9551728416831573,0.9549857549857549,0.875,0.0
6651,6,4,52,0.9551728416831573,0.9549857549857549,0.875,0.0
6652,6,4,53,0.9551728416831573,0.9549857549857549,0.875,0.0
6653,6,4,54,0.9551728416831573,0.9549857549857549,0.875,0.0
6654,6,4,55,0.9551728416831573,0.9549857549857549,0.875,1.0
6655,6,4,56,0.9551728416831573,0.9549857549857549,0.875,2.0
6656,6,4,57,0.9551728416831573,0.9549857549857549,0.875,2.0
6657,6,4,58,0.9551728416831573,0.9549857549857549,0.875,2.0
6658,6,4,59,0.9551728416831573,0.9549857549857549,0.875,0.0
6659,6,4,60,0.9551728416831573,0.9549857549857549,0.875,2.0
6660,6,4,61,0.9551728416831573,0.9549857549857549,0.875,1.0
6661,6,4,62,0.9551728416831573,0.9549857549857549,0.875,1.0
6662,6,4,63,0.9551728416831573,0.9549857549857549,0.875,1.0
6663,6,4,64,0.9551728416831573,0.9549857549857549,0.875,1.0
6664,6,4,65,0.9551728416831573,0.9549857549857549,0.875,1.0
6665,6,4,66,0.9551728416831573,0.9549857549857549,0.875,0.0
6666,6,4,67,0.9551728416831573,0.9549857549857549,0.875,0.0
6667,6,4,68,0.9551728416831573,0.9549857549857549,0.875,0.0
6668,6,4,69,0.9551728416831573,0.9549857549857549,0.875,0.0
6669,6,4,70,0.9551728416831573,0.9549857549857549,0.875,1.0
6670,6,4,71,0.9551728416831573,0.9549857549857549,0.875,1.0
6671,6,4,72,0.9551728416831573,0.9549857549857549,0.875,0.0
6672,6,4,73,0.9551728416831573,0.9549857549857549,0.875,1.0
6673,6,4,74,0.9551728416831573,0.9549857549857549,0.875,1.0
6674,6,4,75,0.9551728416831573,0.9549857549857549,0.875,2.0
6675,6,4,76,0.9551728416831573,0.9549857549857549,0.875,3.0
6676,6,4,77,0.9551728416831573,0.9549857549857549,0.875,1.0
6677,6,4,78,0.9551728416831573,0.9549857549857549,0.875,1.0
6678,6,4,79,0.9551728416831573,0.9549857549857549,0.875,1.0
6679,6,4,80,0.9551728416831573,0.9549857549857549,0.875,0.0
6680,6,4,81,0.9551728416831573,0.9549857549857549,0.875,1.0
6681,6,4,82,0.9551728416831573,0.9549857549857549,0.875,0.0
6682,6,4,83,0.9551728416831573,0.9549857549857549,0.875,0.0
6683,6,4,84,0.9551728416831573,0.9549857549857549,0.875,0.0
6684,6,4,85,0.9551728416831573,0.9549857549857549,0.875,1.0
6685,6,4,86,0.9551728416831573,0.9549857549857549,0.875,3.0
6686,6,4,87,0.9551728416831573,0.9549857549857549,0.875,1.0
6687,6,4,88,0.9551728416831573,0.9549857549857549,0.875,3.0
6688,6,4,89,0.9551728416831573,0.9549857549857549,0.875,0.0
6689,6,4,90,0.9551728416831573,0.9549857549857549,0.875,0.0
6690,6,4,91,0.9551728416831573,0.9549857549857549,0.875,0.0
6691,6,4,92,0.9551728416831573,0.9549857549857549,0.875,3.0
6692,6,4,93,0.9551728416831573,0.9549857549857549,0.875,1.0
6693,6,4,94,0.9551728416831573,0.9549857549857549,0.875,0.0
6694,6,4,95,0.9551728416831573,0.9549857549857549,0.875,0.0
6695,6,4,96,0.9551728416831573,0.9549857549857549,0.875,2.0
6696,6,4,97,0.9551728416831573,0.9549857549857549,0.875,0.0
6697,6,4,98,0.9551728416831573,0.9549857549857549,0.875,1.0
6698,6,4,99,0.9551728416831573,0.9549857549857549,0.875,1.0
6699,6,4,100,0.9551728416831573,0.9549857549857549,0.875,0.0
6700,6,4,101,0.9551728416831573,0.9549857549857549,0.875,0.0
6701,6,4,102,0.9551728416831573,0.9549857549857549,0.875,3.0
6702,6,4,103,0.9551728416831573,0.9549857549857549,0.875,1.0
6703,6,4,104,0.9551728416831573,0.9549857549857549,0.875,1.0
6704,6,4,105,0.9551728416831573,0.9549857549857549,0.875,2.0
6705,6,4,106,0.9551728416831573,0.9549857549857549,0.875,2.0
6706,6,4,107,0.9551728416831573,0.9549857549857549,0.875,1.0
6707,6,4,108,0.9551728416831573,0.9549857549857549,0.875,0.0
6708,6,4,109,0.9551728416831573,0.9549857549857549,0.875,2.0
6709,6,4,110,0.9551728416831573,0.9549857549857549,0.875,0.0
6710,6,4,111,0.9551728416831573,0.9549857549857549,0.875,0.0
6711,6,4,112,0.9551728416831573,0.9549857549857549,0.875,0.0
6712,6,4,113,0.9551728416831573,0.9549857549857549,0.875,1.0
6713,6,4,114,0.9551728416831573,0.9549857549857549,0.875,1.0
6714,6,4,115,0.9551728416831573,0.9549857549857549,0.875,1.0
6715,6,4,116,0.9551728416831573,0.9549857549857549,0.875,1.0
6716,6,4,117,0.9551728416831573,0.9549857549857549,0.875,1.0
6717,6,4,118,0.9551728416831573,0.9549857549857549,0.875,3.0
6718,6,4,119,0.9551728416831573,0.9549857549857549,0.875,1.0
6719,6,4,120,0.9551728416831573,0.9549857549857549,0.875,1.0
6720,6,4,121,0.9551728416831573,0.9549857549857549,0.875,3.0
6721,6,4,122,0.9551728416831573,0.9549857549857549,0.875,0.0
6722,6,4,123,0.9551728416831573,0.9549857549857549,0.875,1.0
6723,6,4,124,0.9551728416831573,0.9549857549857549,0.875,0.0
6724,6,4,125,0.9551728416831573,0.9549857549857549,0.875,0.0
6725,6,4,126,0.9551728416831573,0.9549857549857549,0.875,0.0
6726,6,4,127,0.9551728416831573,0.9549857549857549,0.875,1.0
6727,6,4,128,0.9551728416831573,0.9549857549857549,0.875,0.0
6728,6,4,129,0.9551728416831573,0.9549857549857549,0.875,2.0
6729,6,4,130,0.9551728416831573,0.9549857549857549,0.875,1.0
6730,6,4,131,0.9551728416831573,0.9549857549857549,0.875,0.0
6731,6,4,132,0.9551728416831573,0.9549857549857549,0.875,1.0
6732,6,4,133,0.9551728416831573,0.9549857549857549,0.875,0.0
6733,6,4,134,0.9551728416831573,0.9549857549857549,0.875,1.0
6734,6,4,135,0.9551728416831573,0.9549857549857549,0.875,3.0
6735,6,4,136,0.9551728416831573,0.9549857549857549,0.875,3.0
6736,6,4,137,0.9551728416831573,0.9549857549857549,0.875,2.0
6737,6,4,138,0.9551728416831573,0.9549857549857549,0.875,0.0
6738,6,4,139,0.9551728416831573,0.9549857549857549,0.875,1.0
6739,6,4,140,0.9551728416831573,0.9549857549857549,0.875,0.0
6740,6,4,141,0.9551728416831573,0.9549857549857549,0.875,0.0
6741,6,4,142,0.9551728416831573,0.9549857549857549,0.875,0.0
6742,6,4,143,0.9551728416831573,0.9549857549857549,0.875,0.0
6743,6,4,144,0.9551728416831573,0.9549857549857549,0.875,1.0
6744,6,4,145,0.9551728416831573,0.9549857549857549,0.875,1.0
6745,6,4,146,0.9551728416831573,0.9549857549857549,0.875,1.0
6746,6,4,147,0.9551728416831573,0.9549857549857549,0.875,0.0
6747,6,4,148,0.9551728416831573,0.9549857549857549,0.875,1.0
6748,6,4,149,0.9551728416831573,0.9549857549857549,0.875,2.0
6749,6,4,150,0.9551728416831573,0.9549857549857549,0.875,2.0
6750,6,4,151,0.9551728416831573,0.9549857549857549,0.875,2.0
6751,6,4,152,0.9551728416831573,0.9549857549857549,0.875,1.0
6752,6,4,153,0.9551728416831573,0.9549857549857549,0.875,2.0
6753,6,4,154,0.9551728416831573,0.9549857549857549,0.875,1.0
6754,6,4,155,0.9551728416831573,0.9549857549857549,0.875,1.0
6755,6,4,156,0.9551728416831573,0.9549857549857549,0.875,0.0
6756,6,4,157,0.9551728416831573,0.9549857549857549,0.875,0.0
6757,6,4,158,0.9551728416831573,0.9549857549857549,0.875,0.0
6758,6,4,159,0.9551728416831573,0.9549857549857549,0.875,2.0
6759,6,4,160,0.9551728416831573,0.9549857549857549,0.875,0.0
6760,6,4,161,0.9551728416831573,0.9549857549857549,0.875,0.0
6761,6,4,162,0.9551728416831573,0.9549857549857549,0.875,0.0
6762,6,4,163,0.9551728416831573,0.9549857549857549,0.875,0.0
6763,6,4,164,0.9551728416831573,0.9549857549857549,0.875,5.0
6764,6,4,165,0.9551728416831573,0.9549857549857549,0.875,0.0
6765,6,4,166,0.9551728416831573,0.9549857549857549,0.875,2.0
6766,6,4,167,0.9551728416831573,0.9549857549857549,0.875,1.0
6767,6,4,168,0.9551728416831573,0.9549857549857549,0.875,1.0
6768,6,4,169,0.9551728416831573,0.9549857549857549,0.875,1.0
6769,6,4,170,0.9551728416831573,0.9549857549857549,0.875,1.0
6770,6,4,171,0.9551728416831573,0.9549857549857549,0.875,1.0
6771,6,4,172,0.9551728416831573,0.9549857549857549,0.875,0.0
6772,6,4,173,0.9551728416831573,0.9549857549857549,0.875,1.0
6773,6,4,174,0.9551728416831573,0.9549857549857549,0.875,1.0
6774,6,4,175,0.9551728416831573,0.9549857549857549,0.875,0.0
6775,6,4,176,0.9551728416831573,0.9549857549857549,0.875,0.0
6776,6,4,177,0.9551728416831573,0.9549857549857549,0.875,0.0
6777,6,4,178,0.9551728416831573,0.9549857549857549,0.875,1.0
6778,6,4,179,0.9551728416831573,0.9549857549857549,0.875,1.0
6779,6,4,180,0.9551728416831573,0.9549857549857549,0.875,2.0
6780,6,4,181,0.9551728416831573,0.9549857549857549,0.875,0.0
6781,6,4,182,0.9551728416831573,0.9549857549857549,0.875,2.0
6782,6,4,183,0.9551728416831573,0.9549857549857549,0.875,1.0
6783,6,4,184,0.9551728416831573,0.9549857549857549,0.875,2.0
6784,6,4,185,0.9551728416831573,0.9549857549857549,0.875,0.0
6785,6,4,186,0.9551728416831573,0.9549857549857549,0.875,1.0
6786,6,4,187,0.9551728416831573,0.9549857549857549,0.875,2.0
6787,6,4,188,0.9551728416831573,0.9549857549857549,0.875,0.0
6788,6,4,189,0.9551728416831573,0.9549857549857549,0.875,2.0
6789,6,4,190,0.9551728416831573,0.9549857549857549,0.875,1.0
6790,6,4,191,0.9551728416831573,0.9549857549857549,0.875,0.0
6791,6,4,192,0.9551728416831573,0.9549857549857549,0.875,2.0
6792,6,4,193,0.9551728416831573,0.9549857549857549,0.875,0.0
6793,6,4,194,0.9551728416831573,0.9549857549857549,0.875,0.0
6794,6,4,195,0.9551728416831573,0.9549857549857549,0.875,2.0
6795,6,4,196,0.9551728416831573,0.9549857549857549,0.875,1.0
6796,6,4,197,0.9551728416831573,0.9549857549857549,0.875,0.0
6797,6,4,198,0.9551728416831573,0.9549857549857549,0.875,1.0
6798,6,4,199,0.9551728416831573,0.9549857549857549,0.875,2.0
6799,6,4,200,0.9551728416831573,0.9549857549857549,0.875,0.0
6800,6,5,1,0.9468716139644539,0.9228994708994709,0.9090909090909091,0.0
6801,6,5,2,0.9455432120535276,0.9297777777777778,0.9142857142857143,0.0
6802,6,5,3,0.9455432120535276,0.9297777777777778,0.9142857142857143,0.0
6803,6,5,4,0.9455432120535276,0.9297777777777778,0.9142857142857143,0.0
6804,6,5,5,0.9455432120535276,0.9297777777777778,0.9142857142857143,0.0
6805,6,5,6,0.9511497360086756,0.9315148555148556,0.8823529411764706,0.0
6806,6,5,7,0.9511497360086756,0.9315148555148556,0.8823529411764706,0.0
6807,6,5,8,0.9511497360086756,0.9315148555148556,0.8823529411764706,0.0
6808,6,5,9,0.9511497360086756,0.9315148555148556,0.8823529411764706,0.0
6809,6,5,10,0.9511497360086756,0.9315148555148556,0.8823529411764706,0.0
6810,6,5,11,0.9511497360086756,0.9315148555148556,0.8823529411764706,0.0
6811,6,5,12,0.9511497360086756,0.9315148555148556,0.8823529411764706,0.0
6812,6,5,13,0.9511497360086756,0.9315148555148556,0.8823529411764706,1.0
6813,6,5,14,0.9511497360086756,0.9315148555148556,0.8823529411764706,0.0
6814,6,5,15,0.9511497360086756,0.9315148555148556,0.8823529411764706,0.0
6815,6,5,16,0.9511497360086756,0.9315148555148556,0.8823529411764706,0.0
6816,6,5,17,0.9511497360086756,0.9315148555148556,0.8823529411764706,1.0
6817,6,5,18,0.9511497360086756,0.9315148555148556,0.8823529411764706,0.0
6818,6,5,19,0.9511497360086756,0.9315148555148556,0.8823529411764706,0.0
6819,6,5,20,0.9511497360086756,0.9315148555148556,0.8823529411764706,0.0
6820,6,5,21,0.9511497360086756,0.9315148555148556,0.8823529411764706,1.0
6821,6,5,22,0.9511497360086756,0.9315148555148556,0.8823529411764706,1.0
6822,6,5,23,0.9511497360086756,0.9315148555148556,0.8823529411764706,1.0
6823,6,5,24,0.9511497360086756,0.9315148555148556,0.8823529411764706,1.0
6824,6,5,25,0.9511497360086756,0.9315148555148556,0.8823529411764706,1.0
6825,6,5,26,0.9511497360086756,0.9315148555148556,0.8823529411764706,0.0
6826,6,5,27,0.9511497360086756,0.9315148555148556,0.8823529411764706,2.0
6827,6,5,28,0.9511497360086756,0.9315148555148556,0.8823529411764706,0.0
6828,6,5,29,0.9511497360086756,0.9315148555148556,0.8823529411764706,1.0
6829,6,5,30,0.9551728416831573,0.9383931623931623,0.9142857142857143,1.0
6830,6,5,31,0.9551728416831573,0.9383931623931623,0.9142857142857143,1.0
6831,6,5,32,0.9551728416831573,0.9383931623931623,0.9142857142857143,0.0
6832,6,5,33,0.9551728416831573,0.9383931623931623,0.9142857142857143,1.0
6833,6,5,34,0.9551728416831573,0.9383931623931623,0.9142857142857143,1.0
6834,6,5,35,0.9551728416831573,0.9383931623931623,0.9142857142857143,1.0
6835,6,5,36,0.9551728416831573,0.9383931623931623,0.9142857142857143,0.0
6836,6,5,37,0.9551728416831573,0.9383931623931623,0.9142857142857143,1.0
6837,6,5,38,0.9551728416831573,0.9383931623931623,0.9142857142857143,1.0
6838,6,5,39,0.9551728416831573,0.9383931623931623,0.9142857142857143,1.0
6839,6,5,40,0.9551728416831573,0.9383931623931623,0.9142857142857143,0.0
6840,6,5,41,0.9551728416831573,0.9383931623931623,0.9142857142857143,0.0
6841,6,5,42,0.9551728416831573,0.9383931623931623,0.9142857142857143,2.0
6842,6,5,43,0.9551728416831573,0.9383931623931623,0.9142857142857143,1.0
6843,6,5,44,0.9551728416831573,0.9383931623931623,0.9142857142857143,0.0
6844,6,5,45,0.9551728416831573,0.9383931623931623,0.9142857142857143,0.0
6845,6,5,46,0.9551728416831573,0.9383931623931623,0.9142857142857143,3.0
6846,6,5,47,0.9551728416831573,0.9383931623931623,0.9142857142857143,2.0
6847,6,5,48,0.9551728416831573,0.9383931623931623,0.9142857142857143,1.0
6848,6,5,49,0.9551728416831573,0.9383931623931623,0.9142857142857143,0.0
6849,6,5,50,0.9551728416831573,0.9383931623931623,0.9142857142857143,0.0
6850,6,5,51,0.9551728416831573,0.9383931623931623,0.9142857142857143,1.0
6851,6,5,52,0.9551728416831573,0.9383931623931623,0.9142857142857143,2.0
6852,6,5,53,0.9551728416831573,0.9383931623931623,0.9142857142857143,0.0
6853,6,5,54,0.9551728416831573,0.9383931623931623,0.9142857142857143,0.0
6854,6,5,55,0.9551728416831573,0.9383931623931623,0.9142857142857143,0.0
6855,6,5,56,0.9551728416831573,0.9383931623931623,0.9142857142857143,0.0
6856,6,5,57,0.9551728416831573,0.9383931623931623,0.9142857142857143,2.0
6857,6,5,58,0.9551728416831573,0.9383931623931623,0.9142857142857143,1.0
6858,6,5,59,0.9551728416831573,0.9383931623931623,0.9142857142857143,3.0
6859,6,5,60,0.9551728416831573,0.9383931623931623,0.9142857142857143,0.0
6860,6,5,61,0.9551728416831573,0.9383931623931623,0.9142857142857143,0.0
6861,6,5,62,0.9551728416831573,0.9383931623931623,0.9142857142857143,0.0
6862,6,5,63,0.9551728416831573,0.9383931623931623,0.9142857142857143,1.0
6863,6,5,64,0.9551728416831573,0.9383931623931623,0.9142857142857143,1.0
6864,6,5,65,0.9551728416831573,0.9383931623931623,0.9142857142857143,3.0
6865,6,5,66,0.9551728416831573,0.9383931623931623,0.9142857142857143,1.0
6866,6,5,67,0.9551728416831573,0.9383931623931623,0.9142857142857143,0.0
6867,6,5,68,0.9551728416831573,0.9383931623931623,0.9142857142857143,1.0
6868,6,5,69,0.9551728416831573,0.9383931623931623,0.9142857142857143,1.0
6869,6,5,70,0.9551728416831573,0.9383931623931623,0.9142857142857143,0.0
6870,6,5,71,0.9551728416831573,0.9383931623931623,0.9142857142857143,1.0
6871,6,5,72,0.9551728416831573,0.9383931623931623,0.9142857142857143,3.0
6872,6,5,73,0.9551728416831573,0.9383931623931623,0.9142857142857143,0.0
6873,6,5,74,0.9551728416831573,0.9383931623931623,0.9142857142857143,0.0
6874,6,5,75,0.9551728416831573,0.9383931623931623,0.9142857142857143,2.0
6875,6,5,76,0.9551728416831573,0.9383931623931623,0.9142857142857143,1.0
6876,6,5,77,0.9551728416831573,0.9383931623931623,0.9142857142857143,1.0
6877,6,5,78,0.9551728416831573,0.9383931623931623,0.9142857142857143,1.0
6878,6,5,79,0.9551728416831573,0.9383931623931623,0.9142857142857143,0.0
6879,6,5,80,0.9551728416831573,0.9383931623931623,0.9142857142857143,0.0
6880,6,5,81,0.9551728416831573,0.9383931623931623,0.9142857142857143,2.0
6881,6,5,82,0.9551728416831573,0.9383931623931623,0.9142857142857143,1.0
6882,6,5,83,0.9551728416831573,0.9383931623931623,0.9142857142857143,4.0
6883,6,5,84,0.9551728416831573,0.9383931623931623,0.9142857142857143,0.0
6884,6,5,85,0.9551728416831573,0.9383931623931623,0.9142857142857143,0.0
6885,6,5,86,0.9551728416831573,0.9383931623931623,0.9142857142857143,1.0
6886,6,5,87,0.9551728416831573,0.9383931623931623,0.9142857142857143,0.0
6887,6,5,88,0.9551728416831573,0.9383931623931623,0.9142857142857143,2.0
6888,6,5,89,0.9551728416831573,0.9383931623931623,0.9142857142857143,1.0
6889,6,5,90,0.9551728416831573,0.9383931623931623,0.9142857142857143,1.0
6890,6,5,91,0.9551728416831573,0.9383931623931623,0.9142857142857143,0.0
6891,6,5,92,0.9551728416831573,0.9383931623931623,0.9142857142857143,0.0
6892,6,5,93,0.9551728416831573,0.9383931623931623,0.9142857142857143,1.0
6893,6,5,94,0.9551728416831573,0.9383931623931623,0.9142857142857143,3.0
6894,6,5,95,0.9551728416831573,0.9383931623931623,0.9142857142857143,0.0
6895,6,5,96,0.9551728416831573,0.9383931623931623,0.9142857142857143,1.0
6896,6,5,97,0.9551728416831573,0.9383931623931623,0.9142857142857143,2.0
6897,6,5,98,0.9551728416831573,0.9383931623931623,0.9142857142857143,1.0
6898,6,5,99,0.9551728416831573,0.9383931623931623,0.9142857142857143,2.0
6899,6,5,100,0.9551728416831573,0.9383931623931623,0.9142857142857143,1.0
6900,6,5,101,0.9551728416831573,0.9383931623931623,0.9142857142857143,1.0
6901,6,5,102,0.9551728416831573,0.9383931623931623,0.9142857142857143,1.0
6902,6,5,103,0.9551728416831573,0.9383931623931623,0.9142857142857143,1.0
6903,6,5,104,0.9551728416831573,0.9383931623931623,0.9142857142857143,0.0
6904,6,5,105,0.9551728416831573,0.9383931623931623,0.9142857142857143,0.0
6905,6,5,106,0.9551728416831573,0.9383931623931623,0.9142857142857143,0.0
6906,6,5,107,0.9551728416831573,0.9383931623931623,0.9142857142857143,0.0
6907,6,5,108,0.9551728416831573,0.9383931623931623,0.9142857142857143,1.0
6908,6,5,109,0.9551728416831573,0.9383931623931623,0.9142857142857143,0.0
6909,6,5,110,0.9551728416831573,0.9383931623931623,0.9142857142857143,2.0
6910,6,5,111,0.9551728416831573,0.9383931623931623,0.9142857142857143,1.0
6911,6,5,112,0.9551728416831573,0.9383931623931623,0.9142857142857143,3.0
6912,6,5,113,0.9551728416831573,0.9383931623931623,0.9142857142857143,0.0
6913,6,5,114,0.9551728416831573,0.9383931623931623,0.9142857142857143,2.0
6914,6,5,115,0.9551728416831573,0.9383931623931623,0.9142857142857143,1.0
6915,6,5,116,0.9551728416831573,0.9383931623931623,0.9142857142857143,1.0
6916,6,5,117,0.9551728416831573,0.9383931623931623,0.9142857142857143,0.0
6917,6,5,118,0.9551728416831573,0.9383931623931623,0.9142857142857143,1.0
6918,6,5,119,0.9551728416831573,0.9383931623931623,0.9142857142857143,2.0
6919,6,5,120,0.9551728416831573,0.9383931623931623,0.9142857142857143,0.0
6920,6,5,121,0.9551728416831573,0.9383931623931623,0.9142857142857143,0.0
6921,6,5,122,0.9551728416831573,0.9383931623931623,0.9142857142857143,0.0
6922,6,5,123,0.9551728416831573,0.9383931623931623,0.9142857142857143,0.0
6923,6,5,124,0.9551728416831573,0.9383931623931623,0.9142857142857143,0.0
6924,6,5,125,0.9551728416831573,0.9383931623931623,0.9142857142857143,3.0
6925,6,5,126,0.9551728416831573,0.9383931623931623,0.9142857142857143,1.0
6926,6,5,127,0.9551728416831573,0.9383931623931623,0.9142857142857143,2.0
6927,6,5,128,0.9551728416831573,0.9383931623931623,0.9142857142857143,2.0
6928,6,5,129,0.9551728416831573,0.9383931623931623,0.9142857142857143,1.0
6929,6,5,130,0.9551728416831573,0.9383931623931623,0.9142857142857143,1.0
6930,6,5,131,0.9551728416831573,0.9383931623931623,0.9142857142857143,3.0
6931,6,5,132,0.9551728416831573,0.9383931623931623,0.9142857142857143,0.0
6932,6,5,133,0.9551728416831573,0.9383931623931623,0.9142857142857143,1.0
6933,6,5,134,0.9551728416831573,0.9383931623931623,0.9142857142857143,0.0
6934,6,5,135,0.9551728416831573,0.9383931623931623,0.9142857142857143,1.0
6935,6,5,136,0.9551728416831573,0.9383931623931623,0.9142857142857143,0.0
6936,6,5,137,0.9551728416831573,0.9383931623931623,0.9142857142857143,0.0
6937,6,5,138,0.9551728416831573,0.9383931623931623,0.9142857142857143,0.0
6938,6,5,139,0.9551728416831573,0.9383931623931623,0.9142857142857143,0.0
6939,6,5,140,0.9551728416831573,0.9383931623931623,0.9142857142857143,2.0
6940,6,5,141,0.9551728416831573,0.9383931623931623,0.9142857142857143,3.0
6941,6,5,142,0.9551728416831573,0.9383931623931623,0.9142857142857143,2.0
6942,6,5,143,0.9551728416831573,0.9383931623931623,0.9142857142857143,2.0
6943,6,5,144,0.9551728416831573,0.9383931623931623,0.9142857142857143,1.0
6944,6,5,145,0.9551728416831573,0.9383931623931623,0.9142857142857143,0.0
6945,6,5,146,0.9551728416831573,0.9383931623931623,0.9142857142857143,0.0
6946,6,5,147,0.9551728416831573,0.9383931623931623,0.9142857142857143,2.0
6947,6,5,148,0.9551728416831573,0.9383931623931623,0.9142857142857143,1.0
6948,6,5,149,0.9551728416831573,0.9383931623931623,0.9142857142857143,1.0
6949,6,5,150,0.9551728416831573,0.9383931623931623,0.9142857142857143,0.0
6950,6,5,151,0.9551728416831573,0.9383931623931623,0.9142857142857143,1.0
6951,6,5,152,0.9551728416831573,0.9383931623931623,0.9142857142857143,0.0
6952,6,5,153,0.9551728416831573,0.9383931623931623,0.9142857142857143,2.0
6953,6,5,154,0.9551728416831573,0.9383931623931623,0.9142857142857143,0.0
6954,6,5,155,0.9551728416831573,0.9383931623931623,0.9142857142857143,0.0
6955,6,5,156,0.9551728416831573,0.9383931623931623,0.9142857142857143,1.0
6956,6,5,157,0.9551728416831573,0.9383931623931623,0.9142857142857143,1.0
6957,6,5,158,0.9551728416831573,0.9383931623931623,0.9142857142857143,2.0
6958,6,5,159,0.9551728416831573,0.9383931623931623,0.9142857142857143,2.0
6959,6,5,160,0.9551728416831573,0.9383931623931623,0.9142857142857143,1.0
6960,6,5,161,0.9551728416831573,0.9383931623931623,0.9142857142857143,2.0
6961,6,5,162,0.9551728416831573,0.9383931623931623,0.9142857142857143,0.0
6962,6,5,163,0.9551728416831573,0.9383931623931623,0.9142857142857143,1.0
6963,6,5,164,0.9551728416831573,0.9383931623931623,0.9142857142857143,1.0
6964,6,5,165,0.9551728416831573,0.9383931623931623,0.9142857142857143,0.0
6965,6,5,166,0.9551728416831573,0.9383931623931623,0.9142857142857143,1.0
6966,6,5,167,0.9551728416831573,0.9383931623931623,0.9142857142857143,1.0
6967,6,5,168,0.9551728416831573,0.9383931623931623,0.9142857142857143,0.0
6968,6,5,169,0.9551728416831573,0.9383931623931623,0.9142857142857143,2.0
6969,6,5,170,0.9551728416831573,0.9383931623931623,0.9142857142857143,0.0
6970,6,5,171,0.9551728416831573,0.9383931623931623,0.9142857142857143,1.0
6971,6,5,172,0.9551728416831573,0.9383931623931623,0.9142857142857143,1.0
6972,6,5,173,0.9551728416831573,0.9383931623931623,0.9142857142857143,2.0
6973,6,5,174,0.9551728416831573,0.9383931623931623,0.9142857142857143,0.0
6974,6,5,175,0.9551728416831573,0.9383931623931623,0.9142857142857143,2.0
6975,6,5,176,0.9551728416831573,0.9383931623931623,0.9142857142857143,3.0
6976,6,5,177,0.9551728416831573,0.9383931623931623,0.9142857142857143,0.0
6977,6,5,178,0.9551728416831573,0.9383931623931623,0.9142857142857143,0.0
6978,6,5,179,0.9551728416831573,0.9383931623931623,0.9142857142857143,0.0
6979,6,5,180,0.9551728416831573,0.9383931623931623,0.9142857142857143,0.0
6980,6,5,181,0.9551728416831573,0.9383931623931623,0.9142857142857143,1.0
6981,6,5,182,0.9551728416831573,0.9383931623931623,0.9142857142857143,0.0
6982,6,5,183,0.9551728416831573,0.9383931623931623,0.9142857142857143,2.0
6983,6,5,184,0.9551728416831573,0.9383931623931623,0.9142857142857143,4.0
6984,6,5,185,0.9551728416831573,0.9383931623931623,0.9142857142857143,0.0
6985,6,5,186,0.9551728416831573,0.9383931623931623,0.9142857142857143,0.0
6986,6,5,187,0.9551728416831573,0.9383931623931623,0.9142857142857143,1.0
6987,6,5,188,0.9551728416831573,0.9383931623931623,0.9142857142857143,0.0
6988,6,5,189,0.9551728416831573,0.9383931623931623,0.9142857142857143,2.0
6989,6,5,190,0.9551728416831573,0.9383931623931623,0.9142857142857143,1.0
6990,6,5,191,0.9551728416831573,0.9383931623931623,0.9142857142857143,3.0
6991,6,5,192,0.9551728416831573,0.9383931623931623,0.9142857142857143,1.0
6992,6,5,193,0.9551728416831573,0.9383931623931623,0.9142857142857143,0.0
6993,6,5,194,0.9551728416831573,0.9383931623931623,0.9142857142857143,0.0
6994,6,5,195,0.9551728416831573,0.9383931623931623,0.9142857142857143,0.0
6995,6,5,196,0.9551728416831573,0.9383931623931623,0.9142857142857143,2.0
6996,6,5,197,0.9551728416831573,0.9383931623931623,0.9142857142857143,1.0
6997,6,5,198,0.9551728416831573,0.9383931623931623,0.9142857142857143,1.0
6998,6,5,199,0.9551728416831573,0.9383931623931623,0.9142857142857143,0.0
6999,6,5,200,0.9551728416831573,0.9383931623931623,0.9142857142857143,2.0
7000,7,1,1,0.9352249215740527,0.9166593406593406,0.9411764705882353,0.0
7001,7,1,2,0.9387753815088967,0.9240439560439562,0.9090909090909091,0.0
7002,7,1,3,0.9387753815088967,0.9240439560439562,0.9090909090909091,0.0
7003,7,1,4,0.9387753815088967,0.9240439560439562,0.9090909090909091,0.0
7004,7,1,5,0.9387753815088967,0.9240439560439562,0.9090909090909091,0.0
7005,7,1,6,0.9387753815088967,0.9240439560439562,0.9090909090909091,0.0
7006,7,1,7,0.9428820016253441,0.9246365486365485,0.875,0.0
7007,7,1,8,0.9428820016253441,0.9246365486365485,0.875,0.0
7008,7,1,9,0.9428820016253441,0.9246365486365485,0.875,0.0
7009,7,1,10,0.9428820016253441,0.9246365486365485,0.875,0.0
7010,7,1,11,0.9428820016253441,0.9246365486365485,0.875,0.0
7011,7,1,12,0.9428820016253441,0.9246365486365485,0.875,0.0
7012,7,1,13,0.9428820016253441,0.9246365486365485,0.875,0.0
7013,7,1,14,0.9428820016253441,0.9246365486365485,0.875,1.0
7014,7,1,15,0.9428820016253441,0.9246365486365485,0.875,0.0
7015,7,1,16,0.9428820016253441,0.9246365486365485,0.875,0.0
7016,7,1,17,0.9428820016253441,0.9246365486365485,0.875,0.0
7017,7,1,18,0.9428820016253441,0.9246365486365485,0.875,1.0
7018,7,1,19,0.9428820016253441,0.9246365486365485,0.875,1.0
7019,7,1,20,0.9428820016253441,0.9246365486365485,0.875,0.0
7020,7,1,21,0.9428820016253441,0.9246365486365485,0.875,2.0
7021,7,1,22,0.9428820016253441,0.9246365486365485,0.875,0.0
7022,7,1,23,0.9428820016253441,0.9246365486365485,0.875,1.0
7023,7,1,24,0.9428820016253441,0.9246365486365485,0.875,0.0
7024,7,1,25,0.9428820016253441,0.9246365486365485,0.875,1.0
7025,7,1,26,0.9428820016253441,0.9246365486365485,0.875,0.0
7026,7,1,27,0.9428820016253441,0.9246365486365485,0.875,0.0
7027,7,1,28,0.9428820016253441,0.9320211640211639,0.875,0.0
7028,7,1,29,0.9428820016253441,0.9320211640211639,0.875,2.0
7029,7,1,30,0.9428820016253441,0.9320211640211639,0.875,1.0
7030,7,1,31,0.9428820016253441,0.9320211640211639,0.875,1.0
7031,7,1,32,0.9428820016253441,0.9320211640211639,0.875,1.0
7032,7,1,33,0.9428820016253441,0.9320211640211639,0.875,1.0
7033,7,1,34,0.9428820016253441,0.9320211640211639,0.875,1.0
7034,7,1,35,0.9428820016253441,0.9320211640211639,0.875,0.0
7035,7,1,36,0.9428820016253441,0.9320211640211639,0.875,0.0
7036,7,1,37,0.9428820016253441,0.9320211640211639,0.875,3.0
7037,7,1,38,0.9428820016253441,0.9320211640211639,0.875,1.0
7038,7,1,39,0.9428820016253441,0.9320211640211639,0.875,0.0
7039,7,1,40,0.9428820016253441,0.9320211640211639,0.875,1.0
7040,7,1,41,0.9428820016253441,0.9320211640211639,0.875,1.0
7041,7,1,42,0.9428820016253441,0.9320211640211639,0.875,2.0
7042,7,1,43,0.9428820016253441,0.9320211640211639,0.875,1.0
7043,7,1,44,0.9428820016253441,0.9320211640211639,0.875,1.0
7044,7,1,45,0.9428820016253441,0.9320211640211639,0.875,1.0
7045,7,1,46,0.9428820016253441,0.9320211640211639,0.875,1.0
7046,7,1,47,0.9428820016253441,0.9320211640211639,0.875,0.0
7047,7,1,48,0.9428820016253441,0.9320211640211639,0.875,0.0
7048,7,1,49,0.9428820016253441,0.9320211640211639,0.875,1.0
7049,7,1,50,0.9428820016253441,0.9320211640211639,0.875,3.0
7050,7,1,51,0.9428820016253441,0.9320211640211639,0.875,1.0
7051,7,1,52,0.9428820016253441,0.9320211640211639,0.875,0.0
7052,7,1,53,0.9428820016253441,0.9320211640211639,0.875,0.0
7053,7,1,54,0.9428820016253441,0.9320211640211639,0.875,3.0
7054,7,1,55,0.9428820016253441,0.9320211640211639,0.875,0.0
7055,7,1,56,0.9428820016253441,0.9320211640211639,0.875,1.0
7056,7,1,57,0.9428820016253441,0.9320211640211639,0.875,1.0
7057,7,1,58,0.9428820016253441,0.9320211640211639,0.875,0.0
7058,7,1,59,0.9428820016253441,0.9320211640211639,0.875,2.0
7059,7,1,60,0.9428820016253441,0.9320211640211639,0.875,1.0
7060,7,1,61,0.9428820016253441,0.9320211640211639,0.875,0.0
7061,7,1,62,0.9428820016253441,0.9320211640211639,0.875,0.0
7062,7,1,63,0.9428820016253441,0.9320211640211639,0.875,0.0
7063,7,1,64,0.9428820016253441,0.9320211640211639,0.875,3.0
7064,7,1,65,0.9428820016253441,0.9320211640211639,0.875,1.0
7065,7,1,66,0.9428820016253441,0.9320211640211639,0.875,1.0
7066,7,1,67,0.9428820016253441,0.9320211640211639,0.875,0.0
7067,7,1,68,0.9428820016253441,0.9320211640211639,0.875,2.0
7068,7,1,69,0.9428820016253441,0.9320211640211639,0.875,1.0
7069,7,1,70,0.9428820016253441,0.9320211640211639,0.875,2.0
7070,7,1,71,0.9428820016253441,0.9320211640211639,0.875,2.0
7071,7,1,72,0.9428820016253441,0.9320211640211639,0.875,0.0
7072,7,1,73,0.9428820016253441,0.9320211640211639,0.875,1.0
7073,7,1,74,0.9428820016253441,0.9320211640211639,0.875,0.0
7074,7,1,75,0.9428820016253441,0.9320211640211639,0.875,0.0
7075,7,1,76,0.9428820016253441,0.9320211640211639,0.875,1.0
7076,7,1,77,0.9428820016253441,0.9320211640211639,0.875,1.0
7077,7,1,78,0.9428820016253441,0.9320211640211639,0.875,0.0
7078,7,1,79,0.9428820016253441,0.9320211640211639,0.875,2.0
7079,7,1,80,0.9428820016253441,0.9320211640211639,0.875,1.0
7080,7,1,81,0.9428820016253441,0.9320211640211639,0.875,2.0
7081,7,1,82,0.9428820016253441,0.9320211640211639,0.875,0.0
7082,7,1,83,0.9428820016253441,0.9320211640211639,0.875,2.0
7083,7,1,84,0.9428820016253441,0.9320211640211639,0.875,1.0
7084,7,1,85,0.9428820016253441,0.9320211640211639,0.875,1.0
7085,7,1,86,0.9428820016253441,0.9320211640211639,0.875,1.0
7086,7,1,87,0.9428820016253441,0.9320211640211639,0.875,0.0
7087,7,1,88,0.9428820016253441,0.9320211640211639,0.875,3.0
7088,7,1,89,0.9428820016253441,0.9320211640211639,0.875,0.0
7089,7,1,90,0.9428820016253441,0.9320211640211639,0.875,1.0
7090,7,1,91,0.9428820016253441,0.9320211640211639,0.875,0.0
7091,7,1,92,0.9428820016253441,0.9320211640211639,0.875,2.0
7092,7,1,93,0.9428820016253441,0.9320211640211639,0.875,1.0
7093,7,1,94,0.9428820016253441,0.9320211640211639,0.875,0.0
7094,7,1,95,0.9428820016253441,0.9320211640211639,0.875,1.0
7095,7,1,96,0.9428820016253441,0.9320211640211639,0.875,0.0
7096,7,1,97,0.9428820016253441,0.9320211640211639,0.875,0.0
7097,7,1,98,0.9428820016253441,0.9320211640211639,0.875,1.0
7098,7,1,99,0.9428820016253441,0.9320211640211639,0.875,1.0
7099,7,1,100,0.9428820016253441,0.9320211640211639,0.875,2.0
7100,7,1,101,0.9428820016253441,0.9320211640211639,0.875,2.0
7101,7,1,102,0.9428820016253441,0.9320211640211639,0.875,1.0
7102,7,1,103,0.9428820016253441,0.9320211640211639,0.875,1.0
7103,7,1,104,0.9428820016253441,0.9320211640211639,0.875,0.0
7104,7,1,105,0.9428820016253441,0.9320211640211639,0.875,0.0
7105,7,1,106,0.9428820016253441,0.9320211640211639,0.875,1.0
7106,7,1,107,0.9428820016253441,0.9320211640211639,0.875,4.0
7107,7,1,108,0.9428820016253441,0.9320211640211639,0.875,0.0
7108,7,1,109,0.9428820016253441,0.9320211640211639,0.875,1.0
7109,7,1,110,0.9428820016253441,0.9320211640211639,0.875,0.0
7110,7,1,111,0.9428820016253441,0.9320211640211639,0.875,2.0
7111,7,1,112,0.9428820016253441,0.9320211640211639,0.875,0.0
7112,7,1,113,0.9428820016253441,0.9320211640211639,0.875,0.0
7113,7,1,114,0.9428820016253441,0.9320211640211639,0.875,1.0
7114,7,1,115,0.9428820016253441,0.9320211640211639,0.875,0.0
7115,7,1,116,0.9428820016253441,0.9320211640211639,0.875,1.0
7116,7,1,117,0.9428820016253441,0.9320211640211639,0.875,2.0
7117,7,1,118,0.9428820016253441,0.9320211640211639,0.875,3.0
7118,7,1,119,0.9428820016253441,0.9320211640211639,0.875,0.0
7119,7,1,120,0.9428820016253441,0.9320211640211639,0.875,2.0
7120,7,1,121,0.9428820016253441,0.9320211640211639,0.875,1.0
7121,7,1,122,0.9428820016253441,0.9320211640211639,0.875,1.0
7122,7,1,123,0.9428820016253441,0.9320211640211639,0.875,2.0
7123,7,1,124,0.9428820016253441,0.9320211640211639,0.875,0.0
7124,7,1,125,0.9428820016253441,0.9320211640211639,0.875,0.0
7125,7,1,126,0.9428820016253441,0.9320211640211639,0.875,0.0
7126,7,1,127,0.9428820016253441,0.9320211640211639,0.875,2.0
7127,7,1,128,0.9428820016253441,0.9320211640211639,0.875,0.0
7128,7,1,129,0.9428820016253441,0.9320211640211639,0.875,1.0
7129,7,1,130,0.9428820016253441,0.9320211640211639,0.875,0.0
7130,7,1,131,0.9428820016253441,0.9320211640211639,0.875,2.0
7131,7,1,132,0.9428820016253441,0.9320211640211639,0.875,0.0
7132,7,1,133,0.9428820016253441,0.9320211640211639,0.875,3.0
7133,7,1,134,0.9428820016253441,0.9320211640211639,0.875,0.0
7134,7,1,135,0.9428820016253441,0.9320211640211639,0.875,3.0
7135,7,1,136,0.9428820016253441,0.9320211640211639,0.875,0.0
7136,7,1,137,0.9428820016253441,0.9320211640211639,0.875,3.0
7137,7,1,138,0.9428820016253441,0.9320211640211639,0.875,0.0
7138,7,1,139,0.9428820016253441,0.9320211640211639,0.875,0.0
7139,7,1,140,0.9428820016253441,0.9320211640211639,0.875,1.0
7140,7,1,141,0.9428820016253441,0.9320211640211639,0.875,0.0
7141,7,1,142,0.9428820016253441,0.9320211640211639,0.875,2.0
7142,7,1,143,0.9428820016253441,0.9320211640211639,0.875,1.0
7143,7,1,144,0.9428820016253441,0.9320211640211639,0.875,0.0
7144,7,1,145,0.9428820016253441,0.9320211640211639,0.875,1.0
7145,7,1,146,0.9428820016253441,0.9320211640211639,0.875,0.0
7146,7,1,147,0.9428820016253441,0.9320211640211639,0.875,1.0
7147,7,1,148,0.9428820016253441,0.9320211640211639,0.875,1.0
7148,7,1,149,0.9428820016253441,0.9320211640211639,0.875,0.0
7149,7,1,150,0.9428820016253441,0.9320211640211639,0.875,4.0
7150,7,1,151,0.9428820016253441,0.9320211640211639,0.875,1.0
7151,7,1,152,0.9428820016253441,0.9320211640211639,0.875,3.0
7152,7,1,153,0.9428820016253441,0.9320211640211639,0.875,0.0
7153,7,1,154,0.9428820016253441,0.9320211640211639,0.875,0.0
7154,7,1,155,0.9428820016253441,0.9320211640211639,0.875,0.0
7155,7,1,156,0.9428820016253441,0.9320211640211639,0.875,1.0
7156,7,1,157,0.9428820016253441,0.9320211640211639,0.875,2.0
7157,7,1,158,0.9428820016253441,0.9320211640211639,0.875,1.0
7158,7,1,159,0.9428820016253441,0.9320211640211639,0.875,0.0
7159,7,1,160,0.9428820016253441,0.9320211640211639,0.875,1.0
7160,7,1,161,0.9428820016253441,0.9320211640211639,0.875,1.0
7161,7,1,162,0.9428820016253441,0.9320211640211639,0.875,0.0
7162,7,1,163,0.9428820016253441,0.9320211640211639,0.875,1.0
7163,7,1,164,0.9428820016253441,0.9320211640211639,0.875,2.0
7164,7,1,165,0.9428820016253441,0.9320211640211639,0.875,1.0
7165,7,1,166,0.9428820016253441,0.9320211640211639,0.875,2.0
7166,7,1,167,0.9428820016253441,0.9320211640211639,0.875,1.0
7167,7,1,168,0.9428820016253441,0.9320211640211639,0.875,1.0
7168,7,1,169,0.9428820016253441,0.9320211640211639,0.875,0.0
7169,7,1,170,0.9428820016253441,0.9320211640211639,0.875,1.0
7170,7,1,171,0.9428820016253441,0.9320211640211639,0.875,0.0
7171,7,1,172,0.9428820016253441,0.9320211640211639,0.875,1.0
7172,7,1,173,0.9428820016253441,0.9320211640211639,0.875,1.0
7173,7,1,174,0.9428820016253441,0.9320211640211639,0.875,2.0
7174,7,1,175,0.9428820016253441,0.9320211640211639,0.875,1.0
7175,7,1,176,0.9428820016253441,0.9320211640211639,0.875,0.0
7176,7,1,177,0.9428820016253441,0.9320211640211639,0.875,1.0
7177,7,1,178,0.9428820016253441,0.9320211640211639,0.875,1.0
7178,7,1,179,0.9428820016253441,0.9320211640211639,0.875,3.0
7179,7,1,180,0.9428820016253441,0.9320211640211639,0.875,1.0
7180,7,1,181,0.9428820016253441,0.9320211640211639,0.875,2.0
7181,7,1,182,0.9428820016253441,0.9320211640211639,0.875,0.0
7182,7,1,183,0.9428820016253441,0.9320211640211639,0.875,1.0
7183,7,1,184,0.9428820016253441,0.9320211640211639,0.875,0.0
7184,7,1,185,0.9428820016253441,0.9320211640211639,0.875,1.0
7185,7,1,186,0.9428820016253441,0.9320211640211639,0.875,0.0
7186,7,1,187,0.9428820016253441,0.9320211640211639,0.875,1.0
7187,7,1,188,0.9428820016253441,0.9320211640211639,0.875,0.0
7188,7,1,189,0.9428820016253441,0.9320211640211639,0.875,1.0
7189,7,1,190,0.9428820016253441,0.9320211640211639,0.875,2.0
7190,7,1,191,0.9428820016253441,0.9320211640211639,0.875,0.0
7191,7,1,192,0.9428820016253441,0.9320211640211639,0.875,2.0
7192,7,1,193,0.9428820016253441,0.9320211640211639,0.875,1.0
7193,7,1,194,0.9428820016253441,0.9320211640211639,0.875,3.0
7194,7,1,195,0.9428820016253441,0.9320211640211639,0.875,0.0
7195,7,1,196,0.9428820016253441,0.9320211640211639,0.875,3.0
7196,7,1,197,0.9428820016253441,0.9320211640211639,0.875,0.0
7197,7,1,198,0.9428820016253441,0.9320211640211639,0.875,0.0
7198,7,1,199,0.9428820016253441,0.9320211640211639,0.875,1.0
7199,7,1,200,0.9428820016253441,0.9320211640211639,0.875,0.0
7200,7,2,1,0.9398299339720605,0.9055652973072329,0.9375,0.0
7201,7,2,2,0.9398299339720605,0.9055652973072329,0.9375,0.0
7202,7,2,3,0.9398299339720605,0.9055652973072329,0.9375,0.0
7203,7,2,4,0.9398299339720605,0.9055652973072329,0.9375,0.0
7204,7,2,5,0.9398299339720605,0.9055652973072329,0.9375,0.0
7205,7,2,6,0.9398299339720605,0.9055652973072329,0.9375,0.0
7206,7,2,7,0.9398299339720605,0.9055652973072329,0.9375,0.0
7207,7,2,8,0.9398299339720605,0.9055652973072329,0.9375,0.0
7208,7,2,9,0.9398299339720605,0.9055652973072329,0.9375,0.0
7209,7,2,10,0.9398299339720605,0.9055652973072329,0.9375,0.0
7210,7,2,11,0.9398299339720605,0.9055652973072329,0.9375,0.0
7211,7,2,12,0.9398299339720605,0.9055652973072329,0.9375,0.0
7212,7,2,13,0.9398299339720605,0.9055652973072329,0.9375,0.0
7213,7,2,14,0.9398299339720605,0.9055652973072329,0.9375,1.0
7214,7,2,15,0.9398299339720605,0.9055652973072329,0.9375,0.0
7215,7,2,16,0.9398299339720605,0.9055652973072329,0.9375,0.0
7216,7,2,17,0.9398299339720605,0.9055652973072329,0.9375,2.0
7217,7,2,18,0.9398299339720605,0.9055652973072329,0.9375,0.0
7218,7,2,19,0.9398299339720605,0.9055652973072329,0.9375,2.0
7219,7,2,20,0.9398299339720605,0.9055652973072329,0.9375,1.0
7220,7,2,21,0.9398299339720605,0.9055652973072329,0.9375,1.0
7221,7,2,22,0.9398299339720605,0.9055652973072329,0.9375,2.0
7222,7,2,23,0.9398299339720605,0.9055652973072329,0.9375,0.0
7223,7,2,24,0.9398299339720605,0.9055652973072329,0.9375,0.0
7224,7,2,25,0.9398299339720605,0.9055652973072329,0.9375,0.0
7225,7,2,26,0.9398299339720605,0.9055652973072329,0.9375,1.0
7226,7,2,27,0.9398299339720605,0.9055652973072329,0.9375,1.0
7227,7,2,28,0.9398299339720605,0.9055652973072329,0.9375,0.0
7228,7,2,29,0.9398299339720605,0.9055652973072329,0.9375,2.0
7229,7,2,30,0.9398299339720605,0.9055652973072329,0.9375,0.0
7230,7,2,31,0.9398299339720605,0.9055652973072329,0.9375,0.0
7231,7,2,32,0.9398299339720605,0.9055652973072329,0.9375,0.0
7232,7,2,33,0.9398299339720605,0.9055652973072329,0.9375,2.0
7233,7,2,34,0.9398299339720605,0.9055652973072329,0.9375,1.0
7234,7,2,35,0.9398299339720605,0.9055652973072329,0.9375,0.0
7235,7,2,36,0.9398299339720605,0.9055652973072329,0.9375,0.0
7236,7,2,37,0.9398299339720605,0.9055652973072329,0.9375,2.0
7237,7,2,38,0.9398299339720605,0.9055652973072329,0.9375,3.0
7238,7,2,39,0.9398299339720605,0.9055652973072329,0.9375,0.0
7239,7,2,40,0.9398299339720605,0.9055652973072329,0.9375,0.0
7240,7,2,41,0.9398299339720605,0.9055652973072329,0.9375,1.0
7241,7,2,42,0.9398299339720605,0.9055652973072329,0.9375,0.0
7242,7,2,43,0.9398299339720605,0.9055652973072329,0.9375,0.0
7243,7,2,44,0.9398299339720605,0.9055652973072329,0.9375,1.0
7244,7,2,45,0.9398299339720605,0.9055652973072329,0.9375,1.0
7245,7,2,46,0.9398299339720605,0.9055652973072329,0.9375,0.0
7246,7,2,47,0.9398299339720605,0.9055652973072329,0.9375,1.0
7247,7,2,48,0.9398299339720605,0.9055652973072329,0.9375,3.0
7248,7,2,49,0.9398299339720605,0.9055652973072329,0.9375,0.0
7249,7,2,50,0.9398299339720605,0.9055652973072329,0.9375,1.0
7250,7,2,51,0.9398299339720605,0.9055652973072329,0.9375,1.0
7251,7,2,52,0.9398299339720605,0.9055652973072329,0.9375,0.0
7252,7,2,53,0.9398299339720605,0.9055652973072329,0.9375,2.0
7253,7,2,54,0.9398299339720605,0.9055652973072329,0.9375,0.0
7254,7,2,55,0.9398299339720605,0.9055652973072329,0.9375,2.0
7255,7,2,56,0.9398299339720605,0.9055652973072329,0.9375,1.0
7256,7,2,57,0.9398299339720605,0.9055652973072329,0.9375,0.0
7257,7,2,58,0.9398299339720605,0.9055652973072329,0.9375,0.0
7258,7,2,59,0.9398299339720605,0.9055652973072329,0.9375,1.0
7259,7,2,60,0.9398299339720605,0.9055652973072329,0.9375,0.0
7260,7,2,61,0.9398299339720605,0.9055652973072329,0.9375,2.0
7261,7,2,62,0.9398299339720605,0.9055652973072329,0.9375,1.0
7262,7,2,63,0.9398299339720605,0.9055652973072329,0.9375,0.0
7263,7,2,64,0.9398299339720605,0.9055652973072329,0.9375,0.0
7264,7,2,65,0.9398299339720605,0.9055652973072329,0.9375,1.0
7265,7,2,66,0.9398299339720605,0.9055652973072329,0.9375,0.0
7266,7,2,67,0.9398299339720605,0.9055652973072329,0.9375,4.0
7267,7,2,68,0.9398299339720605,0.9129499126918482,0.9696969696969697,2.0
7268,7,2,69,0.9398299339720605,0.9129499126918482,0.9696969696969697,1.0
7269,7,2,70,0.9398299339720605,0.9129499126918482,0.9696969696969697,0.0
7270,7,2,71,0.9398299339720605,0.9129499126918482,0.9696969696969697,0.0
7271,7,2,72,0.9398299339720605,0.9129499126918482,0.9696969696969697,0.0
7272,7,2,73,0.9398299339720605,0.9129499126918482,0.9696969696969697,1.0
7273,7,2,74,0.9398299339720605,0.9129499126918482,0.9696969696969697,2.0
7274,7,2,75,0.9398299339720605,0.9129499126918482,0.9696969696969697,0.0
7275,7,2,76,0.9398299339720605,0.9129499126918482,0.9696969696969697,1.0
7276,7,2,77,0.9398299339720605,0.9129499126918482,0.9696969696969697,1.0
7277,7,2,78,0.9398299339720605,0.9129499126918482,0.9696969696969697,0.0
7278,7,2,79,0.9398299339720605,0.9129499126918482,0.9696969696969697,0.0
7279,7,2,80,0.9398299339720605,0.9129499126918482,0.9696969696969697,0.0
7280,7,2,81,0.9398299339720605,0.9129499126918482,0.9696969696969697,2.0
7281,7,2,82,0.9398299339720605,0.9129499126918482,0.9696969696969697,1.0
7282,7,2,83,0.9398299339720605,0.9129499126918482,0.9696969696969697,2.0
7283,7,2,84,0.9398299339720605,0.9129499126918482,0.9696969696969697,1.0
7284,7,2,85,0.9398299339720605,0.9129499126918482,0.9696969696969697,3.0
7285,7,2,86,0.9398299339720605,0.9129499126918482,0.9696969696969697,0.0
7286,7,2,87,0.9398299339720605,0.9129499126918482,0.9696969696969697,0.0
7287,7,2,88,0.9398299339720605,0.9129499126918482,0.9696969696969697,2.0
7288,7,2,89,0.9398299339720605,0.9129499126918482,0.9696969696969697,2.0
7289,7,2,90,0.9398299339720605,0.9129499126918482,0.9696969696969697,0.0
7290,7,2,91,0.9398299339720605,0.9129499126918482,0.9696969696969697,0.0
7291,7,2,92,0.9398299339720605,0.9129499126918482,0.9696969696969697,0.0
7292,7,2,93,0.9398299339720605,0.9129499126918482,0.9696969696969697,1.0
7293,7,2,94,0.9398299339720605,0.9129499126918482,0.9696969696969697,1.0
7294,7,2,95,0.9398299339720605,0.9129499126918482,0.9696969696969697,1.0
7295,7,2,96,0.9398299339720605,0.9129499126918482,0.9696969696969697,3.0
7296,7,2,97,0.9398299339720605,0.9129499126918482,0.9696969696969697,0.0
7297,7,2,98,0.9398299339720605,0.9129499126918482,0.9696969696969697,0.0
7298,7,2,99,0.9398299339720605,0.9129499126918482,0.9696969696969697,2.0
7299,7,2,100,0.9398299339720605,0.9129499126918482,0.9696969696969697,0.0
7300,7,2,101,0.9398299339720605,0.9129499126918482,0.9696969696969697,1.0
7301,7,2,102,0.9398299339720605,0.9129499126918482,0.9696969696969697,2.0
7302,7,2,103,0.9398299339720605,0.9129499126918482,0.9696969696969697,1.0
7303,7,2,104,0.9398299339720605,0.9129499126918482,0.9696969696969697,1.0
7304,7,2,105,0.9398299339720605,0.9129499126918482,0.9696969696969697,1.0
7305,7,2,106,0.9398299339720605,0.9129499126918482,0.9696969696969697,0.0
7306,7,2,107,0.9398299339720605,0.9129499126918482,0.9696969696969697,2.0
7307,7,2,108,0.9398299339720605,0.9129499126918482,0.9696969696969697,1.0
7308,7,2,109,0.9398299339720605,0.9129499126918482,0.9696969696969697,0.0
7309,7,2,110,0.9398299339720605,0.9129499126918482,0.9696969696969697,2.0
7310,7,2,111,0.9398299339720605,0.9129499126918482,0.9696969696969697,0.0
7311,7,2,112,0.9398299339720605,0.9129499126918482,0.9696969696969697,1.0
7312,7,2,113,0.9398299339720605,0.9129499126918482,0.9696969696969697,1.0
7313,7,2,114,0.9398299339720605,0.9129499126918482,0.9696969696969697,2.0
7314,7,2,115,0.9398299339720605,0.9129499126918482,0.9696969696969697,0.0
7315,7,2,116,0.9398299339720605,0.9129499126918482,0.9696969696969697,1.0
7316,7,2,117,0.9398299339720605,0.9129499126918482,0.9696969696969697,0.0
7317,7,2,118,0.9398299339720605,0.9129499126918482,0.9696969696969697,2.0
7318,7,2,119,0.9398299339720605,0.9129499126918482,0.9696969696969697,1.0
7319,7,2,120,0.9398299339720605,0.9129499126918482,0.9696969696969697,2.0
7320,7,2,121,0.9398299339720605,0.9129499126918482,0.9696969696969697,0.0
7321,7,2,122,0.9398299339720605,0.9129499126918482,0.9696969696969697,1.0
7322,7,2,123,0.9398299339720605,0.9129499126918482,0.9696969696969697,0.0
7323,7,2,124,0.9398299339720605,0.9129499126918482,0.9696969696969697,3.0
7324,7,2,125,0.9398299339720605,0.9129499126918482,0.9696969696969697,1.0
7325,7,2,126,0.9398299339720605,0.9129499126918482,0.9696969696969697,1.0
7326,7,2,127,0.9398299339720605,0.9129499126918482,0.9696969696969697,0.0
7327,7,2,128,0.9398299339720605,0.9129499126918482,0.9696969696969697,2.0
7328,7,2,129,0.9398299339720605,0.9129499126918482,0.9696969696969697,0.0
7329,7,2,130,0.9398299339720605,0.9129499126918482,0.9696969696969697,1.0
7330,7,2,131,0.9398299339720605,0.9129499126918482,0.9696969696969697,1.0
7331,7,2,132,0.9398299339720605,0.9129499126918482,0.9696969696969697,1.0
7332,7,2,133,0.9398299339720605,0.9129499126918482,0.9696969696969697,1.0
7333,7,2,134,0.9398299339720605,0.9129499126918482,0.9696969696969697,0.0
7334,7,2,135,0.9398299339720605,0.9129499126918482,0.9696969696969697,1.0
7335,7,2,136,0.9398299339720605,0.9129499126918482,0.9696969696969697,2.0
7336,7,2,137,0.9398299339720605,0.9129499126918482,0.9696969696969697,1.0
7337,7,2,138,0.9398299339720605,0.9129499126918482,0.9696969696969697,1.0
7338,7,2,139,0.9398299339720605,0.9129499126918482,0.9696969696969697,1.0
7339,7,2,140,0.9398299339720605,0.9129499126918482,0.9696969696969697,2.0
7340,7,2,141,0.9398299339720605,0.9129499126918482,0.9696969696969697,1.0
7341,7,2,142,0.9398299339720605,0.9129499126918482,0.9696969696969697,0.0
7342,7,2,143,0.9398299339720605,0.9129499126918482,0.9696969696969697,0.0
7343,7,2,144,0.9398299339720605,0.9129499126918482,0.9696969696969697,2.0
7344,7,2,145,0.9398299339720605,0.9129499126918482,0.9696969696969697,0.0
7345,7,2,146,0.9398299339720605,0.9129499126918482,0.9696969696969697,0.0
7346,7,2,147,0.9398299339720605,0.9129499126918482,0.9696969696969697,2.0
7347,7,2,148,0.9398299339720605,0.9129499126918482,0.9696969696969697,2.0
7348,7,2,149,0.9398299339720605,0.9129499126918482,0.9696969696969697,0.0
7349,7,2,150,0.9398299339720605,0.9129499126918482,0.9696969696969697,0.0
7350,7,2,151,0.9398299339720605,0.9129499126918482,0.9696969696969697,2.0
7351,7,2,152,0.9398299339720605,0.9129499126918482,0.9696969696969697,2.0
7352,7,2,153,0.9398299339720605,0.9129499126918482,0.9696969696969697,0.0
7353,7,2,154,0.9398299339720605,0.9129499126918482,0.9696969696969697,3.0
7354,7,2,155,0.9398299339720605,0.9129499126918482,0.9696969696969697,1.0
7355,7,2,156,0.9398299339720605,0.9129499126918482,0.9696969696969697,0.0
7356,7,2,157,0.9398299339720605,0.9129499126918482,0.9696969696969697,1.0
7357,7,2,158,0.9398299339720605,0.9129499126918482,0.9696969696969697,0.0
7358,7,2,159,0.9398299339720605,0.9129499126918482,0.9696969696969697,0.0
7359,7,2,160,0.9398299339720605,0.9129499126918482,0.9696969696969697,1.0
7360,7,2,161,0.9398299339720605,0.9129499126918482,0.9696969696969697,0.0
7361,7,2,162,0.9398299339720605,0.9129499126918482,0.9696969696969697,2.0
7362,7,2,163,0.9398299339720605,0.9129499126918482,0.9696969696969697,2.0
7363,7,2,164,0.9398299339720605,0.9129499126918482,0.9696969696969697,1.0
7364,7,2,165,0.9398299339720605,0.9129499126918482,0.9696969696969697,1.0
7365,7,2,166,0.9398299339720605,0.9129499126918482,0.9696969696969697,0.0
7366,7,2,167,0.9398299339720605,0.9129499126918482,0.9696969696969697,2.0
7367,7,2,168,0.9398299339720605,0.9129499126918482,0.9696969696969697,1.0
7368,7,2,169,0.9398299339720605,0.9129499126918482,0.9696969696969697,1.0
7369,7,2,170,0.9398299339720605,0.9129499126918482,0.9696969696969697,2.0
7370,7,2,171,0.9398299339720605,0.9129499126918482,0.9696969696969697,1.0
7371,7,2,172,0.9398299339720605,0.9129499126918482,0.9696969696969697,0.0
7372,7,2,173,0.9398299339720605,0.9129499126918482,0.9696969696969697,0.0
7373,7,2,174,0.9398299339720605,0.9129499126918482,0.9696969696969697,1.0
7374,7,2,175,0.9398299339720605,0.9129499126918482,0.9696969696969697,2.0
7375,7,2,176,0.9398299339720605,0.9129499126918482,0.9696969696969697,1.0
7376,7,2,177,0.9398299339720605,0.9129499126918482,0.9696969696969697,0.0
7377,7,2,178,0.9398299339720605,0.9129499126918482,0.9696969696969697,0.0
7378,7,2,179,0.9398299339720605,0.9129499126918482,0.9696969696969697,2.0
7379,7,2,180,0.9398299339720605,0.9129499126918482,0.9696969696969697,1.0
7380,7,2,181,0.9398299339720605,0.9129499126918482,0.9696969696969697,3.0
7381,7,2,182,0.9398299339720605,0.9129499126918482,0.9696969696969697,1.0
7382,7,2,183,0.9398299339720605,0.9129499126918482,0.9696969696969697,0.0
7383,7,2,184,0.9398299339720605,0.9129499126918482,0.9696969696969697,0.0
7384,7,2,185,0.9398299339720605,0.9129499126918482,0.9696969696969697,3.0
7385,7,2,186,0.9398299339720605,0.9129499126918482,0.9696969696969697,0.0
7386,7,2,187,0.9398299339720605,0.9129499126918482,0.9696969696969697,0.0
7387,7,2,188,0.9398299339720605,0.9129499126918482,0.9696969696969697,1.0
7388,7,2,189,0.9398299339720605,0.9129499126918482,0.9696969696969697,2.0
7389,7,2,190,0.9398299339720605,0.9129499126918482,0.9696969696969697,0.0
7390,7,2,191,0.9398299339720605,0.9129499126918482,0.9696969696969697,1.0
7391,7,2,192,0.9398299339720605,0.9129499126918482,0.9696969696969697,0.0
7392,7,2,193,0.9398299339720605,0.9129499126918482,0.9696969696969697,1.0
7393,7,2,194,0.9398299339720605,0.9129499126918482,0.9696969696969697,2.0
7394,7,2,195,0.9398299339720605,0.9129499126918482,0.9696969696969697,0.0
7395,7,2,196,0.9398299339720605,0.9129499126918482,0.9696969696969697,1.0
7396,7,2,197,0.9398299339720605,0.9129499126918482,0.9696969696969697,2.0
7397,7,2,198,0.9398299339720605,0.9129499126918482,0.9696969696969697,2.0
7398,7,2,199,0.9398299339720605,0.9129499126918482,0.9696969696969697,0.0
7399,7,2,200,0.9398299339720605,0.9129499126918482,0.9696969696969697,1.0
7400,7,3,1,0.9445226211263946,0.9006827246827246,0.9375,0.0
7401,7,3,2,0.9445226211263946,0.9006827246827246,0.9375,0.0
7402,7,3,3,0.9445226211263946,0.9006827246827246,0.9375,0.0
7403,7,3,4,0.9445226211263946,0.9006827246827246,0.9375,0.0
7404,7,3,5,0.9522455471979446,0.9080673400673401,0.9090909090909091,0.0
7405,7,3,6,0.9437822810299874,0.9166827246827246,0.9375,0.0
7406,7,3,7,0.9437822810299874,0.9166827246827246,0.9375,0.0
7407,7,3,8,0.9437822810299874,0.9166827246827246,0.9375,0.0
7408,7,3,9,0.9437822810299874,0.9166827246827246,0.9375,0.0
7409,7,3,10,0.9437822810299874,0.9166827246827246,0.9375,0.0
7410,7,3,11,0.9437822810299874,0.9166827246827246,0.9375,0.0
7411,7,3,12,0.9508569453523583,0.9167055167055167,0.9032258064516129,1.0
7412,7,3,13,0.9508569453523583,0.9167055167055167,0.9032258064516129,0.0
7413,7,3,14,0.9508569453523583,0.9167055167055167,0.9032258064516129,0.0
7414,7,3,15,0.9508569453523583,0.9167055167055167,0.9032258064516129,0.0
7415,7,3,16,0.9508569453523583,0.9167055167055167,0.9032258064516129,1.0
7416,7,3,17,0.9508569453523583,0.9167055167055167,0.9032258064516129,1.0
7417,7,3,18,0.9542205075224024,0.9172753172753172,0.8125,0.0
7418,7,3,19,0.9542205075224024,0.9172753172753172,0.8125,0.0
7419,7,3,20,0.9542205075224024,0.9172753172753172,0.8125,1.0
7420,7,3,21,0.9542205075224024,0.9172753172753172,0.8125,1.0
7421,7,3,22,0.9542205075224024,0.9172753172753172,0.8125,0.0
7422,7,3,23,0.9542205075224024,0.9172753172753172,0.8125,0.0
7423,7,3,24,0.9542205075224024,0.9172753172753172,0.8125,0.0
7424,7,3,25,0.9542205075224024,0.9172753172753172,0.8125,2.0
7425,7,3,26,0.9542205075224024,0.9172753172753172,0.8125,2.0
7426,7,3,27,0.9542205075224024,0.9172753172753172,0.8125,0.0
7427,7,3,28,0.9542205075224024,0.9172753172753172,0.8125,0.0
7428,7,3,29,0.9542205075224024,0.9172753172753172,0.8125,0.0
7429,7,3,30,0.9542205075224024,0.9172753172753172,0.8125,0.0
7430,7,3,31,0.9542205075224024,0.9172753172753172,0.8125,1.0
7431,7,3,32,0.9542205075224024,0.9172753172753172,0.8125,2.0
7432,7,3,33,0.9542205075224024,0.9172753172753172,0.8125,1.0
7433,7,3,34,0.9542205075224024,0.9172753172753172,0.8125,0.0
7434,7,3,35,0.9542205075224024,0.9172753172753172,0.8125,1.0
7435,7,3,36,0.9542205075224024,0.9172753172753172,0.8125,1.0
7436,7,3,37,0.9542205075224024,0.9172753172753172,0.8125,2.0
7437,7,3,38,0.9542205075224024,0.9172753172753172,0.8125,1.0
7438,7,3,39,0.9542205075224024,0.9172753172753172,0.8125,0.0
7439,7,3,40,0.9542205075224024,0.9172753172753172,0.8125,1.0
7440,7,3,41,0.9542205075224024,0.9172753172753172,0.8125,3.0
7441,7,3,42,0.9542205075224024,0.9172753172753172,0.8125,0.0
7442,7,3,43,0.9542205075224024,0.9172753172753172,0.8125,0.0
7443,7,3,44,0.9542205075224024,0.9172753172753172,0.8125,0.0
7444,7,3,45,0.9562935746421986,0.9246827246827246,0.9375,0.0
7445,7,3,46,0.9562935746421986,0.9246827246827246,0.9375,0.0
7446,7,3,47,0.9562935746421986,0.9246827246827246,0.9375,2.0
7447,7,3,48,0.9562935746421986,0.9246827246827246,0.9375,1.0
7448,7,3,49,0.9562935746421986,0.9246827246827246,0.9375,0.0
7449,7,3,50,0.9562935746421986,0.9246827246827246,0.9375,1.0
7450,7,3,51,0.9562935746421986,0.9246827246827246,0.9375,3.0
7451,7,3,52,0.9562935746421986,0.9246827246827246,0.9375,1.0
7452,7,3,53,0.9562935746421986,0.9246827246827246,0.9375,0.0
7453,7,3,54,0.9562935746421986,0.9246827246827246,0.9375,3.0
7454,7,3,55,0.9562935746421986,0.9246827246827246,0.9375,0.0
7455,7,3,56,0.9562935746421986,0.9246827246827246,0.9375,1.0
7456,7,3,57,0.9562935746421986,0.9246827246827246,0.9375,1.0
7457,7,3,58,0.9562935746421986,0.9246827246827246,0.9375,1.0
7458,7,3,59,0.9562935746421986,0.9246827246827246,0.9375,0.0
7459,7,3,60,0.9562935746421986,0.9246827246827246,0.9375,0.0
7460,7,3,61,0.9562935746421986,0.9246827246827246,0.9375,1.0
7461,7,3,62,0.9562935746421986,0.9246827246827246,0.9375,0.0
7462,7,3,63,0.9562935746421986,0.9246827246827246,0.9375,0.0
7463,7,3,64,0.9562935746421986,0.9246827246827246,0.9375,1.0
7464,7,3,65,0.9562935746421986,0.9246827246827246,0.9375,2.0
7465,7,3,66,0.9562935746421986,0.9246827246827246,0.9375,3.0
7466,7,3,67,0.9562935746421986,0.9246827246827246,0.9375,0.0
7467,7,3,68,0.9562935746421986,0.9246827246827246,0.9375,1.0
7468,7,3,69,0.9562935746421986,0.9246827246827246,0.9375,2.0
7469,7,3,70,0.9562935746421986,0.9246827246827246,0.9375,1.0
7470,7,3,71,0.9562935746421986,0.9246827246827246,0.9375,2.0
7471,7,3,72,0.9562935746421986,0.9246827246827246,0.9375,0.0
7472,7,3,73,0.9562935746421986,0.9246827246827246,0.9375,0.0
7473,7,3,74,0.9562935746421986,0.9246827246827246,0.9375,0.0
7474,7,3,75,0.9562935746421986,0.9246827246827246,0.9375,1.0
7475,7,3,76,0.9562935746421986,0.9246827246827246,0.9375,0.0
7476,7,3,77,0.9562935746421986,0.9246827246827246,0.9375,1.0
7477,7,3,78,0.9562935746421986,0.9246827246827246,0.9375,1.0
7478,7,3,79,0.9562935746421986,0.9246827246827246,0.9375,2.0
7479,7,3,80,0.9562935746421986,0.9246827246827246,0.9375,2.0
7480,7,3,81,0.9562935746421986,0.9246827246827246,0.9375,0.0
7481,7,3,82,0.9562935746421986,0.9246827246827246,0.9375,0.0
7482,7,3,83,0.9562935746421986,0.9246827246827246,0.9375,1.0
7483,7,3,84,0.9562935746421986,0.9246827246827246,0.9375,3.0
7484,7,3,85,0.9562935746421986,0.9246827246827246,0.9375,0.0
7485,7,3,86,0.9562935746421986,0.9246827246827246,0.9375,3.0
7486,7,3,87,0.9562935746421986,0.9246827246827246,0.9375,0.0
7487,7,3,88,0.9562935746421986,0.9246827246827246,0.9375,1.0
7488,7,3,89,0.9562935746421986,0.9246827246827246,0.9375,0.0
7489,7,3,90,0.9562935746421986,0.9246827246827246,0.9375,0.0
7490,7,3,91,0.9562935746421986,0.9246827246827246,0.9375,0.0
7491,7,3,92,0.9562935746421986,0.9246827246827246,0.9375,0.0
7492,7,3,93,0.9562935746421986,0.9246827246827246,0.9375,1.0
7493,7,3,94,0.9562935746421986,0.9246827246827246,0.9375,2.0
7494,7,3,95,0.9562935746421986,0.9246827246827246,0.9375,1.0
7495,7,3,96,0.9562935746421986,0.9246827246827246,0.9375,2.0
7496,7,3,97,0.9562935746421986,0.9246827246827246,0.9375,0.0
7497,7,3,98,0.9562935746421986,0.9246827246827246,0.9375,2.0
7498,7,3,99,0.9562935746421986,0.9246827246827246,0.9375,4.0
7499,7,3,100,0.9562935746421986,0.9246827246827246,0.9375,1.0
7500,7,3,101,0.9562935746421986,0.9246827246827246,0.9375,0.0
7501,7,3,102,0.9562935746421986,0.9246827246827246,0.9375,2.0
7502,7,3,103,0.9562935746421986,0.9246827246827246,0.9375,0.0
7503,7,3,104,0.9562935746421986,0.9246827246827246,0.9375,0.0
7504,7,3,105,0.9562935746421986,0.9246827246827246,0.9375,0.0
7505,7,3,106,0.9562935746421986,0.9246827246827246,0.9375,0.0
7506,7,3,107,0.9562935746421986,0.9246827246827246,0.9375,0.0
7507,7,3,108,0.9562935746421986,0.9246827246827246,0.9375,0.0
7508,7,3,109,0.9562935746421986,0.9246827246827246,0.9375,3.0
7509,7,3,110,0.9562935746421986,0.9246827246827246,0.9375,1.0
7510,7,3,111,0.9562935746421986,0.9246827246827246,0.9375,1.0
7511,7,3,112,0.9562935746421986,0.9246827246827246,0.9375,2.0
7512,7,3,113,0.9562935746421986,0.9246827246827246,0.9375,1.0
7513,7,3,114,0.9562935746421986,0.9246827246827246,0.9375,0.0
7514,7,3,115,0.9562935746421986,0.9246827246827246,0.9375,3.0
7515,7,3,116,0.9562935746421986,0.9246827246827246,0.9375,2.0
7516,7,3,117,0.9562935746421986,0.9246827246827246,0.9375,0.0
7517,7,3,118,0.9562935746421986,0.9246827246827246,0.9375,1.0
7518,7,3,119,0.9562935746421986,0.9246827246827246,0.9375,1.0
7519,7,3,120,0.9562935746421986,0.9246827246827246,0.9375,0.0
7520,7,3,121,0.9562935746421986,0.9246827246827246,0.9375,0.0
7521,7,3,122,0.9562935746421986,0.9246827246827246,0.9375,0.0
7522,7,3,123,0.9562935746421986,0.9246827246827246,0.9375,1.0
7523,7,3,124,0.9562935746421986,0.9246827246827246,0.9375,0.0
7524,7,3,125,0.9562935746421986,0.9246827246827246,0.9375,1.0
7525,7,3,126,0.9562935746421986,0.9246827246827246,0.9375,3.0
7526,7,3,127,0.9562935746421986,0.9246827246827246,0.9375,1.0
7527,7,3,128,0.9562935746421986,0.9246827246827246,0.9375,2.0
7528,7,3,129,0.9562935746421986,0.9246827246827246,0.9375,2.0
7529,7,3,130,0.9562935746421986,0.9246827246827246,0.9375,1.0
7530,7,3,131,0.9562935746421986,0.9246827246827246,0.9375,1.0
7531,7,3,132,0.9562935746421986,0.9246827246827246,0.9375,0.0
7532,7,3,133,0.9562935746421986,0.9246827246827246,0.9375,1.0
7533,7,3,134,0.9562935746421986,0.9246827246827246,0.9375,2.0
7534,7,3,135,0.9562935746421986,0.9246827246827246,0.9375,0.0
7535,7,3,136,0.9562935746421986,0.9246827246827246,0.9375,0.0
7536,7,3,137,0.9562935746421986,0.9246827246827246,0.9375,0.0
7537,7,3,138,0.9562935746421986,0.9246827246827246,0.9375,1.0
7538,7,3,139,0.9562935746421986,0.9246827246827246,0.9375,1.0
7539,7,3,140,0.9562935746421986,0.9246827246827246,0.9375,0.0
7540,7,3,141,0.9562935746421986,0.9246827246827246,0.9375,1.0
7541,7,3,142,0.9562935746421986,0.9246827246827246,0.9375,0.0
7542,7,3,143,0.9562935746421986,0.9246827246827246,0.9375,3.0
7543,7,3,144,0.9562935746421986,0.9246827246827246,0.9375,3.0
7544,7,3,145,0.9562935746421986,0.9246827246827246,0.9375,1.0
7545,7,3,146,0.9562935746421986,0.9246827246827246,0.9375,1.0
7546,7,3,147,0.9562935746421986,0.9246827246827246,0.9375,2.0
7547,7,3,148,0.9562935746421986,0.9246827246827246,0.9375,0.0
7548,7,3,149,0.9562935746421986,0.9246827246827246,0.9375,2.0
7549,7,3,150,0.9562935746421986,0.9246827246827246,0.9375,0.0
7550,7,3,151,0.9562935746421986,0.9246827246827246,0.9375,0.0
7551,7,3,152,0.9562935746421986,0.9246827246827246,0.9375,0.0
7552,7,3,153,0.9562935746421986,0.9246827246827246,0.9375,0.0
7553,7,3,154,0.9562935746421986,0.9246827246827246,0.9375,0.0
7554,7,3,155,0.9562935746421986,0.9246827246827246,0.9375,2.0
7555,7,3,156,0.9562935746421986,0.9246827246827246,0.9375,1.0
7556,7,3,157,0.9562935746421986,0.9246827246827246,0.9375,1.0
7557,7,3,158,0.9562935746421986,0.9246827246827246,0.9375,2.0
7558,7,3,159,0.9562935746421986,0.9246827246827246,0.9375,5.0
7559,7,3,160,0.9562935746421986,0.9246827246827246,0.9375,0.0
7560,7,3,161,0.9562935746421986,0.9246827246827246,0.9375,0.0
7561,7,3,162,0.9562935746421986,0.9246827246827246,0.9375,1.0
7562,7,3,163,0.9562935746421986,0.9246827246827246,0.9375,1.0
7563,7,3,164,0.9562935746421986,0.9246827246827246,0.9375,1.0
7564,7,3,165,0.9562935746421986,0.9246827246827246,0.9375,0.0
7565,7,3,166,0.9562935746421986,0.9246827246827246,0.9375,1.0
7566,7,3,167,0.9562935746421986,0.9246827246827246,0.9375,0.0
7567,7,3,168,0.9562935746421986,0.9246827246827246,0.9375,0.0
7568,7,3,169,0.9562935746421986,0.9246827246827246,0.9375,1.0
7569,7,3,170,0.9562935746421986,0.9246827246827246,0.9375,0.0
7570,7,3,171,0.9562935746421986,0.9246827246827246,0.9375,1.0
7571,7,3,172,0.9562935746421986,0.9246827246827246,0.9375,1.0
7572,7,3,173,0.9562935746421986,0.9246827246827246,0.9375,4.0
7573,7,3,174,0.9562935746421986,0.9246827246827246,0.9375,3.0
7574,7,3,175,0.9562935746421986,0.9246827246827246,0.9375,0.0
7575,7,3,176,0.9562935746421986,0.9246827246827246,0.9375,1.0
7576,7,3,177,0.9562935746421986,0.9246827246827246,0.9375,1.0
7577,7,3,178,0.9562935746421986,0.9246827246827246,0.9375,0.0
7578,7,3,179,0.9562935746421986,0.9246827246827246,0.9375,2.0
7579,7,3,180,0.9562935746421986,0.9246827246827246,0.9375,0.0
7580,7,3,181,0.9562935746421986,0.9246827246827246,0.9375,0.0
7581,7,3,182,0.9562935746421986,0.9246827246827246,0.9375,0.0
7582,7,3,183,0.9562935746421986,0.9246827246827246,0.9375,2.0
7583,7,3,184,0.9562935746421986,0.9246827246827246,0.9375,1.0
7584,7,3,185,0.9562935746421986,0.9246827246827246,0.9375,0.0
7585,7,3,186,0.9562935746421986,0.9246827246827246,0.9375,0.0
7586,7,3,187,0.9562935746421986,0.9246827246827246,0.9375,1.0
7587,7,3,188,0.9562935746421986,0.9246827246827246,0.9375,2.0
7588,7,3,189,0.9562935746421986,0.9246827246827246,0.9375,2.0
7589,7,3,190,0.9562935746421986,0.9246827246827246,0.9375,0.0
7590,7,3,191,0.9562935746421986,0.9246827246827246,0.9375,2.0
7591,7,3,192,0.9562935746421986,0.9246827246827246,0.9375,2.0
7592,7,3,193,0.9562935746421986,0.9246827246827246,0.9375,1.0
7593,7,3,194,0.9562935746421986,0.9246827246827246,0.9375,0.0
7594,7,3,195,0.9562935746421986,0.9246827246827246,0.9375,1.0
7595,7,3,196,0.9562935746421986,0.9246827246827246,0.9375,2.0
7596,7,3,197,0.9562935746421986,0.9246827246827246,0.9375,0.0
7597,7,3,198,0.9562935746421986,0.9246827246827246,0.9375,1.0
7598,7,3,199,0.9562935746421986,0.9246827246827246,0.9375,0.0
7599,7,3,200,0.9562935746421986,0.9246827246827246,0.9375,1.0
7600,7,4,1,0.9514309768395014,0.947008547008547,0.875,0.0
7601,7,4,2,0.9514309768395014,0.947008547008547,0.875,0.0
7602,7,4,3,0.9514309768395014,0.947008547008547,0.875,0.0
7603,7,4,4,0.9514309768395014,0.947008547008547,0.875,0.0
7604,7,4,5,0.9514309768395014,0.947008547008547,0.875,0.0
7605,7,4,6,0.9514309768395014,0.947008547008547,0.875,0.0
7606,7,4,7,0.9512594943735836,0.9481074481074481,0.875,0.0
7607,7,4,8,0.9512594943735836,0.9481074481074481,0.875,0.0
7608,7,4,9,0.9512594943735836,0.9481074481074481,0.875,0.0
7609,7,4,10,0.9512594943735836,0.9481074481074481,0.875,0.0
7610,7,4,11,0.9512594943735836,0.9481074481074481,0.875,0.0
7611,7,4,12,0.9512594943735836,0.9481074481074481,0.875,0.0
7612,7,4,13,0.9512594943735836,0.9481074481074481,0.875,0.0
7613,7,4,14,0.9512594943735836,0.9481074481074481,0.875,0.0
7614,7,4,15,0.9512594943735836,0.9481074481074481,0.875,0.0
7615,7,4,16,0.9512594943735836,0.9481074481074481,0.875,1.0
7616,7,4,17,0.9512594943735836,0.9481074481074481,0.875,1.0
7617,7,4,18,0.9512594943735836,0.9481074481074481,0.875,0.0
7618,7,4,19,0.9512594943735836,0.9481074481074481,0.875,2.0
7619,7,4,20,0.9512594943735836,0.9481074481074481,0.875,0.0
7620,7,4,21,0.9512594943735836,0.9481074481074481,0.875,1.0
7621,7,4,22,0.9512594943735836,0.9481074481074481,0.875,0.0
7622,7,4,23,0.9512594943735836,0.9481074481074481,0.875,0.0
7623,7,4,24,0.9551728416831573,0.9549857549857549,0.875,3.0
7624,7,4,25,0.9551728416831573,0.9549857549857549,0.875,1.0
7625,7,4,26,0.9551728416831573,0.9549857549857549,0.875,0.0
7626,7,4,27,0.9551728416831573,0.9549857549857549,0.875,0.0
7627,7,4,28,0.9551728416831573,0.9549857549857549,0.875,1.0
7628,7,4,29,0.9551728416831573,0.9549857549857549,0.875,0.0
7629,7,4,30,0.9551728416831573,0.9549857549857549,0.875,1.0
7630,7,4,31,0.9551728416831573,0.9549857549857549,0.875,0.0
7631,7,4,32,0.9551728416831573,0.9549857549857549,0.875,1.0
7632,7,4,33,0.9551728416831573,0.9549857549857549,0.875,0.0
7633,7,4,34,0.9551728416831573,0.9549857549857549,0.875,0.0
7634,7,4,35,0.9551728416831573,0.9549857549857549,0.875,1.0
7635,7,4,36,0.9551728416831573,0.9549857549857549,0.875,2.0
7636,7,4,37,0.9551728416831573,0.9549857549857549,0.875,1.0
7637,7,4,38,0.9551728416831573,0.9549857549857549,0.875,2.0
7638,7,4,39,0.9551728416831573,0.9549857549857549,0.875,1.0
7639,7,4,40,0.9551728416831573,0.9549857549857549,0.875,0.0
7640,7,4,41,0.9551728416831573,0.9549857549857549,0.875,1.0
7641,7,4,42,0.9551728416831573,0.9549857549857549,0.875,1.0
7642,7,4,43,0.9551728416831573,0.9549857549857549,0.875,0.0
7643,7,4,44,0.9551728416831573,0.9549857549857549,0.875,0.0
7644,7,4,45,0.9551728416831573,0.9549857549857549,0.875,1.0
7645,7,4,46,0.9551728416831573,0.9549857549857549,0.875,0.0
7646,7,4,47,0.9551728416831573,0.9549857549857549,0.875,1.0
7647,7,4,48,0.9551728416831573,0.9549857549857549,0.875,3.0
7648,7,4,49,0.9551728416831573,0.9549857549857549,0.875,1.0
7649,7,4,50,0.9551728416831573,0.9549857549857549,0.875,0.0
7650,7,4,51,0.9551728416831573,0.9549857549857549,0.875,2.0
7651,7,4,52,0.9551728416831573,0.9549857549857549,0.875,0.0
7652,7,4,53,0.9551728416831573,0.9549857549857549,0.875,1.0
7653,7,4,54,0.9551728416831573,0.9549857549857549,0.875,1.0
7654,7,4,55,0.9551728416831573,0.9549857549857549,0.875,1.0
7655,7,4,56,0.9551728416831573,0.9549857549857549,0.875,2.0
7656,7,4,57,0.9551728416831573,0.9549857549857549,0.875,0.0
7657,7,4,58,0.9551728416831573,0.9549857549857549,0.875,0.0
7658,7,4,59,0.9551728416831573,0.9549857549857549,0.875,1.0
7659,7,4,60,0.9551728416831573,0.9549857549857549,0.875,1.0
7660,7,4,61,0.9551728416831573,0.9549857549857549,0.875,1.0
7661,7,4,62,0.9551728416831573,0.9549857549857549,0.875,0.0
7662,7,4,63,0.9551728416831573,0.9549857549857549,0.875,1.0
7663,7,4,64,0.9551728416831573,0.9549857549857549,0.875,1.0
7664,7,4,65,0.9551728416831573,0.9549857549857549,0.875,1.0
7665,7,4,66,0.9551728416831573,0.9549857549857549,0.875,2.0
7666,7,4,67,0.9551728416831573,0.9549857549857549,0.875,1.0
7667,7,4,68,0.9551728416831573,0.9549857549857549,0.875,1.0
7668,7,4,69,0.9551728416831573,0.9549857549857549,0.875,2.0
7669,7,4,70,0.9551728416831573,0.9549857549857549,0.875,2.0
7670,7,4,71,0.9551728416831573,0.9549857549857549,0.875,0.0
7671,7,4,72,0.9551728416831573,0.9549857549857549,0.875,2.0
7672,7,4,73,0.9551728416831573,0.9549857549857549,0.875,0.0
7673,7,4,74,0.9551728416831573,0.9549857549857549,0.875,0.0
7674,7,4,75,0.9551728416831573,0.9549857549857549,0.875,0.0
7675,7,4,76,0.9551728416831573,0.9549857549857549,0.875,0.0
7676,7,4,77,0.9551728416831573,0.9549857549857549,0.875,3.0
7677,7,4,78,0.9551728416831573,0.9549857549857549,0.875,0.0
7678,7,4,79,0.9551728416831573,0.9549857549857549,0.875,1.0
7679,7,4,80,0.9551728416831573,0.9549857549857549,0.875,1.0
7680,7,4,81,0.9551728416831573,0.9549857549857549,0.875,2.0
7681,7,4,82,0.9551728416831573,0.9549857549857549,0.875,1.0
7682,7,4,83,0.9551728416831573,0.9549857549857549,0.875,2.0
7683,7,4,84,0.9551728416831573,0.9549857549857549,0.875,0.0
7684,7,4,85,0.9551728416831573,0.9549857549857549,0.875,1.0
7685,7,4,86,0.9551728416831573,0.9549857549857549,0.875,3.0
7686,7,4,87,0.9551728416831573,0.9549857549857549,0.875,0.0
7687,7,4,88,0.9551728416831573,0.9549857549857549,0.875,0.0
7688,7,4,89,0.9551728416831573,0.9549857549857549,0.875,0.0
7689,7,4,90,0.9551728416831573,0.9549857549857549,0.875,0.0
7690,7,4,91,0.9551728416831573,0.9549857549857549,0.875,0.0
7691,7,4,92,0.9551728416831573,0.9549857549857549,0.875,1.0
7692,7,4,93,0.9551728416831573,0.9549857549857549,0.875,1.0
7693,7,4,94,0.9551728416831573,0.9549857549857549,0.875,0.0
7694,7,4,95,0.9551728416831573,0.9549857549857549,0.875,2.0
7695,7,4,96,0.9551728416831573,0.9549857549857549,0.875,4.0
7696,7,4,97,0.9551728416831573,0.9549857549857549,0.875,1.0
7697,7,4,98,0.9551728416831573,0.9549857549857549,0.875,0.0
7698,7,4,99,0.9551728416831573,0.9549857549857549,0.875,3.0
7699,7,4,100,0.9551728416831573,0.9549857549857549,0.875,0.0
7700,7,4,101,0.9551728416831573,0.9549857549857549,0.875,1.0
7701,7,4,102,0.9551728416831573,0.9549857549857549,0.875,1.0
7702,7,4,103,0.9551728416831573,0.9549857549857549,0.875,1.0
7703,7,4,104,0.9551728416831573,0.9549857549857549,0.875,0.0
7704,7,4,105,0.9551728416831573,0.9549857549857549,0.875,0.0
7705,7,4,106,0.9551728416831573,0.9549857549857549,0.875,0.0
7706,7,4,107,0.9551728416831573,0.9549857549857549,0.875,1.0
7707,7,4,108,0.9551728416831573,0.9549857549857549,0.875,0.0
7708,7,4,109,0.9551728416831573,0.9549857549857549,0.875,1.0
7709,7,4,110,0.9551728416831573,0.9549857549857549,0.875,2.0
7710,7,4,111,0.9551728416831573,0.9549857549857549,0.875,2.0
7711,7,4,112,0.9551728416831573,0.9549857549857549,0.875,1.0
7712,7,4,113,0.9551728416831573,0.9549857549857549,0.875,1.0
7713,7,4,114,0.9551728416831573,0.9549857549857549,0.875,0.0
7714,7,4,115,0.9551728416831573,0.9549857549857549,0.875,2.0
7715,7,4,116,0.9551728416831573,0.9549857549857549,0.875,2.0
7716,7,4,117,0.9551728416831573,0.9549857549857549,0.875,1.0
7717,7,4,118,0.9551728416831573,0.9549857549857549,0.875,1.0
7718,7,4,119,0.9551728416831573,0.9549857549857549,0.875,0.0
7719,7,4,120,0.9551728416831573,0.9549857549857549,0.875,0.0
7720,7,4,121,0.9551728416831573,0.9549857549857549,0.875,0.0
7721,7,4,122,0.9551728416831573,0.9549857549857549,0.875,0.0
7722,7,4,123,0.9551728416831573,0.9549857549857549,0.875,1.0
7723,7,4,124,0.9551728416831573,0.9549857549857549,0.875,2.0
7724,7,4,125,0.9551728416831573,0.9549857549857549,0.875,0.0
7725,7,4,126,0.9551728416831573,0.9549857549857549,0.875,3.0
7726,7,4,127,0.9551728416831573,0.9549857549857549,0.875,1.0
7727,7,4,128,0.9551728416831573,0.9549857549857549,0.875,0.0
7728,7,4,129,0.9551728416831573,0.9549857549857549,0.875,1.0
7729,7,4,130,0.9551728416831573,0.9549857549857549,0.875,3.0
7730,7,4,131,0.9551728416831573,0.9549857549857549,0.875,0.0
7731,7,4,132,0.9551728416831573,0.9549857549857549,0.875,1.0
7732,7,4,133,0.9551728416831573,0.9549857549857549,0.875,3.0
7733,7,4,134,0.9551728416831573,0.9549857549857549,0.875,0.0
7734,7,4,135,0.9551728416831573,0.9549857549857549,0.875,0.0
7735,7,4,136,0.9551728416831573,0.9549857549857549,0.875,0.0
7736,7,4,137,0.9551728416831573,0.9549857549857549,0.875,0.0
7737,7,4,138,0.9551728416831573,0.9549857549857549,0.875,1.0
7738,7,4,139,0.9551728416831573,0.9549857549857549,0.875,0.0
7739,7,4,140,0.9551728416831573,0.9549857549857549,0.875,4.0
7740,7,4,141,0.9551728416831573,0.9549857549857549,0.875,1.0
7741,7,4,142,0.9551728416831573,0.9549857549857549,0.875,1.0
7742,7,4,143,0.9551728416831573,0.9549857549857549,0.875,0.0
7743,7,4,144,0.9551728416831573,0.9549857549857549,0.875,0.0
7744,7,4,145,0.9551728416831573,0.9549857549857549,0.875,3.0
7745,7,4,146,0.9551728416831573,0.9549857549857549,0.875,2.0
7746,7,4,147,0.9551728416831573,0.9549857549857549,0.875,0.0
7747,7,4,148,0.9551728416831573,0.9549857549857549,0.875,0.0
7748,7,4,149,0.9551728416831573,0.9549857549857549,0.875,1.0
7749,7,4,150,0.9551728416831573,0.9549857549857549,0.875,2.0
7750,7,4,151,0.9551728416831573,0.9549857549857549,0.875,0.0
7751,7,4,152,0.9551728416831573,0.9549857549857549,0.875,0.0
7752,7,4,153,0.9551728416831573,0.9549857549857549,0.875,2.0
7753,7,4,154,0.9551728416831573,0.9549857549857549,0.875,0.0
7754,7,4,155,0.9551728416831573,0.9549857549857549,0.875,2.0
7755,7,4,156,0.9551728416831573,0.9549857549857549,0.875,0.0
7756,7,4,157,0.9551728416831573,0.9549857549857549,0.875,1.0
7757,7,4,158,0.9551728416831573,0.9549857549857549,0.875,2.0
7758,7,4,159,0.9551728416831573,0.9549857549857549,0.875,3.0
7759,7,4,160,0.9551728416831573,0.9549857549857549,0.875,1.0
7760,7,4,161,0.9551728416831573,0.9549857549857549,0.875,0.0
7761,7,4,162,0.9551728416831573,0.9549857549857549,0.875,1.0
7762,7,4,163,0.9551728416831573,0.9549857549857549,0.875,0.0
7763,7,4,164,0.9551728416831573,0.9549857549857549,0.875,2.0
7764,7,4,165,0.9551728416831573,0.9549857549857549,0.875,0.0
7765,7,4,166,0.9551728416831573,0.9549857549857549,0.875,0.0
7766,7,4,167,0.9551728416831573,0.9549857549857549,0.875,0.0
7767,7,4,168,0.9551728416831573,0.9549857549857549,0.875,2.0
7768,7,4,169,0.9551728416831573,0.9549857549857549,0.875,1.0
7769,7,4,170,0.9551728416831573,0.9549857549857549,0.875,2.0
7770,7,4,171,0.9551728416831573,0.9549857549857549,0.875,1.0
7771,7,4,172,0.9551728416831573,0.9549857549857549,0.875,0.0
7772,7,4,173,0.9551728416831573,0.9549857549857549,0.875,2.0
7773,7,4,174,0.9551728416831573,0.9549857549857549,0.875,2.0
7774,7,4,175,0.9551728416831573,0.9549857549857549,0.875,0.0
7775,7,4,176,0.9551728416831573,0.9549857549857549,0.875,0.0
7776,7,4,177,0.9551728416831573,0.9549857549857549,0.875,1.0
7777,7,4,178,0.9551728416831573,0.9549857549857549,0.875,2.0
7778,7,4,179,0.9551728416831573,0.9549857549857549,0.875,1.0
7779,7,4,180,0.9551728416831573,0.9549857549857549,0.875,0.0
7780,7,4,181,0.9551728416831573,0.9549857549857549,0.875,1.0
7781,7,4,182,0.9551728416831573,0.9549857549857549,0.875,0.0
7782,7,4,183,0.9551728416831573,0.9549857549857549,0.875,1.0
7783,7,4,184,0.9551728416831573,0.9549857549857549,0.875,2.0
7784,7,4,185,0.9551728416831573,0.9549857549857549,0.875,1.0
7785,7,4,186,0.9551728416831573,0.9549857549857549,0.875,0.0
7786,7,4,187,0.9551728416831573,0.9549857549857549,0.875,1.0
7787,7,4,188,0.9551728416831573,0.9549857549857549,0.875,3.0
7788,7,4,189,0.9551728416831573,0.9549857549857549,0.875,0.0
7789,7,4,190,0.9551728416831573,0.9549857549857549,0.875,1.0
7790,7,4,191,0.9551728416831573,0.9549857549857549,0.875,1.0
7791,7,4,192,0.9551728416831573,0.9549857549857549,0.875,0.0
7792,7,4,193,0.9551728416831573,0.9549857549857549,0.875,3.0
7793,7,4,194,0.9551728416831573,0.9549857549857549,0.875,0.0
7794,7,4,195,0.9551728416831573,0.9549857549857549,0.875,1.0
7795,7,4,196,0.9551728416831573,0.9549857549857549,0.875,1.0
7796,7,4,197,0.9551728416831573,0.9549857549857549,0.875,1.0
7797,7,4,198,0.9551728416831573,0.9549857549857549,0.875,1.0
7798,7,4,199,0.9551728416831573,0.9549857549857549,0.875,0.0
7799,7,4,200,0.9551728416831573,0.9549857549857549,0.875,2.0
7800,7,5,1,0.9468716139644539,0.9228994708994709,0.9090909090909091,0.0
7801,7,5,2,0.9473085287721155,0.9297777777777778,0.9142857142857143,0.0
7802,7,5,3,0.9554790042837553,0.9315148555148556,0.9090909090909091,0.0
7803,7,5,4,0.9554790042837553,0.9315148555148556,0.9090909090909091,0.0
7804,7,5,5,0.9554790042837553,0.9315148555148556,0.9090909090909091,0.0
7805,7,5,6,0.9554790042837553,0.9315148555148556,0.9090909090909091,0.0
7806,7,5,7,0.9554790042837553,0.9315148555148556,0.9090909090909091,0.0
7807,7,5,8,0.9554790042837553,0.9315148555148556,0.9090909090909091,0.0
7808,7,5,9,0.9554790042837553,0.9315148555148556,0.9090909090909091,0.0
7809,7,5,10,0.9554790042837553,0.9315148555148556,0.9090909090909091,0.0
7810,7,5,11,0.9554790042837553,0.9315148555148556,0.9090909090909091,0.0
7811,7,5,12,0.9554790042837553,0.9315148555148556,0.9090909090909091,0.0
7812,7,5,13,0.9554790042837553,0.9315148555148556,0.9090909090909091,0.0
7813,7,5,14,0.9554790042837553,0.9315148555148556,0.9090909090909091,0.0
7814,7,5,15,0.9554790042837553,0.9315148555148556,0.9090909090909091,0.0
7815,7,5,16,0.9554790042837553,0.9315148555148556,0.9090909090909091,3.0
7816,7,5,17,0.9554790042837553,0.9315148555148556,0.9090909090909091,1.0
7817,7,5,18,0.9554790042837553,0.9315148555148556,0.9090909090909091,1.0
7818,7,5,19,0.9554790042837553,0.9315148555148556,0.9090909090909091,0.0
7819,7,5,20,0.9554790042837553,0.9315148555148556,0.9090909090909091,2.0
7820,7,5,21,0.9554790042837553,0.9315148555148556,0.9090909090909091,0.0
7821,7,5,22,0.9554790042837553,0.9315148555148556,0.9090909090909091,0.0
7822,7,5,23,0.9554790042837553,0.9315148555148556,0.9090909090909091,1.0
7823,7,5,24,0.9554790042837553,0.9315148555148556,0.9090909090909091,1.0
7824,7,5,25,0.9554790042837553,0.9315148555148556,0.9090909090909091,1.0
7825,7,5,26,0.9554790042837553,0.9315148555148556,0.9090909090909091,1.0
7826,7,5,27,0.9554790042837553,0.9315148555148556,0.9090909090909091,0.0
7827,7,5,28,0.9554790042837553,0.9315148555148556,0.9090909090909091,0.0
7828,7,5,29,0.9554790042837553,0.9315148555148556,0.9090909090909091,1.0
7829,7,5,30,0.9554790042837553,0.9315148555148556,0.9090909090909091,1.0
7830,7,5,31,0.9554790042837553,0.9315148555148556,0.9090909090909091,2.0
7831,7,5,32,0.9554790042837553,0.9315148555148556,0.9090909090909091,1.0
7832,7,5,33,0.9554790042837553,0.9315148555148556,0.9090909090909091,1.0
7833,7,5,34,0.9554790042837553,0.9315148555148556,0.9090909090909091,1.0
7834,7,5,35,0.9554790042837553,0.9315148555148556,0.9090909090909091,0.0
7835,7,5,36,0.9554790042837553,0.9315148555148556,0.9090909090909091,0.0
7836,7,5,37,0.9554790042837553,0.9315148555148556,0.9090909090909091,2.0
7837,7,5,38,0.9554790042837553,0.9315148555148556,0.9090909090909091,1.0
7838,7,5,39,0.9554790042837553,0.9315148555148556,0.9090909090909091,0.0
7839,7,5,40,0.9554790042837553,0.9315148555148556,0.9090909090909091,2.0
7840,7,5,41,0.9554790042837553,0.9315148555148556,0.9090909090909091,1.0
7841,7,5,42,0.9554790042837553,0.9315148555148556,0.9090909090909091,0.0
7842,7,5,43,0.9554790042837553,0.9315148555148556,0.9090909090909091,1.0
7843,7,5,44,0.9554790042837553,0.9315148555148556,0.9090909090909091,2.0
7844,7,5,45,0.9554790042837553,0.9315148555148556,0.9090909090909091,0.0
7845,7,5,46,0.9554790042837553,0.9315148555148556,0.9090909090909091,2.0
7846,7,5,47,0.9554790042837553,0.9315148555148556,0.9090909090909091,2.0
7847,7,5,48,0.9554790042837553,0.9315148555148556,0.9090909090909091,1.0
7848,7,5,49,0.9554790042837553,0.9315148555148556,0.9090909090909091,0.0
7849,7,5,50,0.9554790042837553,0.9315148555148556,0.9090909090909091,0.0
7850,7,5,51,0.9554790042837553,0.9315148555148556,0.9090909090909091,1.0
7851,7,5,52,0.9554790042837553,0.9315148555148556,0.9090909090909091,0.0
7852,7,5,53,0.9554790042837553,0.9315148555148556,0.9090909090909091,1.0
7853,7,5,54,0.9554790042837553,0.9315148555148556,0.9090909090909091,1.0
7854,7,5,55,0.9554790042837553,0.9315148555148556,0.9090909090909091,1.0
7855,7,5,56,0.9554790042837553,0.9315148555148556,0.9090909090909091,2.0
7856,7,5,57,0.9554790042837553,0.9315148555148556,0.9090909090909091,0.0
7857,7,5,58,0.9554790042837553,0.9315148555148556,0.9090909090909091,0.0
7858,7,5,59,0.9554790042837553,0.9315148555148556,0.9090909090909091,2.0
7859,7,5,60,0.9554790042837553,0.9315148555148556,0.9090909090909091,1.0
7860,7,5,61,0.9554790042837553,0.9315148555148556,0.9090909090909091,1.0
7861,7,5,62,0.9554790042837553,0.9315148555148556,0.9090909090909091,1.0
7862,7,5,63,0.9554790042837553,0.9315148555148556,0.9090909090909091,1.0
7863,7,5,64,0.9554790042837553,0.9315148555148556,0.9090909090909091,0.0
7864,7,5,65,0.9554790042837553,0.9315148555148556,0.9090909090909091,1.0
7865,7,5,66,0.9554790042837553,0.9315148555148556,0.9090909090909091,2.0
7866,7,5,67,0.9554790042837553,0.9315148555148556,0.9090909090909091,0.0
7867,7,5,68,0.9554790042837553,0.9315148555148556,0.9090909090909091,0.0
7868,7,5,69,0.9554790042837553,0.9315148555148556,0.9090909090909091,1.0
7869,7,5,70,0.9554790042837553,0.9315148555148556,0.9090909090909091,0.0
7870,7,5,71,0.9554790042837553,0.9315148555148556,0.9090909090909091,3.0
7871,7,5,72,0.9554790042837553,0.9315148555148556,0.9090909090909091,2.0
7872,7,5,73,0.9554790042837553,0.9315148555148556,0.9090909090909091,0.0
7873,7,5,74,0.9554790042837553,0.9315148555148556,0.9090909090909091,1.0
7874,7,5,75,0.9554790042837553,0.9315148555148556,0.9090909090909091,0.0
7875,7,5,76,0.9554790042837553,0.9315148555148556,0.9090909090909091,1.0
7876,7,5,77,0.9554790042837553,0.9315148555148556,0.9090909090909091,0.0
7877,7,5,78,0.9554790042837553,0.9315148555148556,0.9090909090909091,1.0
7878,7,5,79,0.9554790042837553,0.9315148555148556,0.9090909090909091,0.0
7879,7,5,80,0.9554790042837553,0.9315148555148556,0.9090909090909091,1.0
7880,7,5,81,0.9554790042837553,0.9315148555148556,0.9090909090909091,0.0
7881,7,5,82,0.9554790042837553,0.9315148555148556,0.9090909090909091,1.0
7882,7,5,83,0.9554790042837553,0.9315148555148556,0.9090909090909091,0.0
7883,7,5,84,0.9554790042837553,0.9315148555148556,0.9090909090909091,3.0
7884,7,5,85,0.9554790042837553,0.9315148555148556,0.9090909090909091,1.0
7885,7,5,86,0.9554790042837553,0.9315148555148556,0.9090909090909091,1.0
7886,7,5,87,0.9554790042837553,0.9315148555148556,0.9090909090909091,0.0
7887,7,5,88,0.9554790042837553,0.9315148555148556,0.9090909090909091,3.0
7888,7,5,89,0.9554790042837553,0.9315148555148556,0.9090909090909091,2.0
7889,7,5,90,0.9554790042837553,0.9315148555148556,0.9090909090909091,0.0
7890,7,5,91,0.9554790042837553,0.9315148555148556,0.9090909090909091,0.0
7891,7,5,92,0.9554790042837553,0.9315148555148556,0.9090909090909091,1.0
7892,7,5,93,0.9554790042837553,0.9315148555148556,0.9090909090909091,0.0
7893,7,5,94,0.9554790042837553,0.9315148555148556,0.9090909090909091,1.0
7894,7,5,95,0.9554790042837553,0.9315148555148556,0.9090909090909091,0.0
7895,7,5,96,0.9554790042837553,0.9315148555148556,0.9090909090909091,1.0
7896,7,5,97,0.9554790042837553,0.9315148555148556,0.9090909090909091,1.0
7897,7,5,98,0.9554790042837553,0.9315148555148556,0.9090909090909091,0.0
7898,7,5,99,0.9554790042837553,0.9315148555148556,0.9090909090909091,2.0
7899,7,5,100,0.9554790042837553,0.9315148555148556,0.9090909090909091,1.0
7900,7,5,101,0.9554790042837553,0.9315148555148556,0.9090909090909091,3.0
7901,7,5,102,0.9554790042837553,0.9315148555148556,0.9090909090909091,1.0
7902,7,5,103,0.9554790042837553,0.9315148555148556,0.9090909090909091,2.0
7903,7,5,104,0.9554790042837553,0.9315148555148556,0.9090909090909091,1.0
7904,7,5,105,0.9554790042837553,0.9315148555148556,0.9090909090909091,1.0
7905,7,5,106,0.9554790042837553,0.9315148555148556,0.9090909090909091,0.0
7906,7,5,107,0.9554790042837553,0.9315148555148556,0.9090909090909091,0.0
7907,7,5,108,0.9554790042837553,0.9315148555148556,0.9090909090909091,0.0
7908,7,5,109,0.9554790042837553,0.9315148555148556,0.9090909090909091,2.0
7909,7,5,110,0.9554790042837553,0.9315148555148556,0.9090909090909091,0.0
7910,7,5,111,0.9554790042837553,0.9315148555148556,0.9090909090909091,0.0
7911,7,5,112,0.9554790042837553,0.9315148555148556,0.9090909090909091,0.0
7912,7,5,113,0.9554790042837553,0.9315148555148556,0.9090909090909091,2.0
7913,7,5,114,0.9554790042837553,0.9315148555148556,0.9090909090909091,1.0
7914,7,5,115,0.9554790042837553,0.9315148555148556,0.9090909090909091,1.0
7915,7,5,116,0.9554790042837553,0.9315148555148556,0.9090909090909091,2.0
7916,7,5,117,0.9554790042837553,0.9315148555148556,0.9090909090909091,1.0
7917,7,5,118,0.9554790042837553,0.9315148555148556,0.9090909090909091,3.0
7918,7,5,119,0.9554790042837553,0.9315148555148556,0.9090909090909091,1.0
7919,7,5,120,0.9554790042837553,0.9315148555148556,0.9090909090909091,1.0
7920,7,5,121,0.9554790042837553,0.9315148555148556,0.9090909090909091,0.0
7921,7,5,122,0.9554790042837553,0.9315148555148556,0.9090909090909091,2.0
7922,7,5,123,0.9554790042837553,0.9315148555148556,0.9090909090909091,0.0
7923,7,5,124,0.9554790042837553,0.9315148555148556,0.9090909090909091,0.0
7924,7,5,125,0.9554790042837553,0.9315148555148556,0.9090909090909091,0.0
7925,7,5,126,0.9554790042837553,0.9315148555148556,0.9090909090909091,0.0
7926,7,5,127,0.9554790042837553,0.9315148555148556,0.9090909090909091,1.0
7927,7,5,128,0.9554790042837553,0.9315148555148556,0.9090909090909091,1.0
7928,7,5,129,0.9554790042837553,0.9315148555148556,0.9090909090909091,1.0
7929,7,5,130,0.9554790042837553,0.9315148555148556,0.9090909090909091,2.0
7930,7,5,131,0.9554790042837553,0.9315148555148556,0.9090909090909091,1.0
7931,7,5,132,0.9554790042837553,0.9315148555148556,0.9090909090909091,2.0
7932,7,5,133,0.9554790042837553,0.9315148555148556,0.9090909090909091,1.0
7933,7,5,134,0.9554790042837553,0.9315148555148556,0.9090909090909091,0.0
7934,7,5,135,0.9554790042837553,0.9315148555148556,0.9090909090909091,3.0
7935,7,5,136,0.9554790042837553,0.9315148555148556,0.9090909090909091,1.0
7936,7,5,137,0.9554790042837553,0.9315148555148556,0.9090909090909091,1.0
7937,7,5,138,0.9554790042837553,0.9315148555148556,0.9090909090909091,0.0
7938,7,5,139,0.9554790042837553,0.9315148555148556,0.9090909090909091,1.0
7939,7,5,140,0.9554790042837553,0.9315148555148556,0.9090909090909091,0.0
7940,7,5,141,0.9554790042837553,0.9315148555148556,0.9090909090909091,0.0
7941,7,5,142,0.9554790042837553,0.9315148555148556,0.9090909090909091,1.0
7942,7,5,143,0.9554790042837553,0.9315148555148556,0.9090909090909091,1.0
7943,7,5,144,0.9554790042837553,0.9315148555148556,0.9090909090909091,2.0
7944,7,5,145,0.9554790042837553,0.9315148555148556,0.9090909090909091,1.0
7945,7,5,146,0.9554790042837553,0.9315148555148556,0.9090909090909091,0.0
7946,7,5,147,0.9554790042837553,0.9315148555148556,0.9090909090909091,1.0
7947,7,5,148,0.9554790042837553,0.9315148555148556,0.9090909090909091,1.0
7948,7,5,149,0.9554790042837553,0.9315148555148556,0.9090909090909091,1.0
7949,7,5,150,0.9554790042837553,0.9315148555148556,0.9090909090909091,1.0
7950,7,5,151,0.9554790042837553,0.9315148555148556,0.9090909090909091,1.0
7951,7,5,152,0.9554790042837553,0.9315148555148556,0.9090909090909091,2.0
7952,7,5,153,0.9554790042837553,0.9315148555148556,0.9090909090909091,1.0
7953,7,5,154,0.9554790042837553,0.9315148555148556,0.9090909090909091,0.0
7954,7,5,155,0.9554790042837553,0.9315148555148556,0.9090909090909091,0.0
7955,7,5,156,0.9554790042837553,0.9315148555148556,0.9090909090909091,0.0
7956,7,5,157,0.9554790042837553,0.9315148555148556,0.9090909090909091,1.0
7957,7,5,158,0.9554790042837553,0.9315148555148556,0.9090909090909091,2.0
7958,7,5,159,0.9554790042837553,0.9315148555148556,0.9090909090909091,1.0
7959,7,5,160,0.9554790042837553,0.9315148555148556,0.9090909090909091,2.0
7960,7,5,161,0.9554790042837553,0.9315148555148556,0.9090909090909091,0.0
7961,7,5,162,0.9554790042837553,0.9315148555148556,0.9090909090909091,2.0
7962,7,5,163,0.9554790042837553,0.9315148555148556,0.9090909090909091,1.0
7963,7,5,164,0.9554790042837553,0.9315148555148556,0.9090909090909091,1.0
7964,7,5,165,0.9554790042837553,0.9315148555148556,0.9090909090909091,1.0
7965,7,5,166,0.9554790042837553,0.9315148555148556,0.9090909090909091,2.0
7966,7,5,167,0.9554790042837553,0.9315148555148556,0.9090909090909091,0.0
7967,7,5,168,0.9554790042837553,0.9315148555148556,0.9090909090909091,1.0
7968,7,5,169,0.9554790042837553,0.9315148555148556,0.9090909090909091,1.0
7969,7,5,170,0.9554790042837553,0.9315148555148556,0.9090909090909091,0.0
7970,7,5,171,0.9554790042837553,0.9315148555148556,0.9090909090909091,0.0
7971,7,5,172,0.9554790042837553,0.9315148555148556,0.9090909090909091,0.0
7972,7,5,173,0.9554790042837553,0.9315148555148556,0.9090909090909091,1.0
7973,7,5,174,0.9554790042837553,0.9315148555148556,0.9090909090909091,1.0
7974,7,5,175,0.9554790042837553,0.9315148555148556,0.9090909090909091,3.0
7975,7,5,176,0.9554790042837553,0.9315148555148556,0.9090909090909091,2.0
7976,7,5,177,0.9554790042837553,0.9315148555148556,0.9090909090909091,0.0
7977,7,5,178,0.9554790042837553,0.9315148555148556,0.9090909090909091,2.0
7978,7,5,179,0.9554790042837553,0.9315148555148556,0.9090909090909091,0.0
7979,7,5,180,0.9554790042837553,0.9315148555148556,0.9090909090909091,0.0
7980,7,5,181,0.9554790042837553,0.9315148555148556,0.9090909090909091,1.0
7981,7,5,182,0.9554790042837553,0.9315148555148556,0.9090909090909091,2.0
7982,7,5,183,0.9554790042837553,0.9315148555148556,0.9090909090909091,0.0
7983,7,5,184,0.9554790042837553,0.9315148555148556,0.9090909090909091,0.0
7984,7,5,185,0.9554790042837553,0.9315148555148556,0.9090909090909091,2.0
7985,7,5,186,0.9554790042837553,0.9315148555148556,0.9090909090909091,0.0
7986,7,5,187,0.9554790042837553,0.9315148555148556,0.9090909090909091,2.0
7987,7,5,188,0.9554790042837553,0.9315148555148556,0.9090909090909091,1.0
7988,7,5,189,0.9554790042837553,0.9315148555148556,0.9090909090909091,1.0
7989,7,5,190,0.9554790042837553,0.9315148555148556,0.9090909090909091,0.0
7990,7,5,191,0.9554790042837553,0.9315148555148556,0.9090909090909091,3.0
7991,7,5,192,0.9554790042837553,0.9315148555148556,0.9090909090909091,1.0
7992,7,5,193,0.9554790042837553,0.9315148555148556,0.9090909090909091,0.0
7993,7,5,194,0.9554790042837553,0.9315148555148556,0.9090909090909091,1.0
7994,7,5,195,0.9554790042837553,0.9315148555148556,0.9090909090909091,2.0
7995,7,5,196,0.9554790042837553,0.9315148555148556,0.9090909090909091,0.0
7996,7,5,197,0.9554790042837553,0.9315148555148556,0.9090909090909091,1.0
7997,7,5,198,0.9554790042837553,0.9315148555148556,0.9090909090909091,0.0
7998,7,5,199,0.9554790042837553,0.9315148555148556,0.9090909090909091,1.0
7999,7,5,200,0.9554790042837553,0.9315148555148556,0.9090909090909091,0.0
8000,8,1,1,0.9369859278633609,0.9166593406593406,0.9411764705882353,0.0
8001,8,1,2,0.9369859278633609,0.9166593406593406,0.9411764705882353,0.0
8002,8,1,3,0.9465086704928997,0.9177399969124107,0.875,0.0
8003,8,1,4,0.9370143752195885,0.9240439560439562,0.875,0.0
8004,8,1,5,0.9370143752195885,0.9240439560439562,0.875,0.0
8005,8,1,6,0.9370143752195885,0.9240439560439562,0.875,0.0
8006,8,1,7,0.9370143752195885,0.9240439560439562,0.875,0.0
8007,8,1,8,0.9370143752195885,0.9240439560439562,0.875,0.0
8008,8,1,9,0.9370143752195885,0.9240439560439562,0.875,0.0
8009,8,1,10,0.9370143752195885,0.9240439560439562,0.875,0.0
8010,8,1,11,0.9370143752195885,0.9240439560439562,0.875,0.0
8011,8,1,12,0.9370143752195885,0.9240439560439562,0.875,0.0
8012,8,1,13,0.9370143752195885,0.9240439560439562,0.875,0.0
8013,8,1,14,0.9370143752195885,0.9240439560439562,0.875,0.0
8014,8,1,15,0.9370143752195885,0.9240439560439562,0.875,0.0
8015,8,1,16,0.9370143752195885,0.9240439560439562,0.875,0.0
8016,8,1,17,0.9370143752195885,0.9240439560439562,0.875,0.0
8017,8,1,18,0.9370143752195885,0.9240439560439562,0.875,1.0
8018,8,1,19,0.9370143752195885,0.9240439560439562,0.875,1.0
8019,8,1,20,0.9370143752195885,0.9240439560439562,0.875,2.0
8020,8,1,21,0.9370143752195885,0.9240439560439562,0.875,0.0
8021,8,1,22,0.9370143752195885,0.9240439560439562,0.875,0.0
8022,8,1,23,0.9370143752195885,0.9240439560439562,0.875,0.0
8023,8,1,24,0.9370143752195885,0.9240439560439562,0.875,1.0
8024,8,1,25,0.9370143752195885,0.9240439560439562,0.875,1.0
8025,8,1,26,0.9370143752195885,0.9240439560439562,0.875,0.0
8026,8,1,27,0.9370143752195885,0.9240439560439562,0.875,0.0
8027,8,1,28,0.9370143752195885,0.9240439560439562,0.875,2.0
8028,8,1,29,0.9370143752195885,0.9240439560439562,0.875,1.0
8029,8,1,30,0.9370143752195885,0.9240439560439562,0.875,2.0
8030,8,1,31,0.9370143752195885,0.9240439560439562,0.875,1.0
8031,8,1,32,0.9370143752195885,0.9240439560439562,0.875,0.0
8032,8,1,33,0.9370143752195885,0.9240439560439562,0.875,0.0
8033,8,1,34,0.9370143752195885,0.9240439560439562,0.875,2.0
8034,8,1,35,0.9370143752195885,0.9240439560439562,0.875,1.0
8035,8,1,36,0.9370143752195885,0.9240439560439562,0.875,0.0
8036,8,1,37,0.9370143752195885,0.9240439560439562,0.875,0.0
8037,8,1,38,0.9370143752195885,0.9240439560439562,0.875,0.0
8038,8,1,39,0.9370143752195885,0.9240439560439562,0.875,1.0
8039,8,1,40,0.9370143752195885,0.9240439560439562,0.875,2.0
8040,8,1,41,0.9370143752195885,0.9240439560439562,0.875,1.0
8041,8,1,42,0.9370143752195885,0.9240439560439562,0.875,1.0
8042,8,1,43,0.9370143752195885,0.9240439560439562,0.875,2.0
8043,8,1,44,0.9370143752195885,0.9240439560439562,0.875,0.0
8044,8,1,45,0.9370143752195885,0.9240439560439562,0.875,0.0
8045,8,1,46,0.9370143752195885,0.9240439560439562,0.875,1.0
8046,8,1,47,0.9370143752195885,0.9240439560439562,0.875,1.0
8047,8,1,48,0.9370143752195885,0.9240439560439562,0.875,0.0
8048,8,1,49,0.9370143752195885,0.9240439560439562,0.875,0.0
8049,8,1,50,0.9370143752195885,0.9240439560439562,0.875,0.0
8050,8,1,51,0.9370143752195885,0.9240439560439562,0.875,3.0
8051,8,1,52,0.9370143752195885,0.9240439560439562,0.875,3.0
8052,8,1,53,0.9370143752195885,0.9240439560439562,0.875,0.0
8053,8,1,54,0.9370143752195885,0.9240439560439562,0.875,1.0
8054,8,1,55,0.9370143752195885,0.9240439560439562,0.875,2.0
8055,8,1,56,0.9370143752195885,0.9240439560439562,0.875,2.0
8056,8,1,57,0.9370143752195885,0.9240439560439562,0.875,1.0
8057,8,1,58,0.9370143752195885,0.9240439560439562,0.875,0.0
8058,8,1,59,0.9370143752195885,0.9240439560439562,0.875,2.0
8059,8,1,60,0.9370143752195885,0.9240439560439562,0.875,0.0
8060,8,1,61,0.9370143752195885,0.9240439560439562,0.875,0.0
8061,8,1,62,0.9370143752195885,0.9240439560439562,0.875,0.0
8062,8,1,63,0.9370143752195885,0.9240439560439562,0.875,0.0
8063,8,1,64,0.9370143752195885,0.9240439560439562,0.875,0.0
8064,8,1,65,0.9370143752195885,0.9240439560439562,0.875,2.0
8065,8,1,66,0.9370143752195885,0.9240439560439562,0.875,1.0
8066,8,1,67,0.9370143752195885,0.9240439560439562,0.875,2.0
8067,8,1,68,0.9370143752195885,0.9240439560439562,0.875,1.0
8068,8,1,69,0.9370143752195885,0.9240439560439562,0.875,3.0
8069,8,1,70,0.9370143752195885,0.9240439560439562,0.875,2.0
8070,8,1,71,0.9370143752195885,0.9240439560439562,0.875,1.0
8071,8,1,72,0.9370143752195885,0.9240439560439562,0.875,0.0
8072,8,1,73,0.9370143752195885,0.9240439560439562,0.875,0.0
8073,8,1,74,0.9370143752195885,0.9240439560439562,0.875,1.0
8074,8,1,75,0.9370143752195885,0.9240439560439562,0.875,1.0
8075,8,1,76,0.9370143752195885,0.9240439560439562,0.875,0.0
8076,8,1,77,0.9370143752195885,0.9240439560439562,0.875,0.0
8077,8,1,78,0.9370143752195885,0.9240439560439562,0.875,3.0
8078,8,1,79,0.9370143752195885,0.9240439560439562,0.875,0.0
8079,8,1,80,0.9370143752195885,0.9240439560439562,0.875,1.0
8080,8,1,81,0.9370143752195885,0.9240439560439562,0.875,1.0
8081,8,1,82,0.9370143752195885,0.9240439560439562,0.875,1.0
8082,8,1,83,0.9370143752195885,0.9240439560439562,0.875,2.0
8083,8,1,84,0.9370143752195885,0.9240439560439562,0.875,2.0
8084,8,1,85,0.9370143752195885,0.9240439560439562,0.875,1.0
8085,8,1,86,0.9370143752195885,0.9240439560439562,0.875,0.0
8086,8,1,87,0.9370143752195885,0.9240439560439562,0.875,1.0
8087,8,1,88,0.9370143752195885,0.9240439560439562,0.875,0.0
8088,8,1,89,0.9370143752195885,0.9240439560439562,0.875,1.0
8089,8,1,90,0.9370143752195885,0.9240439560439562,0.875,0.0
8090,8,1,91,0.9370143752195885,0.9240439560439562,0.875,1.0
8091,8,1,92,0.9370143752195885,0.9240439560439562,0.875,2.0
8092,8,1,93,0.9370143752195885,0.9240439560439562,0.875,2.0
8093,8,1,94,0.9370143752195885,0.9240439560439562,0.875,1.0
8094,8,1,95,0.9370143752195885,0.9240439560439562,0.875,1.0
8095,8,1,96,0.9370143752195885,0.9240439560439562,0.875,0.0
8096,8,1,97,0.9370143752195885,0.9240439560439562,0.875,0.0
8097,8,1,98,0.9370143752195885,0.9240439560439562,0.875,0.0
8098,8,1,99,0.9370143752195885,0.9240439560439562,0.875,3.0
8099,8,1,100,0.9370143752195885,0.9240439560439562,0.875,2.0
8100,8,1,101,0.9370143752195885,0.9240439560439562,0.875,1.0
8101,8,1,102,0.9370143752195885,0.9240439560439562,0.875,0.0
8102,8,1,103,0.9370143752195885,0.9240439560439562,0.875,0.0
8103,8,1,104,0.9370143752195885,0.9240439560439562,0.875,1.0
8104,8,1,105,0.9370143752195885,0.9240439560439562,0.875,1.0
8105,8,1,106,0.9370143752195885,0.9240439560439562,0.875,1.0
8106,8,1,107,0.9370143752195885,0.9240439560439562,0.875,0.0
8107,8,1,108,0.9370143752195885,0.9240439560439562,0.875,1.0
8108,8,1,109,0.9370143752195885,0.9240439560439562,0.875,1.0
8109,8,1,110,0.9370143752195885,0.9240439560439562,0.875,3.0
8110,8,1,111,0.9370143752195885,0.9240439560439562,0.875,0.0
8111,8,1,112,0.9370143752195885,0.9240439560439562,0.875,1.0
8112,8,1,113,0.9370143752195885,0.9240439560439562,0.875,2.0
8113,8,1,114,0.9370143752195885,0.9240439560439562,0.875,1.0
8114,8,1,115,0.9370143752195885,0.9240439560439562,0.875,1.0
8115,8,1,116,0.9370143752195885,0.9240439560439562,0.875,0.0
8116,8,1,117,0.9370143752195885,0.9240439560439562,0.875,1.0
8117,8,1,118,0.9370143752195885,0.9240439560439562,0.875,1.0
8118,8,1,119,0.9370143752195885,0.9240439560439562,0.875,2.0
8119,8,1,120,0.9370143752195885,0.9240439560439562,0.875,0.0
8120,8,1,121,0.9370143752195885,0.9240439560439562,0.875,0.0
8121,8,1,122,0.9370143752195885,0.9240439560439562,0.875,2.0
8122,8,1,123,0.9370143752195885,0.9240439560439562,0.875,1.0
8123,8,1,124,0.9370143752195885,0.9240439560439562,0.875,0.0
8124,8,1,125,0.9370143752195885,0.9240439560439562,0.875,2.0
8125,8,1,126,0.9370143752195885,0.9240439560439562,0.875,0.0
8126,8,1,127,0.9370143752195885,0.9240439560439562,0.875,1.0
8127,8,1,128,0.9370143752195885,0.9240439560439562,0.875,1.0
8128,8,1,129,0.9370143752195885,0.9240439560439562,0.875,2.0
8129,8,1,130,0.9370143752195885,0.9240439560439562,0.875,1.0
8130,8,1,131,0.9370143752195885,0.9240439560439562,0.875,0.0
8131,8,1,132,0.9370143752195885,0.9240439560439562,0.875,3.0
8132,8,1,133,0.9370143752195885,0.9240439560439562,0.875,1.0
8133,8,1,134,0.9370143752195885,0.9240439560439562,0.875,0.0
8134,8,1,135,0.9370143752195885,0.9240439560439562,0.875,0.0
8135,8,1,136,0.9370143752195885,0.9240439560439562,0.875,0.0
8136,8,1,137,0.9370143752195885,0.9240439560439562,0.875,3.0
8137,8,1,138,0.9370143752195885,0.9240439560439562,0.875,0.0
8138,8,1,139,0.9370143752195885,0.9240439560439562,0.875,2.0
8139,8,1,140,0.9370143752195885,0.9240439560439562,0.875,0.0
8140,8,1,141,0.9370143752195885,0.9240439560439562,0.875,1.0
8141,8,1,142,0.9370143752195885,0.9240439560439562,0.875,0.0
8142,8,1,143,0.9370143752195885,0.9240439560439562,0.875,0.0
8143,8,1,144,0.9370143752195885,0.9240439560439562,0.875,1.0
8144,8,1,145,0.9370143752195885,0.9240439560439562,0.875,3.0
8145,8,1,146,0.9370143752195885,0.9240439560439562,0.875,1.0
8146,8,1,147,0.9370143752195885,0.9240439560439562,0.875,1.0
8147,8,1,148,0.9370143752195885,0.9240439560439562,0.875,3.0
8148,8,1,149,0.9370143752195885,0.9240439560439562,0.875,0.0
8149,8,1,150,0.9370143752195885,0.9240439560439562,0.875,0.0
8150,8,1,151,0.9370143752195885,0.9240439560439562,0.875,1.0
8151,8,1,152,0.9370143752195885,0.9240439560439562,0.875,1.0
8152,8,1,153,0.9370143752195885,0.9240439560439562,0.875,2.0
8153,8,1,154,0.9370143752195885,0.9240439560439562,0.875,0.0
8154,8,1,155,0.9370143752195885,0.9240439560439562,0.875,1.0
8155,8,1,156,0.9370143752195885,0.9240439560439562,0.875,0.0
8156,8,1,157,0.9370143752195885,0.9240439560439562,0.875,0.0
8157,8,1,158,0.9370143752195885,0.9240439560439562,0.875,0.0
8158,8,1,159,0.9370143752195885,0.9240439560439562,0.875,1.0
8159,8,1,160,0.9370143752195885,0.9240439560439562,0.875,2.0
8160,8,1,161,0.9370143752195885,0.9240439560439562,0.875,1.0
8161,8,1,162,0.9370143752195885,0.9240439560439562,0.875,0.0
8162,8,1,163,0.9370143752195885,0.9240439560439562,0.875,3.0
8163,8,1,164,0.9370143752195885,0.9240439560439562,0.875,2.0
8164,8,1,165,0.9370143752195885,0.9240439560439562,0.875,0.0
8165,8,1,166,0.9370143752195885,0.9240439560439562,0.875,1.0
8166,8,1,167,0.9370143752195885,0.9240439560439562,0.875,2.0
8167,8,1,168,0.9370143752195885,0.9240439560439562,0.875,0.0
8168,8,1,169,0.9370143752195885,0.9240439560439562,0.875,1.0
8169,8,1,170,0.9370143752195885,0.9240439560439562,0.875,0.0
8170,8,1,171,0.9370143752195885,0.9240439560439562,0.875,0.0
8171,8,1,172,0.9370143752195885,0.9240439560439562,0.875,2.0
8172,8,1,173,0.9370143752195885,0.9240439560439562,0.875,2.0
8173,8,1,174,0.9370143752195885,0.9240439560439562,0.875,0.0
8174,8,1,175,0.9370143752195885,0.9240439560439562,0.875,1.0
8175,8,1,176,0.9370143752195885,0.9240439560439562,0.875,2.0
8176,8,1,177,0.9370143752195885,0.9240439560439562,0.875,1.0
8177,8,1,178,0.9370143752195885,0.9240439560439562,0.875,1.0
8178,8,1,179,0.9370143752195885,0.9240439560439562,0.875,0.0
8179,8,1,180,0.9370143752195885,0.9240439560439562,0.875,2.0
8180,8,1,181,0.9370143752195885,0.9240439560439562,0.875,0.0
8181,8,1,182,0.9370143752195885,0.9240439560439562,0.875,1.0
8182,8,1,183,0.9370143752195885,0.9240439560439562,0.875,0.0
8183,8,1,184,0.9370143752195885,0.9240439560439562,0.875,3.0
8184,8,1,185,0.9370143752195885,0.9240439560439562,0.875,1.0
8185,8,1,186,0.9370143752195885,0.9240439560439562,0.875,1.0
8186,8,1,187,0.9370143752195885,0.9240439560439562,0.875,2.0
8187,8,1,188,0.9370143752195885,0.9240439560439562,0.875,0.0
8188,8,1,189,0.9370143752195885,0.9240439560439562,0.875,0.0
8189,8,1,190,0.9370143752195885,0.9240439560439562,0.875,1.0
8190,8,1,191,0.9370143752195885,0.9240439560439562,0.875,1.0
8191,8,1,192,0.9402373264085325,0.929846153846154,0.9090909090909091,0.0
8192,8,1,193,0.9402373264085325,0.929846153846154,0.9090909090909091,1.0
8193,8,1,194,0.9402373264085325,0.929846153846154,0.9090909090909091,1.0
8194,8,1,195,0.9402373264085325,0.929846153846154,0.9090909090909091,1.0
8195,8,1,196,0.9402373264085325,0.929846153846154,0.9090909090909091,0.0
8196,8,1,197,0.9402373264085325,0.929846153846154,0.9090909090909091,2.0
8197,8,1,198,0.9402373264085325,0.929846153846154,0.9090909090909091,1.0
8198,8,1,199,0.9402373264085325,0.929846153846154,0.9090909090909091,0.0
8199,8,1,200,0.9402373264085325,0.929846153846154,0.9090909090909091,2.0
8200,8,2,1,0.934295342777092,0.8889727047146403,0.9375,0.0
8201,8,2,2,0.9365850950580275,0.897588089330025,0.9696969696969697,0.0
8202,8,2,3,0.9365850950580275,0.897588089330025,0.9696969696969697,0.0
8203,8,2,4,0.9365850950580275,0.897588089330025,0.9696969696969697,0.0
8204,8,2,5,0.9363055702502008,0.9055652973072329,0.9375,0.0
8205,8,2,6,0.9363055702502008,0.9055652973072329,0.9375,0.0
8206,8,2,7,0.9363055702502008,0.9055652973072329,0.9375,0.0
8207,8,2,8,0.9363055702502008,0.9055652973072329,0.9375,0.0
8208,8,2,9,0.9363055702502008,0.9055652973072329,0.9375,0.0
8209,8,2,10,0.9363055702502008,0.9055652973072329,0.9375,0.0
8210,8,2,11,0.9363055702502008,0.9055652973072329,0.9375,0.0
8211,8,2,12,0.9363055702502008,0.9055652973072329,0.9375,0.0
8212,8,2,13,0.9363055702502008,0.9055652973072329,0.9375,0.0
8213,8,2,14,0.9363055702502008,0.9055652973072329,0.9375,1.0
8214,8,2,15,0.9363055702502008,0.9055652973072329,0.9375,0.0
8215,8,2,16,0.9363055702502008,0.9055652973072329,0.9375,0.0
8216,8,2,17,0.9363055702502008,0.9055652973072329,0.9375,0.0
8217,8,2,18,0.9363055702502008,0.9055652973072329,0.9375,0.0
8218,8,2,19,0.9363055702502008,0.9055652973072329,0.9375,1.0
8219,8,2,20,0.9363055702502008,0.9055652973072329,0.9375,1.0
8220,8,2,21,0.9363055702502008,0.9055652973072329,0.9375,0.0
8221,8,2,22,0.9363055702502008,0.9055652973072329,0.9375,0.0
8222,8,2,23,0.9363055702502008,0.9055652973072329,0.9375,1.0
8223,8,2,24,0.9363055702502008,0.9055652973072329,0.9375,0.0
8224,8,2,25,0.9363055702502008,0.9055652973072329,0.9375,3.0
8225,8,2,26,0.9363055702502008,0.9055652973072329,0.9375,0.0
8226,8,2,27,0.9363055702502008,0.9055652973072329,0.9375,0.0
8227,8,2,28,0.9363055702502008,0.9055652973072329,0.9375,1.0
8228,8,2,29,0.9363055702502008,0.9055652973072329,0.9375,1.0
8229,8,2,30,0.9363055702502008,0.9055652973072329,0.9375,0.0
8230,8,2,31,0.9363055702502008,0.9055652973072329,0.9375,1.0
8231,8,2,32,0.9363055702502008,0.9055652973072329,0.9375,1.0
8232,8,2,33,0.9363055702502008,0.9055652973072329,0.9375,2.0
8233,8,2,34,0.9422617998001529,0.906664198406134,0.875,1.0
8234,8,2,35,0.9422617998001529,0.906664198406134,0.875,0.0
8235,8,2,36,0.9422617998001529,0.906664198406134,0.875,0.0
8236,8,2,37,0.9422617998001529,0.906664198406134,0.875,2.0
8237,8,2,38,0.9422617998001529,0.906664198406134,0.875,1.0
8238,8,2,39,0.9422617998001529,0.906664198406134,0.875,1.0
8239,8,2,40,0.9422617998001529,0.906664198406134,0.875,0.0
8240,8,2,41,0.9422617998001529,0.906664198406134,0.875,0.0
8241,8,2,42,0.9422617998001529,0.906664198406134,0.875,2.0
8242,8,2,43,0.9422617998001529,0.906664198406134,0.875,1.0
8243,8,2,44,0.9422617998001529,0.906664198406134,0.875,1.0
8244,8,2,45,0.9422617998001529,0.906664198406134,0.875,0.0
8245,8,2,46,0.9422617998001529,0.906664198406134,0.875,0.0
8246,8,2,47,0.9422617998001529,0.906664198406134,0.875,1.0
8247,8,2,48,0.9422617998001529,0.906664198406134,0.875,3.0
8248,8,2,49,0.9422617998001529,0.906664198406134,0.875,0.0
8249,8,2,50,0.9422617998001529,0.906664198406134,0.875,1.0
8250,8,2,51,0.9422617998001529,0.906664198406134,0.875,1.0
8251,8,2,52,0.9422617998001529,0.906664198406134,0.875,1.0
8252,8,2,53,0.9422617998001529,0.906664198406134,0.875,0.0
8253,8,2,54,0.9422617998001529,0.906664198406134,0.875,2.0
8254,8,2,55,0.9422617998001529,0.906664198406134,0.875,1.0
8255,8,2,56,0.9422617998001529,0.906664198406134,0.875,0.0
8256,8,2,57,0.9422617998001529,0.906664198406134,0.875,2.0
8257,8,2,58,0.9422617998001529,0.906664198406134,0.875,1.0
8258,8,2,59,0.9422617998001529,0.906664198406134,0.875,0.0
8259,8,2,60,0.9422617998001529,0.906664198406134,0.875,0.0
8260,8,2,61,0.9422617998001529,0.906664198406134,0.875,3.0
8261,8,2,62,0.9422617998001529,0.906664198406134,0.875,0.0
8262,8,2,63,0.9422617998001529,0.906664198406134,0.875,2.0
8263,8,2,64,0.9422617998001529,0.906664198406134,0.875,1.0
8264,8,2,65,0.9422617998001529,0.906664198406134,0.875,0.0
8265,8,2,66,0.9422617998001529,0.906664198406134,0.875,2.0
8266,8,2,67,0.9422617998001529,0.906664198406134,0.875,0.0
8267,8,2,68,0.9422617998001529,0.906664198406134,0.875,1.0
8268,8,2,69,0.9422617998001529,0.906664198406134,0.875,2.0
8269,8,2,70,0.9422617998001529,0.906664198406134,0.875,0.0
8270,8,2,71,0.9422617998001529,0.906664198406134,0.875,0.0
8271,8,2,72,0.9422617998001529,0.906664198406134,0.875,2.0
8272,8,2,73,0.9422617998001529,0.906664198406134,0.875,1.0
8273,8,2,74,0.9422617998001529,0.906664198406134,0.875,1.0
8274,8,2,75,0.9422617998001529,0.906664198406134,0.875,1.0
8275,8,2,76,0.9422617998001529,0.906664198406134,0.875,2.0
8276,8,2,77,0.9422617998001529,0.906664198406134,0.875,0.0
8277,8,2,78,0.9422617998001529,0.906664198406134,0.875,2.0
8278,8,2,79,0.9422617998001529,0.906664198406134,0.875,1.0
8279,8,2,80,0.9422617998001529,0.906664198406134,0.875,1.0
8280,8,2,81,0.9422617998001529,0.906664198406134,0.875,0.0
8281,8,2,82,0.9422617998001529,0.906664198406134,0.875,0.0
8282,8,2,83,0.9422617998001529,0.906664198406134,0.875,0.0
8283,8,2,84,0.9422617998001529,0.906664198406134,0.875,2.0
8284,8,2,85,0.9422617998001529,0.906664198406134,0.875,1.0
8285,8,2,86,0.9422617998001529,0.906664198406134,0.875,2.0
8286,8,2,87,0.9422617998001529,0.906664198406134,0.875,0.0
8287,8,2,88,0.9422617998001529,0.906664198406134,0.875,1.0
8288,8,2,89,0.9422617998001529,0.906664198406134,0.875,0.0
8289,8,2,90,0.9422617998001529,0.906664198406134,0.875,1.0
8290,8,2,91,0.9422617998001529,0.906664198406134,0.875,3.0
8291,8,2,92,0.9422617998001529,0.906664198406134,0.875,1.0
8292,8,2,93,0.9422617998001529,0.906664198406134,0.875,1.0
8293,8,2,94,0.9422617998001529,0.906664198406134,0.875,1.0
8294,8,2,95,0.9422617998001529,0.906664198406134,0.875,1.0
8295,8,2,96,0.9422617998001529,0.906664198406134,0.875,1.0
8296,8,2,97,0.9422617998001529,0.906664198406134,0.875,1.0
8297,8,2,98,0.9422617998001529,0.906664198406134,0.875,0.0
8298,8,2,99,0.9422617998001529,0.906664198406134,0.875,2.0
8299,8,2,100,0.9422617998001529,0.906664198406134,0.875,0.0
8300,8,2,101,0.9422617998001529,0.906664198406134,0.875,1.0
8301,8,2,102,0.9422617998001529,0.906664198406134,0.875,2.0
8302,8,2,103,0.9422617998001529,0.906664198406134,0.875,0.0
8303,8,2,104,0.9422617998001529,0.906664198406134,0.875,1.0
8304,8,2,105,0.9422617998001529,0.906664198406134,0.875,0.0
8305,8,2,106,0.9422617998001529,0.906664198406134,0.875,2.0
8306,8,2,107,0.9422617998001529,0.906664198406134,0.875,2.0
8307,8,2,108,0.9422617998001529,0.906664198406134,0.875,1.0
8308,8,2,109,0.9422617998001529,0.906664198406134,0.875,0.0
8309,8,2,110,0.9422617998001529,0.906664198406134,0.875,0.0
8310,8,2,111,0.9422617998001529,0.906664198406134,0.875,0.0
8311,8,2,112,0.9422617998001529,0.906664198406134,0.875,2.0
8312,8,2,113,0.9422617998001529,0.906664198406134,0.875,1.0
8313,8,2,114,0.9422617998001529,0.906664198406134,0.875,3.0
8314,8,2,115,0.9422617998001529,0.906664198406134,0.875,0.0
8315,8,2,116,0.9422617998001529,0.906664198406134,0.875,1.0
8316,8,2,117,0.9422617998001529,0.906664198406134,0.875,0.0
8317,8,2,118,0.9422617998001529,0.906664198406134,0.875,2.0
8318,8,2,119,0.9422617998001529,0.906664198406134,0.875,1.0
8319,8,2,120,0.9422617998001529,0.906664198406134,0.875,0.0
8320,8,2,121,0.9422617998001529,0.906664198406134,0.875,2.0
8321,8,2,122,0.9422617998001529,0.906664198406134,0.875,0.0
8322,8,2,123,0.9422617998001529,0.906664198406134,0.875,2.0
8323,8,2,124,0.9422617998001529,0.906664198406134,0.875,0.0
8324,8,2,125,0.9422617998001529,0.906664198406134,0.875,0.0
8325,8,2,126,0.9422617998001529,0.906664198406134,0.875,2.0
8326,8,2,127,0.9422617998001529,0.906664198406134,0.875,2.0
8327,8,2,128,0.9422617998001529,0.906664198406134,0.875,1.0
8328,8,2,129,0.9422617998001529,0.906664198406134,0.875,1.0
8329,8,2,130,0.9422617998001529,0.906664198406134,0.875,1.0
8330,8,2,131,0.9422617998001529,0.906664198406134,0.875,1.0
8331,8,2,132,0.9422617998001529,0.906664198406134,0.875,1.0
8332,8,2,133,0.9422617998001529,0.906664198406134,0.875,0.0
8333,8,2,134,0.9422617998001529,0.906664198406134,0.875,0.0
8334,8,2,135,0.9422617998001529,0.906664198406134,0.875,1.0
8335,8,2,136,0.9422617998001529,0.906664198406134,0.875,0.0
8336,8,2,137,0.9422617998001529,0.906664198406134,0.875,2.0
8337,8,2,138,0.9422617998001529,0.906664198406134,0.875,2.0
8338,8,2,139,0.9422617998001529,0.906664198406134,0.875,1.0
8339,8,2,140,0.9422617998001529,0.906664198406134,0.875,0.0
8340,8,2,141,0.9422617998001529,0.906664198406134,0.875,1.0
8341,8,2,142,0.9422617998001529,0.906664198406134,0.875,2.0
8342,8,2,143,0.9422617998001529,0.906664198406134,0.875,1.0
8343,8,2,144,0.9422617998001529,0.906664198406134,0.875,2.0
8344,8,2,145,0.9422617998001529,0.906664198406134,0.875,1.0
8345,8,2,146,0.9422617998001529,0.906664198406134,0.875,0.0
8346,8,2,147,0.9422617998001529,0.906664198406134,0.875,1.0
8347,8,2,148,0.9422617998001529,0.906664198406134,0.875,0.0
8348,8,2,149,0.9422617998001529,0.906664198406134,0.875,1.0
8349,8,2,150,0.9422617998001529,0.906664198406134,0.875,0.0
8350,8,2,151,0.9422617998001529,0.906664198406134,0.875,1.0
8351,8,2,152,0.9422617998001529,0.906664198406134,0.875,0.0
8352,8,2,153,0.9422617998001529,0.906664198406134,0.875,4.0
8353,8,2,154,0.9422617998001529,0.906664198406134,0.875,1.0
8354,8,2,155,0.9422617998001529,0.906664198406134,0.875,0.0
8355,8,2,156,0.9422617998001529,0.906664198406134,0.875,0.0
8356,8,2,157,0.9422617998001529,0.906664198406134,0.875,2.0
8357,8,2,158,0.9398299339720605,0.9129499126918482,0.9375,1.0
8358,8,2,159,0.9398299339720605,0.9129499126918482,0.9375,1.0
8359,8,2,160,0.9398299339720605,0.9129499126918482,0.9375,1.0
8360,8,2,161,0.9398299339720605,0.9129499126918482,0.9375,0.0
8361,8,2,162,0.9398299339720605,0.9129499126918482,0.9375,0.0
8362,8,2,163,0.9398299339720605,0.9129499126918482,0.9375,1.0
8363,8,2,164,0.9398299339720605,0.9129499126918482,0.9375,1.0
8364,8,2,165,0.9398299339720605,0.9129499126918482,0.9375,1.0
8365,8,2,166,0.9398299339720605,0.9129499126918482,0.9375,1.0
8366,8,2,167,0.9398299339720605,0.9129499126918482,0.9375,1.0
8367,8,2,168,0.9398299339720605,0.9129499126918482,0.9375,0.0
8368,8,2,169,0.9398299339720605,0.9129499126918482,0.9375,1.0
8369,8,2,170,0.9398299339720605,0.9129499126918482,0.9375,1.0
8370,8,2,171,0.9398299339720605,0.9129499126918482,0.9375,0.0
8371,8,2,172,0.9398299339720605,0.9129499126918482,0.9375,5.0
8372,8,2,173,0.9398299339720605,0.9129499126918482,0.9375,2.0
8373,8,2,174,0.9398299339720605,0.9129499126918482,0.9375,0.0
8374,8,2,175,0.9398299339720605,0.9129499126918482,0.9375,0.0
8375,8,2,176,0.9398299339720605,0.9129499126918482,0.9375,0.0
8376,8,2,177,0.9398299339720605,0.9129499126918482,0.9375,2.0
8377,8,2,178,0.9398299339720605,0.9129499126918482,0.9375,0.0
8378,8,2,179,0.9398299339720605,0.9129499126918482,0.9375,1.0
8379,8,2,180,0.9398299339720605,0.9129499126918482,0.9375,0.0
8380,8,2,181,0.9398299339720605,0.9129499126918482,0.9375,1.0
8381,8,2,182,0.9398299339720605,0.9129499126918482,0.9375,0.0
8382,8,2,183,0.9398299339720605,0.9129499126918482,0.9375,3.0
8383,8,2,184,0.9398299339720605,0.9129499126918482,0.9375,2.0
8384,8,2,185,0.9398299339720605,0.9129499126918482,0.9375,0.0
8385,8,2,186,0.9398299339720605,0.9129499126918482,0.9375,1.0
8386,8,2,187,0.9398299339720605,0.9129499126918482,0.9375,1.0
8387,8,2,188,0.9398299339720605,0.9129499126918482,0.9375,0.0
8388,8,2,189,0.9398299339720605,0.9129499126918482,0.9375,0.0
8389,8,2,190,0.9398299339720605,0.9129499126918482,0.9375,2.0
8390,8,2,191,0.9398299339720605,0.9129499126918482,0.9375,2.0
8391,8,2,192,0.9398299339720605,0.9129499126918482,0.9375,2.0
8392,8,2,193,0.9398299339720605,0.9129499126918482,0.9375,0.0
8393,8,2,194,0.9398299339720605,0.9129499126918482,0.9375,1.0
8394,8,2,195,0.9398299339720605,0.9129499126918482,0.9375,0.0
8395,8,2,196,0.9398299339720605,0.9129499126918482,0.9375,1.0
8396,8,2,197,0.9398299339720605,0.9129499126918482,0.9375,1.0
8397,8,2,198,0.9398299339720605,0.9129499126918482,0.9375,1.0
8398,8,2,199,0.9398299339720605,0.9129499126918482,0.9375,1.0
8399,8,2,200,0.9398299339720605,0.9129499126918482,0.9375,0.0
8400,8,3,1,0.9508569453523583,0.9024605024605025,0.875,0.0
8401,8,3,2,0.9560191321036051,0.9092981092981093,0.9375,0.0
8402,8,3,3,0.9560191321036051,0.9092981092981093,0.9375,0.0
8403,8,3,4,0.9526238498715562,0.9172753172753172,0.8666666666666667,0.0
8404,8,3,5,0.9526238498715562,0.9172753172753172,0.8666666666666667,0.0
8405,8,3,6,0.9526238498715562,0.9172753172753172,0.8666666666666667,0.0
8406,8,3,7,0.9526238498715562,0.9172753172753172,0.8666666666666667,0.0
8407,8,3,8,0.9526238498715562,0.9172753172753172,0.8666666666666667,0.0
8408,8,3,9,0.9526238498715562,0.9172753172753172,0.8666666666666667,0.0
8409,8,3,10,0.9526238498715562,0.9172753172753172,0.8666666666666667,0.0
8410,8,3,11,0.9526238498715562,0.9172753172753172,0.8666666666666667,0.0
8411,8,3,12,0.9526238498715562,0.9172753172753172,0.8666666666666667,0.0
8412,8,3,13,0.9526238498715562,0.9172753172753172,0.8666666666666667,0.0
8413,8,3,14,0.9526238498715562,0.9172753172753172,0.8666666666666667,0.0
8414,8,3,15,0.9526238498715562,0.9172753172753172,0.8666666666666667,1.0
8415,8,3,16,0.9526238498715562,0.9172753172753172,0.8666666666666667,0.0
8416,8,3,17,0.9526238498715562,0.9172753172753172,0.8666666666666667,2.0
8417,8,3,18,0.9526238498715562,0.9172753172753172,0.8666666666666667,1.0
8418,8,3,19,0.9526238498715562,0.9172753172753172,0.8666666666666667,1.0
8419,8,3,20,0.9526238498715562,0.9172753172753172,0.8666666666666667,0.0
8420,8,3,21,0.9526238498715562,0.9172753172753172,0.8666666666666667,1.0
8421,8,3,22,0.9526238498715562,0.9172753172753172,0.8666666666666667,2.0
8422,8,3,23,0.9526238498715562,0.9172753172753172,0.8666666666666667,0.0
8423,8,3,24,0.9526238498715562,0.9172753172753172,0.8666666666666667,0.0
8424,8,3,25,0.9526238498715562,0.9172753172753172,0.8666666666666667,0.0
8425,8,3,26,0.9526238498715562,0.9172753172753172,0.8666666666666667,1.0
8426,8,3,27,0.9526238498715562,0.9172753172753172,0.8666666666666667,0.0
8427,8,3,28,0.9526238498715562,0.9172753172753172,0.8666666666666667,1.0
8428,8,3,29,0.9526238498715562,0.9172753172753172,0.8666666666666667,1.0
8429,8,3,30,0.9526238498715562,0.9172753172753172,0.8666666666666667,1.0
8430,8,3,31,0.9526238498715562,0.9172753172753172,0.8666666666666667,2.0
8431,8,3,32,0.9526238498715562,0.9172753172753172,0.8666666666666667,1.0
8432,8,3,33,0.9526238498715562,0.9172753172753172,0.8666666666666667,3.0
8433,8,3,34,0.9526238498715562,0.9172753172753172,0.8666666666666667,1.0
8434,8,3,35,0.9526238498715562,0.9172753172753172,0.8666666666666667,2.0
8435,8,3,36,0.9526238498715562,0.9172753172753172,0.8666666666666667,1.0
8436,8,3,37,0.9526238498715562,0.9172753172753172,0.8666666666666667,0.0
8437,8,3,38,0.9526238498715562,0.9172753172753172,0.8666666666666667,0.0
8438,8,3,39,0.9526238498715562,0.9172753172753172,0.8666666666666667,0.0
8439,8,3,40,0.9526238498715562,0.9172753172753172,0.8666666666666667,1.0
8440,8,3,41,0.9526238498715562,0.9172753172753172,0.8666666666666667,0.0
8441,8,3,42,0.9526238498715562,0.9172753172753172,0.8666666666666667,0.0
8442,8,3,43,0.9526238498715562,0.9172753172753172,0.8666666666666667,0.0
8443,8,3,44,0.9526238498715562,0.9172753172753172,0.8666666666666667,0.0
8444,8,3,45,0.9526238498715562,0.9172753172753172,0.8666666666666667,3.0
8445,8,3,46,0.9526238498715562,0.9172753172753172,0.8666666666666667,1.0
8446,8,3,47,0.9526238498715562,0.9172753172753172,0.8666666666666667,2.0
8447,8,3,48,0.9526238498715562,0.9172753172753172,0.8666666666666667,1.0
8448,8,3,49,0.9526238498715562,0.9172753172753172,0.8666666666666667,1.0
8449,8,3,50,0.9526238498715562,0.9172753172753172,0.8666666666666667,1.0
8450,8,3,51,0.9526238498715562,0.9172753172753172,0.8666666666666667,1.0
8451,8,3,52,0.9526238498715562,0.9172753172753172,0.8666666666666667,3.0
8452,8,3,53,0.9526238498715562,0.9172753172753172,0.8666666666666667,2.0
8453,8,3,54,0.9526238498715562,0.9172753172753172,0.8666666666666667,0.0
8454,8,3,55,0.9526238498715562,0.9172753172753172,0.8666666666666667,0.0
8455,8,3,56,0.9526238498715562,0.9172753172753172,0.8666666666666667,0.0
8456,8,3,57,0.9526238498715562,0.9172753172753172,0.8666666666666667,0.0
8457,8,3,58,0.9526238498715562,0.9172753172753172,0.8666666666666667,0.0
8458,8,3,59,0.9526238498715562,0.9172753172753172,0.8666666666666667,1.0
8459,8,3,60,0.9526238498715562,0.9172753172753172,0.8666666666666667,2.0
8460,8,3,61,0.9526238498715562,0.9172753172753172,0.8666666666666667,3.0
8461,8,3,62,0.9526238498715562,0.9172753172753172,0.8666666666666667,1.0
8462,8,3,63,0.9526238498715562,0.9172753172753172,0.8666666666666667,1.0
8463,8,3,64,0.9526238498715562,0.9172753172753172,0.8666666666666667,0.0
8464,8,3,65,0.9526238498715562,0.9172753172753172,0.8666666666666667,1.0
8465,8,3,66,0.9526238498715562,0.9172753172753172,0.8666666666666667,0.0
8466,8,3,67,0.9526238498715562,0.9172753172753172,0.8666666666666667,2.0
8467,8,3,68,0.9526238498715562,0.9172753172753172,0.8666666666666667,0.0
8468,8,3,69,0.9526238498715562,0.9172753172753172,0.8666666666666667,1.0
8469,8,3,70,0.9526238498715562,0.9172753172753172,0.8666666666666667,1.0
8470,8,3,71,0.9526238498715562,0.9172753172753172,0.8666666666666667,1.0
8471,8,3,72,0.9526238498715562,0.9172753172753172,0.8666666666666667,1.0
8472,8,3,73,0.9526238498715562,0.9172753172753172,0.8666666666666667,1.0
8473,8,3,74,0.9526238498715562,0.9172753172753172,0.8666666666666667,0.0
8474,8,3,75,0.9526238498715562,0.9172753172753172,0.8666666666666667,3.0
8475,8,3,76,0.9526238498715562,0.9172753172753172,0.8666666666666667,2.0
8476,8,3,77,0.9526238498715562,0.9172753172753172,0.8666666666666667,1.0
8477,8,3,78,0.9526238498715562,0.9172753172753172,0.8666666666666667,1.0
8478,8,3,79,0.9526238498715562,0.9172753172753172,0.8666666666666667,0.0
8479,8,3,80,0.9526238498715562,0.9172753172753172,0.8666666666666667,0.0
8480,8,3,81,0.9526238498715562,0.9172753172753172,0.8666666666666667,0.0
8481,8,3,82,0.9526238498715562,0.9172753172753172,0.8666666666666667,1.0
8482,8,3,83,0.9526238498715562,0.9172753172753172,0.8666666666666667,1.0
8483,8,3,84,0.9526238498715562,0.9172753172753172,0.8666666666666667,1.0
8484,8,3,85,0.9526238498715562,0.9172753172753172,0.8666666666666667,1.0
8485,8,3,86,0.9526238498715562,0.9172753172753172,0.8666666666666667,0.0
8486,8,3,87,0.9526238498715562,0.9172753172753172,0.8666666666666667,1.0
8487,8,3,88,0.9526238498715562,0.9172753172753172,0.8666666666666667,3.0
8488,8,3,89,0.9526238498715562,0.9172753172753172,0.8666666666666667,0.0
8489,8,3,90,0.9526238498715562,0.9172753172753172,0.8666666666666667,2.0
8490,8,3,91,0.9526238498715562,0.9172753172753172,0.8666666666666667,2.0
8491,8,3,92,0.9526238498715562,0.9172753172753172,0.8666666666666667,0.0
8492,8,3,93,0.9526238498715562,0.9172753172753172,0.8666666666666667,0.0
8493,8,3,94,0.9526238498715562,0.9172753172753172,0.8666666666666667,1.0
8494,8,3,95,0.9526238498715562,0.9172753172753172,0.8666666666666667,2.0
8495,8,3,96,0.9526238498715562,0.9172753172753172,0.8666666666666667,1.0
8496,8,3,97,0.9526238498715562,0.9172753172753172,0.8666666666666667,0.0
8497,8,3,98,0.9526238498715562,0.9172753172753172,0.8666666666666667,0.0
8498,8,3,99,0.9526238498715562,0.9172753172753172,0.8666666666666667,1.0
8499,8,3,100,0.9526238498715562,0.9172753172753172,0.8666666666666667,0.0
8500,8,3,101,0.9526238498715562,0.9172753172753172,0.8666666666666667,1.0
8501,8,3,102,0.9526238498715562,0.9172753172753172,0.8666666666666667,1.0
8502,8,3,103,0.9526238498715562,0.9172753172753172,0.8666666666666667,0.0
8503,8,3,104,0.9526238498715562,0.9172753172753172,0.8666666666666667,2.0
8504,8,3,105,0.9526238498715562,0.9172753172753172,0.8666666666666667,0.0
8505,8,3,106,0.9526238498715562,0.9172753172753172,0.8666666666666667,1.0
8506,8,3,107,0.9526238498715562,0.9172753172753172,0.8666666666666667,3.0
8507,8,3,108,0.9526238498715562,0.9172753172753172,0.8666666666666667,1.0
8508,8,3,109,0.9526238498715562,0.9172753172753172,0.8666666666666667,3.0
8509,8,3,110,0.9526238498715562,0.9172753172753172,0.8666666666666667,0.0
8510,8,3,111,0.9526238498715562,0.9172753172753172,0.8666666666666667,1.0
8511,8,3,112,0.9526238498715562,0.9172753172753172,0.8666666666666667,0.0
8512,8,3,113,0.9526238498715562,0.9172753172753172,0.8666666666666667,1.0
8513,8,3,114,0.9526238498715562,0.9172753172753172,0.8666666666666667,0.0
8514,8,3,115,0.9526238498715562,0.9172753172753172,0.8666666666666667,1.0
8515,8,3,116,0.9526238498715562,0.9172753172753172,0.8666666666666667,1.0
8516,8,3,117,0.9526238498715562,0.9172753172753172,0.8666666666666667,0.0
8517,8,3,118,0.9526238498715562,0.9172753172753172,0.8666666666666667,1.0
8518,8,3,119,0.9526238498715562,0.9172753172753172,0.8666666666666667,1.0
8519,8,3,120,0.9526238498715562,0.9172753172753172,0.8666666666666667,0.0
8520,8,3,121,0.9526238498715562,0.9172753172753172,0.8666666666666667,2.0
8521,8,3,122,0.9526238498715562,0.9172753172753172,0.8666666666666667,1.0
8522,8,3,123,0.9526238498715562,0.9172753172753172,0.8666666666666667,1.0
8523,8,3,124,0.9526238498715562,0.9172753172753172,0.8666666666666667,1.0
8524,8,3,125,0.9526238498715562,0.9172753172753172,0.8666666666666667,1.0
8525,8,3,126,0.9526238498715562,0.9172753172753172,0.8666666666666667,2.0
8526,8,3,127,0.9526238498715562,0.9172753172753172,0.8666666666666667,2.0
8527,8,3,128,0.9526238498715562,0.9172753172753172,0.8666666666666667,0.0
8528,8,3,129,0.9526238498715562,0.9172753172753172,0.8666666666666667,1.0
8529,8,3,130,0.9526238498715562,0.9172753172753172,0.8666666666666667,0.0
8530,8,3,131,0.9526238498715562,0.9172753172753172,0.8666666666666667,3.0
8531,8,3,132,0.9526238498715562,0.9172753172753172,0.8666666666666667,0.0
8532,8,3,133,0.9526238498715562,0.9172753172753172,0.8666666666666667,0.0
8533,8,3,134,0.9526238498715562,0.9172753172753172,0.8666666666666667,0.0
8534,8,3,135,0.9526238498715562,0.9172753172753172,0.8666666666666667,0.0
8535,8,3,136,0.9526238498715562,0.9172753172753172,0.8666666666666667,3.0
8536,8,3,137,0.9526238498715562,0.9172753172753172,0.8666666666666667,2.0
8537,8,3,138,0.9526238498715562,0.9172753172753172,0.8666666666666667,1.0
8538,8,3,139,0.9526238498715562,0.9172753172753172,0.8666666666666667,0.0
8539,8,3,140,0.9526238498715562,0.9172753172753172,0.8666666666666667,1.0
8540,8,3,141,0.9526238498715562,0.9172753172753172,0.8666666666666667,1.0
8541,8,3,142,0.9526238498715562,0.9172753172753172,0.8666666666666667,1.0
8542,8,3,143,0.9526238498715562,0.9172753172753172,0.8666666666666667,2.0
8543,8,3,144,0.9526238498715562,0.9172753172753172,0.8666666666666667,1.0
8544,8,3,145,0.9526238498715562,0.9172753172753172,0.8666666666666667,0.0
8545,8,3,146,0.9526238498715562,0.9172753172753172,0.8666666666666667,1.0
8546,8,3,147,0.9526238498715562,0.9172753172753172,0.8666666666666667,1.0
8547,8,3,148,0.9526238498715562,0.9172753172753172,0.8666666666666667,1.0
8548,8,3,149,0.9526238498715562,0.9172753172753172,0.8666666666666667,1.0
8549,8,3,150,0.9526238498715562,0.9172753172753172,0.8666666666666667,0.0
8550,8,3,151,0.9526238498715562,0.9172753172753172,0.8666666666666667,1.0
8551,8,3,152,0.9526238498715562,0.9172753172753172,0.8666666666666667,3.0
8552,8,3,153,0.9526238498715562,0.9172753172753172,0.8666666666666667,0.0
8553,8,3,154,0.9526238498715562,0.9172753172753172,0.8666666666666667,1.0
8554,8,3,155,0.9526238498715562,0.9172753172753172,0.8666666666666667,1.0
8555,8,3,156,0.9526238498715562,0.9172753172753172,0.8666666666666667,0.0
8556,8,3,157,0.9526238498715562,0.9172753172753172,0.8666666666666667,3.0
8557,8,3,158,0.9526238498715562,0.9172753172753172,0.8666666666666667,1.0
8558,8,3,159,0.9526238498715562,0.9172753172753172,0.8666666666666667,0.0
8559,8,3,160,0.9526238498715562,0.9172753172753172,0.8666666666666667,1.0
8560,8,3,161,0.9526238498715562,0.9172753172753172,0.8666666666666667,0.0
8561,8,3,162,0.9526238498715562,0.9172753172753172,0.8666666666666667,1.0
8562,8,3,163,0.9526238498715562,0.9172753172753172,0.8666666666666667,1.0
8563,8,3,164,0.9526238498715562,0.9172753172753172,0.8666666666666667,0.0
8564,8,3,165,0.9526238498715562,0.9172753172753172,0.8666666666666667,2.0
8565,8,3,166,0.9526238498715562,0.9172753172753172,0.8666666666666667,1.0
8566,8,3,167,0.9526238498715562,0.9172753172753172,0.8666666666666667,2.0
8567,8,3,168,0.9526238498715562,0.9172753172753172,0.8666666666666667,0.0
8568,8,3,169,0.9526238498715562,0.9172753172753172,0.8666666666666667,1.0
8569,8,3,170,0.9526238498715562,0.9172753172753172,0.8666666666666667,2.0
8570,8,3,171,0.9526238498715562,0.9172753172753172,0.8666666666666667,1.0
8571,8,3,172,0.9526238498715562,0.9172753172753172,0.8666666666666667,0.0
8572,8,3,173,0.9526238498715562,0.9172753172753172,0.8666666666666667,3.0
8573,8,3,174,0.9526238498715562,0.9172753172753172,0.8666666666666667,2.0
8574,8,3,175,0.9526238498715562,0.9172753172753172,0.8666666666666667,0.0
8575,8,3,176,0.9526238498715562,0.9172753172753172,0.8666666666666667,0.0
8576,8,3,177,0.9526238498715562,0.9172753172753172,0.8666666666666667,0.0
8577,8,3,178,0.9526238498715562,0.9172753172753172,0.8666666666666667,2.0
8578,8,3,179,0.9526238498715562,0.9172753172753172,0.8666666666666667,1.0
8579,8,3,180,0.9526238498715562,0.9172753172753172,0.8666666666666667,0.0
8580,8,3,181,0.9526238498715562,0.9172753172753172,0.8666666666666667,0.0
8581,8,3,182,0.9526238498715562,0.9172753172753172,0.8666666666666667,0.0
8582,8,3,183,0.9526238498715562,0.9172753172753172,0.8666666666666667,3.0
8583,8,3,184,0.9526238498715562,0.9172753172753172,0.8666666666666667,2.0
8584,8,3,185,0.9526238498715562,0.9172753172753172,0.8666666666666667,0.0
8585,8,3,186,0.9526238498715562,0.9172753172753172,0.8666666666666667,1.0
8586,8,3,187,0.9526238498715562,0.9172753172753172,0.8666666666666667,1.0
8587,8,3,188,0.9526238498715562,0.9172753172753172,0.8666666666666667,0.0
8588,8,3,189,0.9526238498715562,0.9172753172753172,0.8666666666666667,2.0
8589,8,3,190,0.9526238498715562,0.9172753172753172,0.8666666666666667,2.0
8590,8,3,191,0.9526238498715562,0.9172753172753172,0.8666666666666667,0.0
8591,8,3,192,0.9526238498715562,0.9172753172753172,0.8666666666666667,1.0
8592,8,3,193,0.9526238498715562,0.9172753172753172,0.8666666666666667,1.0
8593,8,3,194,0.9526238498715562,0.9172753172753172,0.8666666666666667,1.0
8594,8,3,195,0.9526238498715562,0.9172753172753172,0.8666666666666667,0.0
8595,8,3,196,0.9526238498715562,0.9172753172753172,0.8666666666666667,1.0
8596,8,3,197,0.9526238498715562,0.9172753172753172,0.8666666666666667,0.0
8597,8,3,198,0.9526238498715562,0.9172753172753172,0.8666666666666667,3.0
8598,8,3,199,0.9526238498715562,0.9172753172753172,0.8666666666666667,1.0
8599,8,3,200,0.9526238498715562,0.9172753172753172,0.8666666666666667,1.0
8600,8,4,1,0.9606742172876974,0.9549857549857549,0.875,0.0
8601,8,4,2,0.9606742172876974,0.9549857549857549,0.875,0.0
8602,8,4,3,0.9606742172876974,0.9549857549857549,0.875,0.0
8603,8,4,4,0.9606742172876974,0.9549857549857549,0.875,0.0
8604,8,4,5,0.9606742172876974,0.9549857549857549,0.875,0.0
8605,8,4,6,0.9606742172876974,0.9549857549857549,0.875,0.0
8606,8,4,7,0.9606742172876974,0.9549857549857549,0.875,0.0
8607,8,4,8,0.9606742172876974,0.9549857549857549,0.875,0.0
8608,8,4,9,0.9606742172876974,0.9549857549857549,0.875,0.0
8609,8,4,10,0.9606742172876974,0.9549857549857549,0.875,0.0
8610,8,4,11,0.9606742172876974,0.9549857549857549,0.875,0.0
8611,8,4,12,0.9606742172876974,0.9549857549857549,0.875,1.0
8612,8,4,13,0.9606742172876974,0.9549857549857549,0.875,0.0
8613,8,4,14,0.9606742172876974,0.9549857549857549,0.875,1.0
8614,8,4,15,0.9606742172876974,0.9549857549857549,0.875,0.0
8615,8,4,16,0.9606742172876974,0.9549857549857549,0.875,0.0
8616,8,4,17,0.9606742172876974,0.9549857549857549,0.875,0.0
8617,8,4,18,0.9606742172876974,0.9549857549857549,0.875,0.0
8618,8,4,19,0.9606742172876974,0.9549857549857549,0.875,1.0
8619,8,4,20,0.9606742172876974,0.9549857549857549,0.875,1.0
8620,8,4,21,0.9606742172876974,0.9549857549857549,0.875,1.0
8621,8,4,22,0.9606742172876974,0.9549857549857549,0.875,2.0
8622,8,4,23,0.9606742172876974,0.9549857549857549,0.875,3.0
8623,8,4,24,0.9606742172876974,0.9549857549857549,0.875,0.0
8624,8,4,25,0.9606742172876974,0.9549857549857549,0.875,0.0
8625,8,4,26,0.9606742172876974,0.9549857549857549,0.875,0.0
8626,8,4,27,0.9606742172876974,0.9549857549857549,0.875,0.0
8627,8,4,28,0.9606742172876974,0.9549857549857549,0.875,0.0
8628,8,4,29,0.9606742172876974,0.9549857549857549,0.875,2.0
8629,8,4,30,0.9606742172876974,0.9549857549857549,0.875,0.0
8630,8,4,31,0.9606742172876974,0.9549857549857549,0.875,0.0
8631,8,4,32,0.9606742172876974,0.9549857549857549,0.875,1.0
8632,8,4,33,0.9606742172876974,0.9549857549857549,0.875,0.0
8633,8,4,34,0.9606742172876974,0.9549857549857549,0.875,1.0
8634,8,4,35,0.9606742172876974,0.9549857549857549,0.875,1.0
8635,8,4,36,0.9606742172876974,0.9549857549857549,0.875,2.0
8636,8,4,37,0.9606742172876974,0.9549857549857549,0.875,0.0
8637,8,4,38,0.9606742172876974,0.9549857549857549,0.875,2.0
8638,8,4,39,0.9606742172876974,0.9549857549857549,0.875,1.0
8639,8,4,40,0.9606742172876974,0.9549857549857549,0.875,0.0
8640,8,4,41,0.9606742172876974,0.9549857549857549,0.875,0.0
8641,8,4,42,0.9606742172876974,0.9549857549857549,0.875,0.0
8642,8,4,43,0.9606742172876974,0.9549857549857549,0.875,1.0
8643,8,4,44,0.9606742172876974,0.9549857549857549,0.875,1.0
8644,8,4,45,0.9606742172876974,0.9549857549857549,0.875,1.0
8645,8,4,46,0.9606742172876974,0.9549857549857549,0.875,2.0
8646,8,4,47,0.9606742172876974,0.9549857549857549,0.875,1.0
8647,8,4,48,0.9606742172876974,0.9549857549857549,0.875,1.0
8648,8,4,49,0.9606742172876974,0.9549857549857549,0.875,0.0
8649,8,4,50,0.9606742172876974,0.9549857549857549,0.875,1.0
8650,8,4,51,0.9606742172876974,0.9549857549857549,0.875,3.0
8651,8,4,52,0.9606742172876974,0.9549857549857549,0.875,2.0
8652,8,4,53,0.9606742172876974,0.9549857549857549,0.875,0.0
8653,8,4,54,0.9606742172876974,0.9549857549857549,0.875,1.0
8654,8,4,55,0.9606742172876974,0.9549857549857549,0.875,0.0
8655,8,4,56,0.9606742172876974,0.9549857549857549,0.875,0.0
8656,8,4,57,0.9606742172876974,0.9549857549857549,0.875,2.0
8657,8,4,58,0.9606742172876974,0.9549857549857549,0.875,1.0
8658,8,4,59,0.9606742172876974,0.9549857549857549,0.875,1.0
8659,8,4,60,0.9606742172876974,0.9549857549857549,0.875,0.0
8660,8,4,61,0.9606742172876974,0.9549857549857549,0.875,1.0
8661,8,4,62,0.9606742172876974,0.9549857549857549,0.875,0.0
8662,8,4,63,0.9606742172876974,0.9549857549857549,0.875,0.0
8663,8,4,64,0.9606742172876974,0.9549857549857549,0.875,2.0
8664,8,4,65,0.9606742172876974,0.9549857549857549,0.875,0.0
8665,8,4,66,0.9606742172876974,0.9549857549857549,0.875,3.0
8666,8,4,67,0.9606742172876974,0.9549857549857549,0.875,1.0
8667,8,4,68,0.9606742172876974,0.9549857549857549,0.875,1.0
8668,8,4,69,0.9606742172876974,0.9549857549857549,0.875,2.0
8669,8,4,70,0.9606742172876974,0.9549857549857549,0.875,2.0
8670,8,4,71,0.9606742172876974,0.9549857549857549,0.875,0.0
8671,8,4,72,0.9606742172876974,0.9549857549857549,0.875,2.0
8672,8,4,73,0.9606742172876974,0.9549857549857549,0.875,0.0
8673,8,4,74,0.9606742172876974,0.9549857549857549,0.875,1.0
8674,8,4,75,0.9606742172876974,0.9549857549857549,0.875,0.0
8675,8,4,76,0.9606742172876974,0.9549857549857549,0.875,1.0
8676,8,4,77,0.9606742172876974,0.9549857549857549,0.875,0.0
8677,8,4,78,0.9606742172876974,0.9549857549857549,0.875,0.0
8678,8,4,79,0.9606742172876974,0.9549857549857549,0.875,2.0
8679,8,4,80,0.9606742172876974,0.9549857549857549,0.875,1.0
8680,8,4,81,0.9606742172876974,0.9549857549857549,0.875,1.0
8681,8,4,82,0.9606742172876974,0.9549857549857549,0.875,0.0
8682,8,4,83,0.9606742172876974,0.9549857549857549,0.875,1.0
8683,8,4,84,0.9606742172876974,0.9549857549857549,0.875,2.0
8684,8,4,85,0.9606742172876974,0.9549857549857549,0.875,1.0
8685,8,4,86,0.9606742172876974,0.9549857549857549,0.875,1.0
8686,8,4,87,0.9606742172876974,0.9549857549857549,0.875,1.0
8687,8,4,88,0.9606742172876974,0.9549857549857549,0.875,3.0
8688,8,4,89,0.9606742172876974,0.9549857549857549,0.875,1.0
8689,8,4,90,0.9606742172876974,0.9549857549857549,0.875,0.0
8690,8,4,91,0.9606742172876974,0.9549857549857549,0.875,0.0
8691,8,4,92,0.9606742172876974,0.9549857549857549,0.875,0.0
8692,8,4,93,0.9606742172876974,0.9549857549857549,0.875,1.0
8693,8,4,94,0.9606742172876974,0.9549857549857549,0.875,2.0
8694,8,4,95,0.9606742172876974,0.9549857549857549,0.875,2.0
8695,8,4,96,0.9606742172876974,0.9549857549857549,0.875,1.0
8696,8,4,97,0.9606742172876974,0.9549857549857549,0.875,0.0
8697,8,4,98,0.9606742172876974,0.9549857549857549,0.875,1.0
8698,8,4,99,0.9606742172876974,0.9549857549857549,0.875,0.0
8699,8,4,100,0.9606742172876974,0.9549857549857549,0.875,2.0
8700,8,4,101,0.9606742172876974,0.9549857549857549,0.875,0.0
8701,8,4,102,0.9606742172876974,0.9549857549857549,0.875,1.0
8702,8,4,103,0.9606742172876974,0.9549857549857549,0.875,1.0
8703,8,4,104,0.9606742172876974,0.9549857549857549,0.875,1.0
8704,8,4,105,0.9606742172876974,0.9549857549857549,0.875,3.0
8705,8,4,106,0.9606742172876974,0.9549857549857549,0.875,0.0
8706,8,4,107,0.9606742172876974,0.9549857549857549,0.875,0.0
8707,8,4,108,0.9606742172876974,0.9549857549857549,0.875,2.0
8708,8,4,109,0.9606742172876974,0.9549857549857549,0.875,1.0
8709,8,4,110,0.9606742172876974,0.9549857549857549,0.875,0.0
8710,8,4,111,0.9606742172876974,0.9549857549857549,0.875,2.0
8711,8,4,112,0.9606742172876974,0.9549857549857549,0.875,1.0
8712,8,4,113,0.9606742172876974,0.9549857549857549,0.875,1.0
8713,8,4,114,0.9606742172876974,0.9549857549857549,0.875,1.0
8714,8,4,115,0.9606742172876974,0.9549857549857549,0.875,1.0
8715,8,4,116,0.9606742172876974,0.9549857549857549,0.875,0.0
8716,8,4,117,0.9606742172876974,0.9549857549857549,0.875,0.0
8717,8,4,118,0.9606742172876974,0.9549857549857549,0.875,2.0
8718,8,4,119,0.9606742172876974,0.9549857549857549,0.875,2.0
8719,8,4,120,0.9606742172876974,0.9549857549857549,0.875,0.0
8720,8,4,121,0.9606742172876974,0.9549857549857549,0.875,1.0
8721,8,4,122,0.9606742172876974,0.9549857549857549,0.875,0.0
8722,8,4,123,0.9606742172876974,0.9549857549857549,0.875,1.0
8723,8,4,124,0.9606742172876974,0.9549857549857549,0.875,3.0
8724,8,4,125,0.9606742172876974,0.9549857549857549,0.875,0.0
8725,8,4,126,0.9606742172876974,0.9549857549857549,0.875,1.0
8726,8,4,127,0.9606742172876974,0.9549857549857549,0.875,0.0
8727,8,4,128,0.9606742172876974,0.9549857549857549,0.875,0.0
8728,8,4,129,0.9606742172876974,0.9549857549857549,0.875,1.0
8729,8,4,130,0.9606742172876974,0.9549857549857549,0.875,1.0
8730,8,4,131,0.9606742172876974,0.9549857549857549,0.875,1.0
8731,8,4,132,0.9606742172876974,0.9549857549857549,0.875,1.0
8732,8,4,133,0.9606742172876974,0.9549857549857549,0.875,0.0
8733,8,4,134,0.9606742172876974,0.9549857549857549,0.875,2.0
8734,8,4,135,0.9606742172876974,0.9549857549857549,0.875,2.0
8735,8,4,136,0.9606742172876974,0.9549857549857549,0.875,1.0
8736,8,4,137,0.9606742172876974,0.9549857549857549,0.875,1.0
8737,8,4,138,0.9606742172876974,0.9549857549857549,0.875,1.0
8738,8,4,139,0.9606742172876974,0.9549857549857549,0.875,1.0
8739,8,4,140,0.9606742172876974,0.9549857549857549,0.875,0.0
8740,8,4,141,0.9606742172876974,0.9549857549857549,0.875,0.0
8741,8,4,142,0.9606742172876974,0.9549857549857549,0.875,2.0
8742,8,4,143,0.9606742172876974,0.9549857549857549,0.875,0.0
8743,8,4,144,0.9606742172876974,0.9549857549857549,0.875,1.0
8744,8,4,145,0.9606742172876974,0.9549857549857549,0.875,2.0
8745,8,4,146,0.9606742172876974,0.9549857549857549,0.875,1.0
8746,8,4,147,0.9606742172876974,0.9549857549857549,0.875,1.0
8747,8,4,148,0.9606742172876974,0.9549857549857549,0.875,0.0
8748,8,4,149,0.9606742172876974,0.9549857549857549,0.875,1.0
8749,8,4,150,0.9606742172876974,0.9549857549857549,0.875,2.0
8750,8,4,151,0.9606742172876974,0.9549857549857549,0.875,1.0
8751,8,4,152,0.9606742172876974,0.9549857549857549,0.875,0.0
8752,8,4,153,0.9606742172876974,0.9549857549857549,0.875,3.0
8753,8,4,154,0.9606742172876974,0.9549857549857549,0.875,0.0
8754,8,4,155,0.9606742172876974,0.9549857549857549,0.875,1.0
8755,8,4,156,0.9606742172876974,0.9549857549857549,0.875,0.0
8756,8,4,157,0.9606742172876974,0.9549857549857549,0.875,1.0
8757,8,4,158,0.9606742172876974,0.9549857549857549,0.875,0.0
8758,8,4,159,0.9606742172876974,0.9549857549857549,0.875,1.0
8759,8,4,160,0.9606742172876974,0.9549857549857549,0.875,3.0
8760,8,4,161,0.9606742172876974,0.9549857549857549,0.875,0.0
8761,8,4,162,0.9606742172876974,0.9549857549857549,0.875,0.0
8762,8,4,163,0.9606742172876974,0.9549857549857549,0.875,1.0
8763,8,4,164,0.9606742172876974,0.9549857549857549,0.875,3.0
8764,8,4,165,0.9606742172876974,0.9549857549857549,0.875,0.0
8765,8,4,166,0.9606742172876974,0.9549857549857549,0.875,1.0
8766,8,4,167,0.9606742172876974,0.9549857549857549,0.875,1.0
8767,8,4,168,0.9606742172876974,0.9549857549857549,0.875,2.0
8768,8,4,169,0.9606742172876974,0.9549857549857549,0.875,0.0
8769,8,4,170,0.9606742172876974,0.9549857549857549,0.875,1.0
8770,8,4,171,0.9606742172876974,0.9549857549857549,0.875,2.0
8771,8,4,172,0.9606742172876974,0.9549857549857549,0.875,0.0
8772,8,4,173,0.9606742172876974,0.9549857549857549,0.875,0.0
8773,8,4,174,0.9606742172876974,0.9549857549857549,0.875,1.0
8774,8,4,175,0.9606742172876974,0.9549857549857549,0.875,0.0
8775,8,4,176,0.9606742172876974,0.9549857549857549,0.875,2.0
8776,8,4,177,0.9606742172876974,0.9549857549857549,0.875,2.0
8777,8,4,178,0.9606742172876974,0.9549857549857549,0.875,1.0
8778,8,4,179,0.9606742172876974,0.9549857549857549,0.875,2.0
8779,8,4,180,0.9606742172876974,0.9549857549857549,0.875,0.0
8780,8,4,181,0.9606742172876974,0.9549857549857549,0.875,2.0
8781,8,4,182,0.9606742172876974,0.9549857549857549,0.875,0.0
8782,8,4,183,0.9606742172876974,0.9549857549857549,0.875,1.0
8783,8,4,184,0.9606742172876974,0.9549857549857549,0.875,1.0
8784,8,4,185,0.9606742172876974,0.9549857549857549,0.875,0.0
8785,8,4,186,0.9606742172876974,0.9549857549857549,0.875,1.0
8786,8,4,187,0.9606742172876974,0.9549857549857549,0.875,1.0
8787,8,4,188,0.9606742172876974,0.9549857549857549,0.875,0.0
8788,8,4,189,0.9606742172876974,0.9549857549857549,0.875,2.0
8789,8,4,190,0.9606742172876974,0.9549857549857549,0.875,2.0
8790,8,4,191,0.9606742172876974,0.9549857549857549,0.875,1.0
8791,8,4,192,0.9606742172876974,0.9549857549857549,0.875,2.0
8792,8,4,193,0.9606742172876974,0.9549857549857549,0.875,0.0
8793,8,4,194,0.9606742172876974,0.9549857549857549,0.875,2.0
8794,8,4,195,0.9606742172876974,0.9549857549857549,0.875,0.0
8795,8,4,196,0.9606742172876974,0.9549857549857549,0.875,0.0
8796,8,4,197,0.9606742172876974,0.9549857549857549,0.875,1.0
8797,8,4,198,0.9606742172876974,0.9549857549857549,0.875,0.0
8798,8,4,199,0.9606742172876974,0.9549857549857549,0.875,1.0
8799,8,4,200,0.9606742172876974,0.9549857549857549,0.875,1.0
8800,8,5,1,0.9492469157572314,0.9235376475376477,0.9411764705882353,0.0
8801,8,5,2,0.9492469157572314,0.9235376475376477,0.9411764705882353,0.0
8802,8,5,3,0.9492469157572314,0.9235376475376477,0.9411764705882353,0.0
8803,8,5,4,0.9570756619346014,0.9297777777777778,0.9142857142857143,0.0
8804,8,5,5,0.9571073819966059,0.9304159544159545,0.8823529411764706,0.0
8805,8,5,6,0.9571073819966059,0.9304159544159545,0.8823529411764706,0.0
8806,8,5,7,0.9571073819966059,0.9304159544159545,0.8823529411764706,0.0
8807,8,5,8,0.9626139104635042,0.9383931623931623,0.9142857142857143,0.0
8808,8,5,9,0.9626139104635042,0.9383931623931623,0.9142857142857143,0.0
8809,8,5,10,0.9626139104635042,0.9383931623931623,0.9142857142857143,0.0
8810,8,5,11,0.9626139104635042,0.9383931623931623,0.9142857142857143,0.0
8811,8,5,12,0.9626139104635042,0.9383931623931623,0.9142857142857143,0.0
8812,8,5,13,0.9626139104635042,0.9383931623931623,0.9142857142857143,0.0
8813,8,5,14,0.9626139104635042,0.9383931623931623,0.9142857142857143,1.0
8814,8,5,15,0.9626139104635042,0.9383931623931623,0.9142857142857143,1.0
8815,8,5,16,0.9626139104635042,0.9383931623931623,0.9142857142857143,1.0
8816,8,5,17,0.9626139104635042,0.9383931623931623,0.9142857142857143,0.0
8817,8,5,18,0.9626139104635042,0.9383931623931623,0.9142857142857143,0.0
8818,8,5,19,0.9626139104635042,0.9383931623931623,0.9142857142857143,0.0
8819,8,5,20,0.9626139104635042,0.9383931623931623,0.9142857142857143,0.0
8820,8,5,21,0.9626139104635042,0.9383931623931623,0.9142857142857143,1.0
8821,8,5,22,0.9626139104635042,0.9383931623931623,0.9142857142857143,2.0
8822,8,5,23,0.9626139104635042,0.9383931623931623,0.9142857142857143,2.0
8823,8,5,24,0.9626139104635042,0.9383931623931623,0.9142857142857143,1.0
8824,8,5,25,0.9626139104635042,0.9383931623931623,0.9142857142857143,0.0
8825,8,5,26,0.9626139104635042,0.9383931623931623,0.9142857142857143,0.0
8826,8,5,27,0.9626139104635042,0.9383931623931623,0.9142857142857143,2.0
8827,8,5,28,0.9626139104635042,0.9383931623931623,0.9142857142857143,1.0
8828,8,5,29,0.9626139104635042,0.9383931623931623,0.9142857142857143,0.0
8829,8,5,30,0.9626139104635042,0.9383931623931623,0.9142857142857143,1.0
8830,8,5,31,0.9626139104635042,0.9383931623931623,0.9142857142857143,2.0
8831,8,5,32,0.9626139104635042,0.9383931623931623,0.9142857142857143,0.0
8832,8,5,33,0.9626139104635042,0.9383931623931623,0.9142857142857143,0.0
8833,8,5,34,0.9626139104635042,0.9383931623931623,0.9142857142857143,0.0
8834,8,5,35,0.9626139104635042,0.9383931623931623,0.9142857142857143,1.0
8835,8,5,36,0.9626139104635042,0.9383931623931623,0.9142857142857143,2.0
8836,8,5,37,0.9626139104635042,0.9383931623931623,0.9142857142857143,0.0
8837,8,5,38,0.9626139104635042,0.9383931623931623,0.9142857142857143,1.0
8838,8,5,39,0.9626139104635042,0.9383931623931623,0.9142857142857143,1.0
8839,8,5,40,0.9626139104635042,0.9383931623931623,0.9142857142857143,0.0
8840,8,5,41,0.9626139104635042,0.9383931623931623,0.9142857142857143,1.0
8841,8,5,42,0.9626139104635042,0.9383931623931623,0.9142857142857143,1.0
8842,8,5,43,0.9626139104635042,0.9383931623931623,0.9142857142857143,1.0
8843,8,5,44,0.9626139104635042,0.9383931623931623,0.9142857142857143,2.0
8844,8,5,45,0.9626139104635042,0.9383931623931623,0.9142857142857143,1.0
8845,8,5,46,0.9626139104635042,0.9383931623931623,0.9142857142857143,0.0
8846,8,5,47,0.9626139104635042,0.9383931623931623,0.9142857142857143,1.0
8847,8,5,48,0.9626139104635042,0.9383931623931623,0.9142857142857143,2.0
8848,8,5,49,0.9626139104635042,0.9383931623931623,0.9142857142857143,0.0
8849,8,5,50,0.9626139104635042,0.9383931623931623,0.9142857142857143,0.0
8850,8,5,51,0.9626139104635042,0.9383931623931623,0.9142857142857143,0.0
8851,8,5,52,0.9626139104635042,0.9383931623931623,0.9142857142857143,0.0
8852,8,5,53,0.9626139104635042,0.9383931623931623,0.9142857142857143,0.0
8853,8,5,54,0.9626139104635042,0.9383931623931623,0.9142857142857143,1.0
8854,8,5,55,0.9626139104635042,0.9383931623931623,0.9142857142857143,0.0
8855,8,5,56,0.9626139104635042,0.9383931623931623,0.9142857142857143,4.0
8856,8,5,57,0.9626139104635042,0.9383931623931623,0.9142857142857143,1.0
8857,8,5,58,0.9626139104635042,0.9383931623931623,0.9142857142857143,2.0
8858,8,5,59,0.9626139104635042,0.9383931623931623,0.9142857142857143,0.0
8859,8,5,60,0.9626139104635042,0.9383931623931623,0.9142857142857143,2.0
8860,8,5,61,0.9626139104635042,0.9383931623931623,0.9142857142857143,2.0
8861,8,5,62,0.9626139104635042,0.9383931623931623,0.9142857142857143,1.0
8862,8,5,63,0.9626139104635042,0.9383931623931623,0.9142857142857143,1.0
8863,8,5,64,0.9626139104635042,0.9383931623931623,0.9142857142857143,0.0
8864,8,5,65,0.9626139104635042,0.9383931623931623,0.9142857142857143,0.0
8865,8,5,66,0.9626139104635042,0.9383931623931623,0.9142857142857143,0.0
8866,8,5,67,0.9626139104635042,0.9383931623931623,0.9142857142857143,1.0
8867,8,5,68,0.9626139104635042,0.9383931623931623,0.9142857142857143,0.0
8868,8,5,69,0.9626139104635042,0.9383931623931623,0.9142857142857143,0.0
8869,8,5,70,0.9626139104635042,0.9383931623931623,0.9142857142857143,2.0
8870,8,5,71,0.9626139104635042,0.9383931623931623,0.9142857142857143,2.0
8871,8,5,72,0.9626139104635042,0.9383931623931623,0.9142857142857143,0.0
8872,8,5,73,0.9626139104635042,0.9383931623931623,0.9142857142857143,1.0
8873,8,5,74,0.9626139104635042,0.9383931623931623,0.9142857142857143,0.0
8874,8,5,75,0.9626139104635042,0.9383931623931623,0.9142857142857143,2.0
8875,8,5,76,0.9626139104635042,0.9383931623931623,0.9142857142857143,1.0
8876,8,5,77,0.9626139104635042,0.9383931623931623,0.9142857142857143,1.0
8877,8,5,78,0.9626139104635042,0.9383931623931623,0.9142857142857143,2.0
8878,8,5,79,0.9626139104635042,0.9383931623931623,0.9142857142857143,0.0
8879,8,5,80,0.9626139104635042,0.9383931623931623,0.9142857142857143,1.0
8880,8,5,81,0.9626139104635042,0.9383931623931623,0.9142857142857143,1.0
8881,8,5,82,0.9626139104635042,0.9383931623931623,0.9142857142857143,0.0
8882,8,5,83,0.9626139104635042,0.9383931623931623,0.9142857142857143,1.0
8883,8,5,84,0.9626139104635042,0.9383931623931623,0.9142857142857143,0.0
8884,8,5,85,0.9626139104635042,0.9383931623931623,0.9142857142857143,2.0
8885,8,5,86,0.9626139104635042,0.9383931623931623,0.9142857142857143,1.0
8886,8,5,87,0.9626139104635042,0.9383931623931623,0.9142857142857143,1.0
8887,8,5,88,0.9626139104635042,0.9383931623931623,0.9142857142857143,0.0
8888,8,5,89,0.9626139104635042,0.9383931623931623,0.9142857142857143,1.0
8889,8,5,90,0.9626139104635042,0.9383931623931623,0.9142857142857143,1.0
8890,8,5,91,0.9626139104635042,0.9383931623931623,0.9142857142857143,2.0
8891,8,5,92,0.9626139104635042,0.9383931623931623,0.9142857142857143,1.0
8892,8,5,93,0.9626139104635042,0.9383931623931623,0.9142857142857143,0.0
8893,8,5,94,0.9626139104635042,0.9383931623931623,0.9142857142857143,0.0
8894,8,5,95,0.9626139104635042,0.9383931623931623,0.9142857142857143,2.0
8895,8,5,96,0.9626139104635042,0.9383931623931623,0.9142857142857143,3.0
8896,8,5,97,0.9626139104635042,0.9383931623931623,0.9142857142857143,0.0
8897,8,5,98,0.9626139104635042,0.9383931623931623,0.9142857142857143,0.0
8898,8,5,99,0.9626139104635042,0.9383931623931623,0.9142857142857143,0.0
8899,8,5,100,0.9626139104635042,0.9383931623931623,0.9142857142857143,1.0
8900,8,5,101,0.9626139104635042,0.9383931623931623,0.9142857142857143,3.0
8901,8,5,102,0.9626139104635042,0.9383931623931623,0.9142857142857143,1.0
8902,8,5,103,0.9626139104635042,0.9383931623931623,0.9142857142857143,0.0
8903,8,5,104,0.9626139104635042,0.9383931623931623,0.9142857142857143,1.0
8904,8,5,105,0.9626139104635042,0.9383931623931623,0.9142857142857143,0.0
8905,8,5,106,0.9626139104635042,0.9383931623931623,0.9142857142857143,1.0
8906,8,5,107,0.9626139104635042,0.9383931623931623,0.9142857142857143,1.0
8907,8,5,108,0.9626139104635042,0.9383931623931623,0.9142857142857143,1.0
8908,8,5,109,0.9626139104635042,0.9383931623931623,0.9142857142857143,1.0
8909,8,5,110,0.9626139104635042,0.9383931623931623,0.9142857142857143,2.0
8910,8,5,111,0.9626139104635042,0.9383931623931623,0.9142857142857143,2.0
8911,8,5,112,0.9626139104635042,0.9383931623931623,0.9142857142857143,0.0
8912,8,5,113,0.9626139104635042,0.9383931623931623,0.9142857142857143,1.0
8913,8,5,114,0.9626139104635042,0.9383931623931623,0.9142857142857143,1.0
8914,8,5,115,0.9626139104635042,0.9383931623931623,0.9142857142857143,1.0
8915,8,5,116,0.9626139104635042,0.9383931623931623,0.9142857142857143,1.0
8916,8,5,117,0.9626139104635042,0.9383931623931623,0.9142857142857143,1.0
8917,8,5,118,0.9626139104635042,0.9383931623931623,0.9142857142857143,2.0
8918,8,5,119,0.9626139104635042,0.9383931623931623,0.9142857142857143,0.0
8919,8,5,120,0.9626139104635042,0.9383931623931623,0.9142857142857143,1.0
8920,8,5,121,0.9626139104635042,0.9383931623931623,0.9142857142857143,1.0
8921,8,5,122,0.9626139104635042,0.9383931623931623,0.9142857142857143,1.0
8922,8,5,123,0.9626139104635042,0.9383931623931623,0.9142857142857143,0.0
8923,8,5,124,0.9626139104635042,0.9383931623931623,0.9142857142857143,1.0
8924,8,5,125,0.9626139104635042,0.9383931623931623,0.9142857142857143,2.0
8925,8,5,126,0.9626139104635042,0.9383931623931623,0.9142857142857143,1.0
8926,8,5,127,0.9626139104635042,0.9383931623931623,0.9142857142857143,1.0
8927,8,5,128,0.9626139104635042,0.9383931623931623,0.9142857142857143,0.0
8928,8,5,129,0.9626139104635042,0.9383931623931623,0.9142857142857143,1.0
8929,8,5,130,0.9626139104635042,0.9383931623931623,0.9142857142857143,0.0
8930,8,5,131,0.9626139104635042,0.9383931623931623,0.9142857142857143,2.0
8931,8,5,132,0.9626139104635042,0.9383931623931623,0.9142857142857143,2.0
8932,8,5,133,0.9626139104635042,0.9383931623931623,0.9142857142857143,2.0
8933,8,5,134,0.9626139104635042,0.9383931623931623,0.9142857142857143,0.0
8934,8,5,135,0.9626139104635042,0.9383931623931623,0.9142857142857143,0.0
8935,8,5,136,0.9626139104635042,0.9383931623931623,0.9142857142857143,2.0
8936,8,5,137,0.9626139104635042,0.9383931623931623,0.9142857142857143,0.0
8937,8,5,138,0.9626139104635042,0.9383931623931623,0.9142857142857143,1.0
8938,8,5,139,0.9626139104635042,0.9383931623931623,0.9142857142857143,1.0
8939,8,5,140,0.9626139104635042,0.9383931623931623,0.9142857142857143,1.0
8940,8,5,141,0.9626139104635042,0.9383931623931623,0.9142857142857143,2.0
8941,8,5,142,0.9626139104635042,0.9383931623931623,0.9142857142857143,2.0
8942,8,5,143,0.9626139104635042,0.9383931623931623,0.9142857142857143,0.0
8943,8,5,144,0.9626139104635042,0.9383931623931623,0.9142857142857143,0.0
8944,8,5,145,0.9626139104635042,0.9383931623931623,0.9142857142857143,0.0
8945,8,5,146,0.9626139104635042,0.9383931623931623,0.9142857142857143,0.0
8946,8,5,147,0.9626139104635042,0.9383931623931623,0.9142857142857143,2.0
8947,8,5,148,0.9626139104635042,0.9383931623931623,0.9142857142857143,2.0
8948,8,5,149,0.9626139104635042,0.9383931623931623,0.9142857142857143,1.0
8949,8,5,150,0.9626139104635042,0.9383931623931623,0.9142857142857143,1.0
8950,8,5,151,0.9626139104635042,0.9383931623931623,0.9142857142857143,0.0
8951,8,5,152,0.9626139104635042,0.9383931623931623,0.9142857142857143,0.0
8952,8,5,153,0.9626139104635042,0.9383931623931623,0.9142857142857143,2.0
8953,8,5,154,0.9626139104635042,0.9383931623931623,0.9142857142857143,2.0
8954,8,5,155,0.9626139104635042,0.9383931623931623,0.9142857142857143,1.0
8955,8,5,156,0.9626139104635042,0.9383931623931623,0.9142857142857143,2.0
8956,8,5,157,0.9626139104635042,0.9383931623931623,0.9142857142857143,1.0
8957,8,5,158,0.9626139104635042,0.9383931623931623,0.9142857142857143,0.0
8958,8,5,159,0.9626139104635042,0.9383931623931623,0.9142857142857143,0.0
8959,8,5,160,0.9626139104635042,0.9383931623931623,0.9142857142857143,2.0
8960,8,5,161,0.9626139104635042,0.9383931623931623,0.9142857142857143,0.0
8961,8,5,162,0.9626139104635042,0.9383931623931623,0.9142857142857143,1.0
8962,8,5,163,0.9626139104635042,0.9383931623931623,0.9142857142857143,0.0
8963,8,5,164,0.9626139104635042,0.9383931623931623,0.9142857142857143,2.0
8964,8,5,165,0.9626139104635042,0.9383931623931623,0.9142857142857143,2.0
8965,8,5,166,0.9626139104635042,0.9383931623931623,0.9142857142857143,1.0
8966,8,5,167,0.9626139104635042,0.9383931623931623,0.9142857142857143,0.0
8967,8,5,168,0.9626139104635042,0.9383931623931623,0.9142857142857143,2.0
8968,8,5,169,0.9626139104635042,0.9383931623931623,0.9142857142857143,1.0
8969,8,5,170,0.9626139104635042,0.9383931623931623,0.9142857142857143,1.0
8970,8,5,171,0.9626139104635042,0.9383931623931623,0.9142857142857143,1.0
8971,8,5,172,0.9626139104635042,0.9383931623931623,0.9142857142857143,1.0
8972,8,5,173,0.9626139104635042,0.9383931623931623,0.9142857142857143,1.0
8973,8,5,174,0.9626139104635042,0.9383931623931623,0.9142857142857143,1.0
8974,8,5,175,0.9626139104635042,0.9383931623931623,0.9142857142857143,0.0
8975,8,5,176,0.9626139104635042,0.9383931623931623,0.9142857142857143,1.0
8976,8,5,177,0.9626139104635042,0.9383931623931623,0.9142857142857143,0.0
8977,8,5,178,0.9626139104635042,0.9383931623931623,0.9142857142857143,2.0
8978,8,5,179,0.9626139104635042,0.9383931623931623,0.9142857142857143,1.0
8979,8,5,180,0.9626139104635042,0.9383931623931623,0.9142857142857143,1.0
8980,8,5,181,0.9626139104635042,0.9383931623931623,0.9142857142857143,1.0
8981,8,5,182,0.9626139104635042,0.9383931623931623,0.9142857142857143,2.0
8982,8,5,183,0.9626139104635042,0.9383931623931623,0.9142857142857143,1.0
8983,8,5,184,0.9626139104635042,0.9383931623931623,0.9142857142857143,0.0
8984,8,5,185,0.9626139104635042,0.9383931623931623,0.9142857142857143,1.0
8985,8,5,186,0.9626139104635042,0.9383931623931623,0.9142857142857143,2.0
8986,8,5,187,0.9626139104635042,0.9383931623931623,0.9142857142857143,0.0
8987,8,5,188,0.9626139104635042,0.9383931623931623,0.9142857142857143,0.0
8988,8,5,189,0.9626139104635042,0.9383931623931623,0.9142857142857143,0.0
8989,8,5,190,0.9626139104635042,0.9383931623931623,0.9142857142857143,3.0
8990,8,5,191,0.9626139104635042,0.9383931623931623,0.9142857142857143,0.0
8991,8,5,192,0.9626139104635042,0.9383931623931623,0.9142857142857143,2.0
8992,8,5,193,0.9626139104635042,0.9383931623931623,0.9142857142857143,1.0
8993,8,5,194,0.9626139104635042,0.9383931623931623,0.9142857142857143,3.0
8994,8,5,195,0.9626139104635042,0.9383931623931623,0.9142857142857143,1.0
8995,8,5,196,0.9626139104635042,0.9383931623931623,0.9142857142857143,1.0
8996,8,5,197,0.9626139104635042,0.9383931623931623,0.9142857142857143,0.0
8997,8,5,198,0.9626139104635042,0.9383931623931623,0.9142857142857143,0.0
8998,8,5,199,0.9626139104635042,0.9383931623931623,0.9142857142857143,0.0
8999,8,5,200,0.9626139104635042,0.9383931623931623,0.9142857142857143,1.0
9000,9,1,1,0.9389930883303771,0.9166593406593406,0.9714285714285714,0.0
9001,9,1,2,0.9389930883303771,0.9166593406593406,0.9714285714285714,0.0
9002,9,1,3,0.9389930883303771,0.9166593406593406,0.9714285714285714,0.0
9003,9,1,4,0.9389930883303771,0.9166593406593406,0.9714285714285714,0.0
9004,9,1,5,0.9389930883303771,0.9166593406593406,0.9714285714285714,0.0
9005,9,1,6,0.9406051051832807,0.9240439560439562,0.9411764705882353,0.0
9006,9,1,7,0.9406051051832807,0.9240439560439562,0.9411764705882353,0.0
9007,9,1,8,0.9406051051832807,0.9240439560439562,0.9411764705882353,0.0
9008,9,1,9,0.9406051051832807,0.9240439560439562,0.9411764705882353,0.0
9009,9,1,10,0.9406051051832807,0.9240439560439562,0.9411764705882353,0.0
9010,9,1,11,0.9406051051832807,0.9240439560439562,0.9411764705882353,0.0
9011,9,1,12,0.9406051051832807,0.9240439560439562,0.9411764705882353,0.0
9012,9,1,13,0.9406051051832807,0.9240439560439562,0.9411764705882353,0.0
9013,9,1,14,0.9406051051832807,0.9240439560439562,0.9411764705882353,0.0
9014,9,1,15,0.9406051051832807,0.9240439560439562,0.9411764705882353,0.0
9015,9,1,16,0.9406051051832807,0.9240439560439562,0.9411764705882353,0.0
9016,9,1,17,0.9406051051832807,0.9240439560439562,0.9411764705882353,2.0
9017,9,1,18,0.9406051051832807,0.9240439560439562,0.9411764705882353,1.0
9018,9,1,19,0.9406051051832807,0.9240439560439562,0.9411764705882353,0.0
9019,9,1,20,0.9406051051832807,0.9240439560439562,0.9411764705882353,1.0
9020,9,1,21,0.9406051051832807,0.9240439560439562,0.9411764705882353,0.0
9021,9,1,22,0.9406051051832807,0.9240439560439562,0.9411764705882353,2.0
9022,9,1,23,0.9406051051832807,0.9240439560439562,0.9411764705882353,1.0
9023,9,1,24,0.9406051051832807,0.9240439560439562,0.9411764705882353,2.0
9024,9,1,25,0.9406051051832807,0.9240439560439562,0.9411764705882353,1.0
9025,9,1,26,0.9406051051832807,0.9240439560439562,0.9411764705882353,1.0
9026,9,1,27,0.9406051051832807,0.9240439560439562,0.9411764705882353,1.0
9027,9,1,28,0.9406051051832807,0.9240439560439562,0.9411764705882353,1.0
9028,9,1,29,0.9406051051832807,0.9240439560439562,0.9411764705882353,0.0
9029,9,1,30,0.9406051051832807,0.9240439560439562,0.9411764705882353,1.0
9030,9,1,31,0.9406051051832807,0.9240439560439562,0.9411764705882353,1.0
9031,9,1,32,0.9406051051832807,0.9240439560439562,0.9411764705882353,0.0
9032,9,1,33,0.9406051051832807,0.9240439560439562,0.9411764705882353,0.0
9033,9,1,34,0.9406051051832807,0.9240439560439562,0.9411764705882353,1.0
9034,9,1,35,0.9406051051832807,0.9240439560439562,0.9411764705882353,1.0
9035,9,1,36,0.9406051051832807,0.9240439560439562,0.9411764705882353,0.0
9036,9,1,37,0.9406051051832807,0.9240439560439562,0.9411764705882353,0.0
9037,9,1,38,0.9406051051832807,0.9240439560439562,0.9411764705882353,2.0
9038,9,1,39,0.9406051051832807,0.9240439560439562,0.9411764705882353,3.0
9039,9,1,40,0.9406051051832807,0.9240439560439562,0.9411764705882353,1.0
9040,9,1,41,0.9406051051832807,0.9240439560439562,0.9411764705882353,0.0
9041,9,1,42,0.9406051051832807,0.9240439560439562,0.9411764705882353,0.0
9042,9,1,43,0.9406051051832807,0.9240439560439562,0.9411764705882353,0.0
9043,9,1,44,0.9406051051832807,0.9240439560439562,0.9411764705882353,2.0
9044,9,1,45,0.9406051051832807,0.9240439560439562,0.9411764705882353,0.0
9045,9,1,46,0.9406051051832807,0.9240439560439562,0.9411764705882353,0.0
9046,9,1,47,0.9406051051832807,0.9240439560439562,0.9411764705882353,2.0
9047,9,1,48,0.9406051051832807,0.9240439560439562,0.9411764705882353,3.0
9048,9,1,49,0.9406051051832807,0.9240439560439562,0.9411764705882353,0.0
9049,9,1,50,0.9406051051832807,0.9240439560439562,0.9411764705882353,2.0
9050,9,1,51,0.9406051051832807,0.9240439560439562,0.9411764705882353,1.0
9051,9,1,52,0.9406051051832807,0.9240439560439562,0.9411764705882353,1.0
9052,9,1,53,0.9406051051832807,0.9240439560439562,0.9411764705882353,0.0
9053,9,1,54,0.9406051051832807,0.9240439560439562,0.9411764705882353,1.0
9054,9,1,55,0.9406051051832807,0.9240439560439562,0.9411764705882353,2.0
9055,9,1,56,0.9406051051832807,0.9240439560439562,0.9411764705882353,1.0
9056,9,1,57,0.9406051051832807,0.9240439560439562,0.9411764705882353,0.0
9057,9,1,58,0.9406051051832807,0.9240439560439562,0.9411764705882353,1.0
9058,9,1,59,0.9406051051832807,0.9240439560439562,0.9411764705882353,1.0
9059,9,1,60,0.9406051051832807,0.9240439560439562,0.9411764705882353,0.0
9060,9,1,61,0.9406051051832807,0.9240439560439562,0.9411764705882353,0.0
9061,9,1,62,0.9406051051832807,0.9240439560439562,0.9411764705882353,0.0
9062,9,1,63,0.9406051051832807,0.9240439560439562,0.9411764705882353,1.0
9063,9,1,64,0.9406051051832807,0.9240439560439562,0.9411764705882353,2.0
9064,9,1,65,0.9406051051832807,0.9240439560439562,0.9411764705882353,1.0
9065,9,1,66,0.9406051051832807,0.9240439560439562,0.9411764705882353,4.0
9066,9,1,67,0.9406051051832807,0.9240439560439562,0.9411764705882353,0.0
9067,9,1,68,0.9406051051832807,0.9240439560439562,0.9411764705882353,1.0
9068,9,1,69,0.9406051051832807,0.9240439560439562,0.9411764705882353,1.0
9069,9,1,70,0.9406051051832807,0.9240439560439562,0.9411764705882353,0.0
9070,9,1,71,0.9406051051832807,0.9240439560439562,0.9411764705882353,1.0
9071,9,1,72,0.9406051051832807,0.9240439560439562,0.9411764705882353,2.0
9072,9,1,73,0.9406051051832807,0.9240439560439562,0.9411764705882353,0.0
9073,9,1,74,0.9406051051832807,0.9240439560439562,0.9411764705882353,2.0
9074,9,1,75,0.9406051051832807,0.9240439560439562,0.9411764705882353,0.0
9075,9,1,76,0.9406051051832807,0.9240439560439562,0.9411764705882353,0.0
9076,9,1,77,0.9406051051832807,0.9240439560439562,0.9411764705882353,1.0
9077,9,1,78,0.9406051051832807,0.9240439560439562,0.9411764705882353,0.0
9078,9,1,79,0.9406051051832807,0.9240439560439562,0.9411764705882353,2.0
9079,9,1,80,0.9406051051832807,0.9240439560439562,0.9411764705882353,0.0
9080,9,1,81,0.9406051051832807,0.9240439560439562,0.9411764705882353,1.0
9081,9,1,82,0.9406051051832807,0.9240439560439562,0.9411764705882353,2.0
9082,9,1,83,0.9406051051832807,0.9240439560439562,0.9411764705882353,3.0
9083,9,1,84,0.9406051051832807,0.9240439560439562,0.9411764705882353,0.0
9084,9,1,85,0.9406051051832807,0.9240439560439562,0.9411764705882353,0.0
9085,9,1,86,0.9406051051832807,0.9240439560439562,0.9411764705882353,0.0
9086,9,1,87,0.9406051051832807,0.9240439560439562,0.9411764705882353,1.0
9087,9,1,88,0.9406051051832807,0.9240439560439562,0.9411764705882353,0.0
9088,9,1,89,0.9406051051832807,0.9240439560439562,0.9411764705882353,2.0
9089,9,1,90,0.9406051051832807,0.9240439560439562,0.9411764705882353,2.0
9090,9,1,91,0.9406051051832807,0.9240439560439562,0.9411764705882353,1.0
9091,9,1,92,0.9406051051832807,0.9240439560439562,0.9411764705882353,1.0
9092,9,1,93,0.9406051051832807,0.9240439560439562,0.9411764705882353,1.0
9093,9,1,94,0.9406051051832807,0.9240439560439562,0.9411764705882353,0.0
9094,9,1,95,0.9406051051832807,0.9240439560439562,0.9411764705882353,0.0
9095,9,1,96,0.9406051051832807,0.9240439560439562,0.9411764705882353,3.0
9096,9,1,97,0.9406051051832807,0.9240439560439562,0.9411764705882353,1.0
9097,9,1,98,0.9406051051832807,0.9240439560439562,0.9411764705882353,2.0
9098,9,1,99,0.9406051051832807,0.9240439560439562,0.9411764705882353,1.0
9099,9,1,100,0.9406051051832807,0.9240439560439562,0.9411764705882353,0.0
9100,9,1,101,0.9406051051832807,0.9240439560439562,0.9411764705882353,0.0
9101,9,1,102,0.9406051051832807,0.9240439560439562,0.9411764705882353,0.0
9102,9,1,103,0.9406051051832807,0.9240439560439562,0.9411764705882353,1.0
9103,9,1,104,0.9406051051832807,0.9240439560439562,0.9411764705882353,2.0
9104,9,1,105,0.9406051051832807,0.9240439560439562,0.9411764705882353,2.0
9105,9,1,106,0.9406051051832807,0.9240439560439562,0.9411764705882353,1.0
9106,9,1,107,0.9406051051832807,0.9240439560439562,0.9411764705882353,1.0
9107,9,1,108,0.9406051051832807,0.9240439560439562,0.9411764705882353,0.0
9108,9,1,109,0.9406051051832807,0.9240439560439562,0.9411764705882353,1.0
9109,9,1,110,0.9406051051832807,0.9240439560439562,0.9411764705882353,1.0
9110,9,1,111,0.9406051051832807,0.9240439560439562,0.9411764705882353,0.0
9111,9,1,112,0.9406051051832807,0.9240439560439562,0.9411764705882353,2.0
9112,9,1,113,0.9406051051832807,0.9240439560439562,0.9411764705882353,1.0
9113,9,1,114,0.9406051051832807,0.9240439560439562,0.9411764705882353,2.0
9114,9,1,115,0.9406051051832807,0.9240439560439562,0.9411764705882353,0.0
9115,9,1,116,0.9406051051832807,0.9240439560439562,0.9411764705882353,1.0
9116,9,1,117,0.9406051051832807,0.9240439560439562,0.9411764705882353,2.0
9117,9,1,118,0.9406051051832807,0.9240439560439562,0.9411764705882353,2.0
9118,9,1,119,0.9406051051832807,0.9240439560439562,0.9411764705882353,1.0
9119,9,1,120,0.9406051051832807,0.9240439560439562,0.9411764705882353,0.0
9120,9,1,121,0.9406051051832807,0.9240439560439562,0.9411764705882353,1.0
9121,9,1,122,0.9406051051832807,0.9240439560439562,0.9411764705882353,1.0
9122,9,1,123,0.9406051051832807,0.9240439560439562,0.9411764705882353,0.0
9123,9,1,124,0.9406051051832807,0.9240439560439562,0.9411764705882353,0.0
9124,9,1,125,0.9406051051832807,0.9240439560439562,0.9411764705882353,1.0
9125,9,1,126,0.9406051051832807,0.9240439560439562,0.9411764705882353,1.0
9126,9,1,127,0.9406051051832807,0.9240439560439562,0.9411764705882353,2.0
9127,9,1,128,0.9406051051832807,0.9240439560439562,0.9411764705882353,0.0
9128,9,1,129,0.9406051051832807,0.9240439560439562,0.9411764705882353,2.0
9129,9,1,130,0.9406051051832807,0.9240439560439562,0.9411764705882353,2.0
9130,9,1,131,0.9406051051832807,0.9240439560439562,0.9411764705882353,2.0
9131,9,1,132,0.9406051051832807,0.9240439560439562,0.9411764705882353,1.0
9132,9,1,133,0.9406051051832807,0.9240439560439562,0.9411764705882353,1.0
9133,9,1,134,0.9406051051832807,0.9240439560439562,0.9411764705882353,0.0
9134,9,1,135,0.9406051051832807,0.9240439560439562,0.9411764705882353,0.0
9135,9,1,136,0.9406051051832807,0.9240439560439562,0.9411764705882353,2.0
9136,9,1,137,0.9406051051832807,0.9240439560439562,0.9411764705882353,1.0
9137,9,1,138,0.9406051051832807,0.9240439560439562,0.9411764705882353,0.0
9138,9,1,139,0.9406051051832807,0.9240439560439562,0.9411764705882353,0.0
9139,9,1,140,0.9406051051832807,0.9240439560439562,0.9411764705882353,0.0
9140,9,1,141,0.9406051051832807,0.9240439560439562,0.9411764705882353,1.0
9141,9,1,142,0.9406051051832807,0.9240439560439562,0.9411764705882353,0.0
9142,9,1,143,0.9406051051832807,0.9240439560439562,0.9411764705882353,1.0
9143,9,1,144,0.9406051051832807,0.9240439560439562,0.9411764705882353,4.0
9144,9,1,145,0.9406051051832807,0.9240439560439562,0.9411764705882353,2.0
9145,9,1,146,0.9406051051832807,0.9240439560439562,0.9411764705882353,1.0
9146,9,1,147,0.9406051051832807,0.9240439560439562,0.9411764705882353,2.0
9147,9,1,148,0.9406051051832807,0.9240439560439562,0.9411764705882353,0.0
9148,9,1,149,0.9406051051832807,0.9240439560439562,0.9411764705882353,2.0
9149,9,1,150,0.9406051051832807,0.9240439560439562,0.9411764705882353,0.0
9150,9,1,151,0.9406051051832807,0.9240439560439562,0.9411764705882353,1.0
9151,9,1,152,0.9406051051832807,0.9240439560439562,0.9411764705882353,0.0
9152,9,1,153,0.9406051051832807,0.9240439560439562,0.9411764705882353,1.0
9153,9,1,154,0.9406051051832807,0.9240439560439562,0.9411764705882353,0.0
9154,9,1,155,0.9406051051832807,0.9240439560439562,0.9411764705882353,0.0
9155,9,1,156,0.9406051051832807,0.9240439560439562,0.9411764705882353,0.0
9156,9,1,157,0.9406051051832807,0.9240439560439562,0.9411764705882353,1.0
9157,9,1,158,0.9406051051832807,0.9240439560439562,0.9411764705882353,2.0
9158,9,1,159,0.9406051051832807,0.9240439560439562,0.9411764705882353,2.0
9159,9,1,160,0.9406051051832807,0.9240439560439562,0.9411764705882353,1.0
9160,9,1,161,0.9406051051832807,0.9240439560439562,0.9411764705882353,2.0
9161,9,1,162,0.9406051051832807,0.9240439560439562,0.9411764705882353,2.0
9162,9,1,163,0.9406051051832807,0.9240439560439562,0.9411764705882353,2.0
9163,9,1,164,0.9406051051832807,0.9240439560439562,0.9411764705882353,1.0
9164,9,1,165,0.9406051051832807,0.9240439560439562,0.9411764705882353,1.0
9165,9,1,166,0.9406051051832807,0.9240439560439562,0.9411764705882353,0.0
9166,9,1,167,0.9406051051832807,0.9240439560439562,0.9411764705882353,0.0
9167,9,1,168,0.9406051051832807,0.9240439560439562,0.9411764705882353,0.0
9168,9,1,169,0.9406051051832807,0.9240439560439562,0.9411764705882353,1.0
9169,9,1,170,0.9406051051832807,0.9240439560439562,0.9411764705882353,0.0
9170,9,1,171,0.9406051051832807,0.9240439560439562,0.9411764705882353,0.0
9171,9,1,172,0.9406051051832807,0.9240439560439562,0.9411764705882353,2.0
9172,9,1,173,0.9406051051832807,0.9240439560439562,0.9411764705882353,2.0
9173,9,1,174,0.9406051051832807,0.9240439560439562,0.9411764705882353,1.0
9174,9,1,175,0.9406051051832807,0.9240439560439562,0.9411764705882353,1.0
9175,9,1,176,0.9406051051832807,0.9240439560439562,0.9411764705882353,1.0
9176,9,1,177,0.9406051051832807,0.9240439560439562,0.9411764705882353,0.0
9177,9,1,178,0.9406051051832807,0.9240439560439562,0.9411764705882353,2.0
9178,9,1,179,0.9406051051832807,0.9240439560439562,0.9411764705882353,0.0
9179,9,1,180,0.9406051051832807,0.9240439560439562,0.9411764705882353,1.0
9180,9,1,181,0.9406051051832807,0.9240439560439562,0.9411764705882353,1.0
9181,9,1,182,0.9406051051832807,0.9240439560439562,0.9411764705882353,1.0
9182,9,1,183,0.9406051051832807,0.9240439560439562,0.9411764705882353,1.0
9183,9,1,184,0.9406051051832807,0.9240439560439562,0.9411764705882353,0.0
9184,9,1,185,0.9406051051832807,0.9240439560439562,0.9411764705882353,1.0
9185,9,1,186,0.9406051051832807,0.9240439560439562,0.9411764705882353,1.0
9186,9,1,187,0.9406051051832807,0.9240439560439562,0.9411764705882353,2.0
9187,9,1,188,0.9406051051832807,0.9240439560439562,0.9411764705882353,2.0
9188,9,1,189,0.9406051051832807,0.9240439560439562,0.9411764705882353,1.0
9189,9,1,190,0.9406051051832807,0.9240439560439562,0.9411764705882353,2.0
9190,9,1,191,0.9406051051832807,0.9240439560439562,0.9411764705882353,0.0
9191,9,1,192,0.9406051051832807,0.9240439560439562,0.9411764705882353,0.0
9192,9,1,193,0.9406051051832807,0.9240439560439562,0.9411764705882353,1.0
9193,9,1,194,0.9406051051832807,0.9240439560439562,0.9411764705882353,0.0
9194,9,1,195,0.9406051051832807,0.9240439560439562,0.9411764705882353,1.0
9195,9,1,196,0.9406051051832807,0.9240439560439562,0.9411764705882353,1.0
9196,9,1,197,0.9406051051832807,0.9240439560439562,0.9411764705882353,0.0
9197,9,1,198,0.9406051051832807,0.9240439560439562,0.9411764705882353,1.0
9198,9,1,199,0.9406051051832807,0.9240439560439562,0.9411764705882353,2.0
9199,9,1,200,0.9406051051832807,0.9240439560439562,0.9411764705882353,1.0
9200,9,2,1,0.9459619564172101,0.9055652973072329,0.9375,0.0
9201,9,2,2,0.9459619564172101,0.9055652973072329,0.9375,0.0
9202,9,2,3,0.9459619564172101,0.9055652973072329,0.9375,0.0
9203,9,2,4,0.9459619564172101,0.9055652973072329,0.9375,0.0
9204,9,2,5,0.9459619564172101,0.9055652973072329,0.9375,0.0
9205,9,2,6,0.9459619564172101,0.9055652973072329,0.9375,0.0
9206,9,2,7,0.9459619564172101,0.9055652973072329,0.9375,0.0
9207,9,2,8,0.9459619564172101,0.9055652973072329,0.9375,0.0
9208,9,2,9,0.9459619564172101,0.9055652973072329,0.9375,0.0
9209,9,2,10,0.9459619564172101,0.9055652973072329,0.9375,0.0
9210,9,2,11,0.9459619564172101,0.9055652973072329,0.9375,0.0
9211,9,2,12,0.9459619564172101,0.9055652973072329,0.9375,0.0
9212,9,2,13,0.9459619564172101,0.9055652973072329,0.9375,0.0
9213,9,2,14,0.9459619564172101,0.9055652973072329,0.9375,1.0
9214,9,2,15,0.9459619564172101,0.9055652973072329,0.9375,1.0
9215,9,2,16,0.9459619564172101,0.9055652973072329,0.9375,1.0
9216,9,2,17,0.9459619564172101,0.9055652973072329,0.9375,0.0
9217,9,2,18,0.9459619564172101,0.9055652973072329,0.9375,1.0
9218,9,2,19,0.9459619564172101,0.9055652973072329,0.9375,1.0
9219,9,2,20,0.9459619564172101,0.9055652973072329,0.9375,2.0
9220,9,2,21,0.9459619564172101,0.9055652973072329,0.9375,2.0
9221,9,2,22,0.9459619564172101,0.9055652973072329,0.9375,0.0
9222,9,2,23,0.9459619564172101,0.9055652973072329,0.9375,1.0
9223,9,2,24,0.9459619564172101,0.9055652973072329,0.9375,0.0
9224,9,2,25,0.9459619564172101,0.9055652973072329,0.9375,0.0
9225,9,2,26,0.9459619564172101,0.9055652973072329,0.9375,0.0
9226,9,2,27,0.9459619564172101,0.9055652973072329,0.9375,0.0
9227,9,2,28,0.9459619564172101,0.9055652973072329,0.9375,0.0
9228,9,2,29,0.9459619564172101,0.9055652973072329,0.9375,1.0
9229,9,2,30,0.9459619564172101,0.9055652973072329,0.9375,1.0
9230,9,2,31,0.9459619564172101,0.9055652973072329,0.9375,1.0
9231,9,2,32,0.9459619564172101,0.9055652973072329,0.9375,0.0
9232,9,2,33,0.9459619564172101,0.9055652973072329,0.9375,2.0
9233,9,2,34,0.9459619564172101,0.9055652973072329,0.9375,2.0
9234,9,2,35,0.9459619564172101,0.9055652973072329,0.9375,1.0
9235,9,2,36,0.9459619564172101,0.9055652973072329,0.9375,0.0
9236,9,2,37,0.9459619564172101,0.9055652973072329,0.9375,1.0
9237,9,2,38,0.9459619564172101,0.9055652973072329,0.9375,1.0
9238,9,2,39,0.9459619564172101,0.9055652973072329,0.9375,2.0
9239,9,2,40,0.9459619564172101,0.9055652973072329,0.9375,0.0
9240,9,2,41,0.9459619564172101,0.9055652973072329,0.9375,0.0
9241,9,2,42,0.9459619564172101,0.9055652973072329,0.9375,0.0
9242,9,2,43,0.9459619564172101,0.9055652973072329,0.9375,1.0
9243,9,2,44,0.9459619564172101,0.9055652973072329,0.9375,1.0
9244,9,2,45,0.9459619564172101,0.9055652973072329,0.9375,2.0
9245,9,2,46,0.9459619564172101,0.9055652973072329,0.9375,1.0
9246,9,2,47,0.9459619564172101,0.9055652973072329,0.9375,2.0
9247,9,2,48,0.9459619564172101,0.9055652973072329,0.9375,2.0
9248,9,2,49,0.9459619564172101,0.9055652973072329,0.9375,1.0
9249,9,2,50,0.9459619564172101,0.9055652973072329,0.9375,1.0
9250,9,2,51,0.9459619564172101,0.9055652973072329,0.9375,1.0
9251,9,2,52,0.9459619564172101,0.9055652973072329,0.9375,0.0
9252,9,2,53,0.9459619564172101,0.9055652973072329,0.9375,0.0
9253,9,2,54,0.9459619564172101,0.9055652973072329,0.9375,1.0
9254,9,2,55,0.9459619564172101,0.9055652973072329,0.9375,2.0
9255,9,2,56,0.9459619564172101,0.9055652973072329,0.9375,1.0
9256,9,2,57,0.9459619564172101,0.9055652973072329,0.9375,0.0
9257,9,2,58,0.9459619564172101,0.9055652973072329,0.9375,0.0
9258,9,2,59,0.9459619564172101,0.9055652973072329,0.9375,0.0
9259,9,2,60,0.9459619564172101,0.9055652973072329,0.9375,2.0
9260,9,2,61,0.9459619564172101,0.9055652973072329,0.9375,2.0
9261,9,2,62,0.9459619564172101,0.9055652973072329,0.9375,2.0
9262,9,2,63,0.9459619564172101,0.9055652973072329,0.9375,1.0
9263,9,2,64,0.9459619564172101,0.9055652973072329,0.9375,1.0
9264,9,2,65,0.9459619564172101,0.9055652973072329,0.9375,1.0
9265,9,2,66,0.9459619564172101,0.9055652973072329,0.9375,0.0
9266,9,2,67,0.9459619564172101,0.9055652973072329,0.9375,0.0
9267,9,2,68,0.9459619564172101,0.9055652973072329,0.9375,2.0
9268,9,2,69,0.9459619564172101,0.9055652973072329,0.9375,0.0
9269,9,2,70,0.9459619564172101,0.9055652973072329,0.9375,0.0
9270,9,2,71,0.9459619564172101,0.9055652973072329,0.9375,2.0
9271,9,2,72,0.9459619564172101,0.9055652973072329,0.9375,1.0
9272,9,2,73,0.9459619564172101,0.9055652973072329,0.9375,1.0
9273,9,2,74,0.9459619564172101,0.9055652973072329,0.9375,0.0
9274,9,2,75,0.9459619564172101,0.9055652973072329,0.9375,1.0
9275,9,2,76,0.9459619564172101,0.9055652973072329,0.9375,0.0
9276,9,2,77,0.9459619564172101,0.9055652973072329,0.9375,2.0
9277,9,2,78,0.9459619564172101,0.9055652973072329,0.9375,2.0
9278,9,2,79,0.9459619564172101,0.9055652973072329,0.9375,1.0
9279,9,2,80,0.9459619564172101,0.9055652973072329,0.9375,1.0
9280,9,2,81,0.9459619564172101,0.9055652973072329,0.9375,0.0
9281,9,2,82,0.9459619564172101,0.9055652973072329,0.9375,0.0
9282,9,2,83,0.9459619564172101,0.9055652973072329,0.9375,3.0
9283,9,2,84,0.9459619564172101,0.9055652973072329,0.9375,3.0
9284,9,2,85,0.9459619564172101,0.9055652973072329,0.9375,0.0
9285,9,2,86,0.9459619564172101,0.9055652973072329,0.9375,0.0
9286,9,2,87,0.9459619564172101,0.9055652973072329,0.9375,0.0
9287,9,2,88,0.9459619564172101,0.9055652973072329,0.9375,1.0
9288,9,2,89,0.9459619564172101,0.9055652973072329,0.9375,1.0
9289,9,2,90,0.9459619564172101,0.9055652973072329,0.9375,1.0
9290,9,2,91,0.9459619564172101,0.9055652973072329,0.9375,1.0
9291,9,2,92,0.9459619564172101,0.9055652973072329,0.9375,1.0
9292,9,2,93,0.9459619564172101,0.9055652973072329,0.9375,0.0
9293,9,2,94,0.9459619564172101,0.9055652973072329,0.9375,2.0
9294,9,2,95,0.9459619564172101,0.9055652973072329,0.9375,1.0
9295,9,2,96,0.9459619564172101,0.9055652973072329,0.9375,0.0
9296,9,2,97,0.9459619564172101,0.9055652973072329,0.9375,0.0
9297,9,2,98,0.9459619564172101,0.9055652973072329,0.9375,1.0
9298,9,2,99,0.9459619564172101,0.9055652973072329,0.9375,2.0
9299,9,2,100,0.9459619564172101,0.9055652973072329,0.9375,2.0
9300,9,2,101,0.9459619564172101,0.9055652973072329,0.9375,0.0
9301,9,2,102,0.9459619564172101,0.9055652973072329,0.9375,2.0
9302,9,2,103,0.9459619564172101,0.9055652973072329,0.9375,2.0
9303,9,2,104,0.9459619564172101,0.9055652973072329,0.9375,1.0
9304,9,2,105,0.9459619564172101,0.9055652973072329,0.9375,1.0
9305,9,2,106,0.9459619564172101,0.9055652973072329,0.9375,0.0
9306,9,2,107,0.9459619564172101,0.9055652973072329,0.9375,1.0
9307,9,2,108,0.9459619564172101,0.9055652973072329,0.9375,2.0
9308,9,2,109,0.9459619564172101,0.9055652973072329,0.9375,1.0
9309,9,2,110,0.9459619564172101,0.9055652973072329,0.9375,0.0
9310,9,2,111,0.9459619564172101,0.9055652973072329,0.9375,0.0
9311,9,2,112,0.9459619564172101,0.9055652973072329,0.9375,0.0
9312,9,2,113,0.9459619564172101,0.9055652973072329,0.9375,0.0
9313,9,2,114,0.9459619564172101,0.9055652973072329,0.9375,0.0
9314,9,2,115,0.9459619564172101,0.9055652973072329,0.9375,3.0
9315,9,2,116,0.9459619564172101,0.9055652973072329,0.9375,2.0
9316,9,2,117,0.9459619564172101,0.9055652973072329,0.9375,3.0
9317,9,2,118,0.9459619564172101,0.9055652973072329,0.9375,0.0
9318,9,2,119,0.9459619564172101,0.9055652973072329,0.9375,2.0
9319,9,2,120,0.9459619564172101,0.9055652973072329,0.9375,1.0
9320,9,2,121,0.9459619564172101,0.9055652973072329,0.9375,1.0
9321,9,2,122,0.9459619564172101,0.9055652973072329,0.9375,1.0
9322,9,2,123,0.9459619564172101,0.9055652973072329,0.9375,0.0
9323,9,2,124,0.9459619564172101,0.9055652973072329,0.9375,2.0
9324,9,2,125,0.9459619564172101,0.9055652973072329,0.9375,0.0
9325,9,2,126,0.9459619564172101,0.9055652973072329,0.9375,0.0
9326,9,2,127,0.9459619564172101,0.9055652973072329,0.9375,0.0
9327,9,2,128,0.9459619564172101,0.9055652973072329,0.9375,0.0
9328,9,2,129,0.9459619564172101,0.9055652973072329,0.9375,0.0
9329,9,2,130,0.9459619564172101,0.9055652973072329,0.9375,0.0
9330,9,2,131,0.9459619564172101,0.9055652973072329,0.9375,2.0
9331,9,2,132,0.9459619564172101,0.9055652973072329,0.9375,3.0
9332,9,2,133,0.9459619564172101,0.9055652973072329,0.9375,2.0
9333,9,2,134,0.9459619564172101,0.9055652973072329,0.9375,4.0
9334,9,2,135,0.9459619564172101,0.9055652973072329,0.9375,1.0
9335,9,2,136,0.9459619564172101,0.9055652973072329,0.9375,0.0
9336,9,2,137,0.9459619564172101,0.9055652973072329,0.9375,0.0
9337,9,2,138,0.9459619564172101,0.9055652973072329,0.9375,1.0
9338,9,2,139,0.9459619564172101,0.9055652973072329,0.9375,0.0
9339,9,2,140,0.9459619564172101,0.9055652973072329,0.9375,2.0
9340,9,2,141,0.9459619564172101,0.9055652973072329,0.9375,0.0
9341,9,2,142,0.9459619564172101,0.9055652973072329,0.9375,0.0
9342,9,2,143,0.9459619564172101,0.9055652973072329,0.9375,0.0
9343,9,2,144,0.9459619564172101,0.9055652973072329,0.9375,0.0
9344,9,2,145,0.9459619564172101,0.9055652973072329,0.9375,2.0
9345,9,2,146,0.9459619564172101,0.9055652973072329,0.9375,1.0
9346,9,2,147,0.9459619564172101,0.9055652973072329,0.9375,2.0
9347,9,2,148,0.9459619564172101,0.9055652973072329,0.9375,2.0
9348,9,2,149,0.9459619564172101,0.9055652973072329,0.9375,1.0
9349,9,2,150,0.9459619564172101,0.9055652973072329,0.9375,0.0
9350,9,2,151,0.9459619564172101,0.9055652973072329,0.9375,3.0
9351,9,2,152,0.9459619564172101,0.9055652973072329,0.9375,2.0
9352,9,2,153,0.9459619564172101,0.9055652973072329,0.9375,0.0
9353,9,2,154,0.9459619564172101,0.9055652973072329,0.9375,1.0
9354,9,2,155,0.9459619564172101,0.9055652973072329,0.9375,1.0
9355,9,2,156,0.9459619564172101,0.9055652973072329,0.9375,0.0
9356,9,2,157,0.9459619564172101,0.9055652973072329,0.9375,0.0
9357,9,2,158,0.9459619564172101,0.9055652973072329,0.9375,0.0
9358,9,2,159,0.9459619564172101,0.9055652973072329,0.9375,1.0
9359,9,2,160,0.9459619564172101,0.9055652973072329,0.9375,0.0
9360,9,2,161,0.9459619564172101,0.9055652973072329,0.9375,2.0
9361,9,2,162,0.9459619564172101,0.9055652973072329,0.9375,0.0
9362,9,2,163,0.9459619564172101,0.9055652973072329,0.9375,3.0
9363,9,2,164,0.9459619564172101,0.9055652973072329,0.9375,0.0
9364,9,2,165,0.9459619564172101,0.9055652973072329,0.9375,2.0
9365,9,2,166,0.9459619564172101,0.9055652973072329,0.9375,3.0
9366,9,2,167,0.9459619564172101,0.9055652973072329,0.9375,1.0
9367,9,2,168,0.9459619564172101,0.9055652973072329,0.9375,1.0
9368,9,2,169,0.9459619564172101,0.9055652973072329,0.9375,0.0
9369,9,2,170,0.9459619564172101,0.9055652973072329,0.9375,2.0
9370,9,2,171,0.9459619564172101,0.9055652973072329,0.9375,0.0
9371,9,2,172,0.9459619564172101,0.9055652973072329,0.9375,0.0
9372,9,2,173,0.9459619564172101,0.9055652973072329,0.9375,0.0
9373,9,2,174,0.9459619564172101,0.9055652973072329,0.9375,2.0
9374,9,2,175,0.9459619564172101,0.9055652973072329,0.9375,0.0
9375,9,2,176,0.9459619564172101,0.9055652973072329,0.9375,1.0
9376,9,2,177,0.9459619564172101,0.9055652973072329,0.9375,1.0
9377,9,2,178,0.9459619564172101,0.9055652973072329,0.9375,0.0
9378,9,2,179,0.9459619564172101,0.9055652973072329,0.9375,2.0
9379,9,2,180,0.9459619564172101,0.9055652973072329,0.9375,2.0
9380,9,2,181,0.9459619564172101,0.9055652973072329,0.9375,0.0
9381,9,2,182,0.9459619564172101,0.9055652973072329,0.9375,2.0
9382,9,2,183,0.9459619564172101,0.9055652973072329,0.9375,2.0
9383,9,2,184,0.9459619564172101,0.9055652973072329,0.9375,1.0
9384,9,2,185,0.9459619564172101,0.9055652973072329,0.9375,1.0
9385,9,2,186,0.9459619564172101,0.9055652973072329,0.9375,0.0
9386,9,2,187,0.9459619564172101,0.9055652973072329,0.9375,1.0
9387,9,2,188,0.9459619564172101,0.9055652973072329,0.9375,1.0
9388,9,2,189,0.9459619564172101,0.9055652973072329,0.9375,0.0
9389,9,2,190,0.9459619564172101,0.9055652973072329,0.9375,1.0
9390,9,2,191,0.9459619564172101,0.9055652973072329,0.9375,1.0
9391,9,2,192,0.9459619564172101,0.9055652973072329,0.9375,0.0
9392,9,2,193,0.9459619564172101,0.9055652973072329,0.9375,1.0
9393,9,2,194,0.9459619564172101,0.9055652973072329,0.9375,3.0
9394,9,2,195,0.9459619564172101,0.9055652973072329,0.9375,1.0
9395,9,2,196,0.9459619564172101,0.9055652973072329,0.9375,1.0
9396,9,2,197,0.9459619564172101,0.9055652973072329,0.9375,1.0
9397,9,2,198,0.9459619564172101,0.9055652973072329,0.9375,1.0
9398,9,2,199,0.9363055702502008,0.9191066997518611,0.9696969696969697,0.0
9399,9,2,200,0.9363055702502008,0.9191066997518611,0.9696969696969697,0.0
9400,9,3,1,0.9364761926229817,0.9024605024605024,0.8823529411764706,0.0
9401,9,3,2,0.9364761926229817,0.9024605024605024,0.8823529411764706,0.0
9402,9,3,3,0.9509868154822284,0.9092981092981093,0.9090909090909091,0.0
9403,9,3,4,0.9525565098042161,0.9172753172753172,0.9375,0.0
9404,9,3,5,0.9525565098042161,0.9172753172753172,0.9375,0.0
9405,9,3,6,0.9525565098042161,0.9172753172753172,0.9375,0.0
9406,9,3,7,0.9525565098042161,0.9172753172753172,0.9375,0.0
9407,9,3,8,0.9525565098042161,0.9172753172753172,0.9375,0.0
9408,9,3,9,0.9525565098042161,0.9172753172753172,0.9375,0.0
9409,9,3,10,0.9525565098042161,0.9172753172753172,0.9375,0.0
9410,9,3,11,0.9525565098042161,0.9172753172753172,0.9375,0.0
9411,9,3,12,0.9525565098042161,0.9172753172753172,0.9375,0.0
9412,9,3,13,0.9525565098042161,0.9172753172753172,0.9375,1.0
9413,9,3,14,0.9525565098042161,0.9172753172753172,0.9375,1.0
9414,9,3,15,0.9525565098042161,0.9172753172753172,0.9375,1.0
9415,9,3,16,0.9525565098042161,0.9172753172753172,0.9375,1.0
9416,9,3,17,0.9525565098042161,0.9172753172753172,0.9375,1.0
9417,9,3,18,0.9525565098042161,0.9172753172753172,0.9375,0.0
9418,9,3,19,0.9525565098042161,0.9172753172753172,0.9375,1.0
9419,9,3,20,0.9525565098042161,0.9172753172753172,0.9375,2.0
9420,9,3,21,0.9525565098042161,0.9172753172753172,0.9375,3.0
9421,9,3,22,0.9525565098042161,0.9172753172753172,0.9375,0.0
9422,9,3,23,0.9525565098042161,0.9172753172753172,0.9375,1.0
9423,9,3,24,0.9525565098042161,0.9172753172753172,0.9375,0.0
9424,9,3,25,0.9525565098042161,0.9172753172753172,0.9375,0.0
9425,9,3,26,0.9525565098042161,0.9172753172753172,0.9375,0.0
9426,9,3,27,0.9525565098042161,0.9172753172753172,0.9375,0.0
9427,9,3,28,0.9525565098042161,0.9172753172753172,0.9375,2.0
9428,9,3,29,0.9525565098042161,0.9172753172753172,0.9375,1.0
9429,9,3,30,0.9525565098042161,0.9172753172753172,0.9375,1.0
9430,9,3,31,0.9525565098042161,0.9172753172753172,0.9375,1.0
9431,9,3,32,0.9525565098042161,0.9172753172753172,0.9375,0.0
9432,9,3,33,0.9525565098042161,0.9172753172753172,0.9375,2.0
9433,9,3,34,0.9525565098042161,0.9172753172753172,0.9375,1.0
9434,9,3,35,0.9525565098042161,0.9172753172753172,0.9375,1.0
9435,9,3,36,0.9525565098042161,0.9172753172753172,0.9375,0.0
9436,9,3,37,0.9525565098042161,0.9172753172753172,0.9375,0.0
9437,9,3,38,0.9525565098042161,0.9172753172753172,0.9375,0.0
9438,9,3,39,0.9525565098042161,0.9172753172753172,0.9375,1.0
9439,9,3,40,0.9525565098042161,0.9172753172753172,0.9375,0.0
9440,9,3,41,0.9525565098042161,0.9172753172753172,0.9375,1.0
9441,9,3,42,0.9525565098042161,0.9172753172753172,0.9375,2.0
9442,9,3,43,0.9525565098042161,0.9172753172753172,0.9375,1.0
9443,9,3,44,0.9525565098042161,0.9172753172753172,0.9375,2.0
9444,9,3,45,0.9525565098042161,0.9172753172753172,0.9375,1.0
9445,9,3,46,0.9525565098042161,0.9172753172753172,0.9375,3.0
9446,9,3,47,0.9525565098042161,0.9172753172753172,0.9375,0.0
9447,9,3,48,0.9525565098042161,0.9172753172753172,0.9375,1.0
9448,9,3,49,0.9525565098042161,0.9172753172753172,0.9375,0.0
9449,9,3,50,0.9525565098042161,0.9172753172753172,0.9375,0.0
9450,9,3,51,0.9525565098042161,0.9172753172753172,0.9375,0.0
9451,9,3,52,0.9525565098042161,0.9172753172753172,0.9375,0.0
9452,9,3,53,0.9525565098042161,0.9172753172753172,0.9375,0.0
9453,9,3,54,0.9525565098042161,0.9172753172753172,0.9375,4.0
9454,9,3,55,0.9525565098042161,0.9172753172753172,0.9375,0.0
9455,9,3,56,0.9525565098042161,0.9172753172753172,0.9375,0.0
9456,9,3,57,0.9525565098042161,0.9172753172753172,0.9375,1.0
9457,9,3,58,0.9525565098042161,0.9172753172753172,0.9375,3.0
9458,9,3,59,0.9525565098042161,0.9172753172753172,0.9375,0.0
9459,9,3,60,0.9525565098042161,0.9172753172753172,0.9375,1.0
9460,9,3,61,0.9525565098042161,0.9172753172753172,0.9375,2.0
9461,9,3,62,0.9525565098042161,0.9172753172753172,0.9375,0.0
9462,9,3,63,0.9525565098042161,0.9172753172753172,0.9375,0.0
9463,9,3,64,0.9525565098042161,0.9172753172753172,0.9375,1.0
9464,9,3,65,0.9525565098042161,0.9172753172753172,0.9375,1.0
9465,9,3,66,0.9525565098042161,0.9172753172753172,0.9375,0.0
9466,9,3,67,0.9525565098042161,0.9172753172753172,0.9375,0.0
9467,9,3,68,0.9525565098042161,0.9172753172753172,0.9375,0.0
9468,9,3,69,0.9525565098042161,0.9172753172753172,0.9375,2.0
9469,9,3,70,0.9525565098042161,0.9172753172753172,0.9375,2.0
9470,9,3,71,0.9525565098042161,0.9172753172753172,0.9375,1.0
9471,9,3,72,0.9525565098042161,0.9172753172753172,0.9375,1.0
9472,9,3,73,0.9525565098042161,0.9172753172753172,0.9375,1.0
9473,9,3,74,0.9525565098042161,0.9172753172753172,0.9375,2.0
9474,9,3,75,0.9525565098042161,0.9172753172753172,0.9375,2.0
9475,9,3,76,0.9525565098042161,0.9172753172753172,0.9375,1.0
9476,9,3,77,0.9525565098042161,0.9172753172753172,0.9375,1.0
9477,9,3,78,0.9525565098042161,0.9172753172753172,0.9375,0.0
9478,9,3,79,0.9525565098042161,0.9172753172753172,0.9375,0.0
9479,9,3,80,0.9525565098042161,0.9172753172753172,0.9375,0.0
9480,9,3,81,0.9525565098042161,0.9172753172753172,0.9375,1.0
9481,9,3,82,0.9525565098042161,0.9172753172753172,0.9375,0.0
9482,9,3,83,0.9525565098042161,0.9172753172753172,0.9375,1.0
9483,9,3,84,0.9525565098042161,0.9172753172753172,0.9375,1.0
9484,9,3,85,0.9525565098042161,0.9172753172753172,0.9375,2.0
9485,9,3,86,0.9525565098042161,0.9172753172753172,0.9375,1.0
9486,9,3,87,0.9525565098042161,0.9172753172753172,0.9375,1.0
9487,9,3,88,0.9525565098042161,0.9172753172753172,0.9375,2.0
9488,9,3,89,0.9525565098042161,0.9172753172753172,0.9375,1.0
9489,9,3,90,0.9525565098042161,0.9172753172753172,0.9375,2.0
9490,9,3,91,0.9525565098042161,0.9172753172753172,0.9375,1.0
9491,9,3,92,0.9525565098042161,0.9172753172753172,0.9375,1.0
9492,9,3,93,0.9525565098042161,0.9172753172753172,0.9375,0.0
9493,9,3,94,0.9525565098042161,0.9172753172753172,0.9375,1.0
9494,9,3,95,0.9525565098042161,0.9172753172753172,0.9375,0.0
9495,9,3,96,0.9525565098042161,0.9172753172753172,0.9375,1.0
9496,9,3,97,0.9525565098042161,0.9172753172753172,0.9375,1.0
9497,9,3,98,0.9525565098042161,0.9172753172753172,0.9375,0.0
9498,9,3,99,0.9525565098042161,0.9172753172753172,0.9375,0.0
9499,9,3,100,0.9525565098042161,0.9172753172753172,0.9375,0.0
9500,9,3,101,0.9525565098042161,0.9172753172753172,0.9375,3.0
9501,9,3,102,0.9525565098042161,0.9172753172753172,0.9375,0.0
9502,9,3,103,0.9525565098042161,0.9172753172753172,0.9375,1.0
9503,9,3,104,0.9525565098042161,0.9172753172753172,0.9375,0.0
9504,9,3,105,0.9525565098042161,0.9172753172753172,0.9375,2.0
9505,9,3,106,0.9525565098042161,0.9172753172753172,0.9375,3.0
9506,9,3,107,0.9525565098042161,0.9172753172753172,0.9375,1.0
9507,9,3,108,0.9525565098042161,0.9172753172753172,0.9375,1.0
9508,9,3,109,0.9525565098042161,0.9172753172753172,0.9375,1.0
9509,9,3,110,0.9525565098042161,0.9172753172753172,0.9375,1.0
9510,9,3,111,0.9525565098042161,0.9172753172753172,0.9375,2.0
9511,9,3,112,0.9525565098042161,0.9172753172753172,0.9375,0.0
9512,9,3,113,0.9525565098042161,0.9172753172753172,0.9375,0.0
9513,9,3,114,0.9525565098042161,0.9172753172753172,0.9375,0.0
9514,9,3,115,0.9525565098042161,0.9172753172753172,0.9375,0.0
9515,9,3,116,0.9525565098042161,0.9172753172753172,0.9375,0.0
9516,9,3,117,0.9525565098042161,0.9172753172753172,0.9375,0.0
9517,9,3,118,0.9525565098042161,0.9172753172753172,0.9375,2.0
9518,9,3,119,0.9525565098042161,0.9172753172753172,0.9375,3.0
9519,9,3,120,0.9525565098042161,0.9172753172753172,0.9375,0.0
9520,9,3,121,0.9525565098042161,0.9172753172753172,0.9375,0.0
9521,9,3,122,0.9525565098042161,0.9172753172753172,0.9375,3.0
9522,9,3,123,0.9525565098042161,0.9172753172753172,0.9375,2.0
9523,9,3,124,0.9525565098042161,0.9172753172753172,0.9375,2.0
9524,9,3,125,0.9525565098042161,0.9172753172753172,0.9375,1.0
9525,9,3,126,0.9525565098042161,0.9172753172753172,0.9375,0.0
9526,9,3,127,0.9525565098042161,0.9172753172753172,0.9375,0.0
9527,9,3,128,0.9525565098042161,0.9172753172753172,0.9375,1.0
9528,9,3,129,0.9525565098042161,0.9172753172753172,0.9375,0.0
9529,9,3,130,0.9525565098042161,0.9172753172753172,0.9375,0.0
9530,9,3,131,0.9525565098042161,0.9172753172753172,0.9375,0.0
9531,9,3,132,0.9525565098042161,0.9172753172753172,0.9375,1.0
9532,9,3,133,0.9525565098042161,0.9172753172753172,0.9375,0.0
9533,9,3,134,0.9525565098042161,0.9172753172753172,0.9375,2.0
9534,9,3,135,0.9525565098042161,0.9172753172753172,0.9375,2.0
9535,9,3,136,0.9525565098042161,0.9172753172753172,0.9375,1.0
9536,9,3,137,0.9525565098042161,0.9172753172753172,0.9375,0.0
9537,9,3,138,0.9525565098042161,0.9172753172753172,0.9375,1.0
9538,9,3,139,0.9525565098042161,0.9172753172753172,0.9375,2.0
9539,9,3,140,0.9525565098042161,0.9172753172753172,0.9375,2.0
9540,9,3,141,0.9525565098042161,0.9172753172753172,0.9375,1.0
9541,9,3,142,0.9525565098042161,0.9172753172753172,0.9375,0.0
9542,9,3,143,0.9525565098042161,0.9172753172753172,0.9375,1.0
9543,9,3,144,0.9525565098042161,0.9172753172753172,0.9375,1.0
9544,9,3,145,0.9525565098042161,0.9172753172753172,0.9375,1.0
9545,9,3,146,0.9525565098042161,0.9172753172753172,0.9375,1.0
9546,9,3,147,0.9525565098042161,0.9172753172753172,0.9375,0.0
9547,9,3,148,0.9525565098042161,0.9172753172753172,0.9375,1.0
9548,9,3,149,0.9525565098042161,0.9172753172753172,0.9375,0.0
9549,9,3,150,0.9525565098042161,0.9172753172753172,0.9375,0.0
9550,9,3,151,0.9525565098042161,0.9172753172753172,0.9375,1.0
9551,9,3,152,0.9525565098042161,0.9172753172753172,0.9375,2.0
9552,9,3,153,0.9525565098042161,0.9172753172753172,0.9375,3.0
9553,9,3,154,0.9525565098042161,0.9172753172753172,0.9375,2.0
9554,9,3,155,0.9525565098042161,0.9172753172753172,0.9375,2.0
9555,9,3,156,0.9525565098042161,0.9172753172753172,0.9375,0.0
9556,9,3,157,0.9525565098042161,0.9172753172753172,0.9375,0.0
9557,9,3,158,0.9525565098042161,0.9172753172753172,0.9375,0.0
9558,9,3,159,0.9525565098042161,0.9172753172753172,0.9375,1.0
9559,9,3,160,0.9525565098042161,0.9172753172753172,0.9375,2.0
9560,9,3,161,0.9525565098042161,0.9172753172753172,0.9375,0.0
9561,9,3,162,0.9525565098042161,0.9172753172753172,0.9375,0.0
9562,9,3,163,0.9525565098042161,0.9172753172753172,0.9375,1.0
9563,9,3,164,0.9525565098042161,0.9172753172753172,0.9375,1.0
9564,9,3,165,0.9525565098042161,0.9172753172753172,0.9375,0.0
9565,9,3,166,0.9525565098042161,0.9172753172753172,0.9375,2.0
9566,9,3,167,0.9525565098042161,0.9172753172753172,0.9375,2.0
9567,9,3,168,0.9525565098042161,0.9172753172753172,0.9375,1.0
9568,9,3,169,0.9525565098042161,0.9172753172753172,0.9375,3.0
9569,9,3,170,0.9525565098042161,0.9172753172753172,0.9375,0.0
9570,9,3,171,0.9525565098042161,0.9172753172753172,0.9375,2.0
9571,9,3,172,0.9525565098042161,0.9172753172753172,0.9375,1.0
9572,9,3,173,0.9525565098042161,0.9172753172753172,0.9375,0.0
9573,9,3,174,0.9525565098042161,0.9172753172753172,0.9375,0.0
9574,9,3,175,0.9525565098042161,0.9172753172753172,0.9375,1.0
9575,9,3,176,0.9525565098042161,0.9172753172753172,0.9375,0.0
9576,9,3,177,0.9525565098042161,0.9172753172753172,0.9375,1.0
9577,9,3,178,0.9525565098042161,0.9172753172753172,0.9375,1.0
9578,9,3,179,0.9525565098042161,0.9172753172753172,0.9375,0.0
9579,9,3,180,0.9525565098042161,0.9172753172753172,0.9375,2.0
9580,9,3,181,0.9525565098042161,0.9172753172753172,0.9375,2.0
9581,9,3,182,0.9525565098042161,0.9172753172753172,0.9375,1.0
9582,9,3,183,0.9525565098042161,0.9172753172753172,0.9375,1.0
9583,9,3,184,0.9525565098042161,0.9172753172753172,0.9375,1.0
9584,9,3,185,0.9525565098042161,0.9172753172753172,0.9375,1.0
9585,9,3,186,0.9525565098042161,0.9172753172753172,0.9375,1.0
9586,9,3,187,0.9525565098042161,0.9172753172753172,0.9375,1.0
9587,9,3,188,0.9525565098042161,0.9172753172753172,0.9375,1.0
9588,9,3,189,0.9525565098042161,0.9172753172753172,0.9375,1.0
9589,9,3,190,0.9525565098042161,0.9172753172753172,0.9375,0.0
9590,9,3,191,0.9525565098042161,0.9172753172753172,0.9375,1.0
9591,9,3,192,0.9525565098042161,0.9172753172753172,0.9375,1.0
9592,9,3,193,0.9525565098042161,0.9172753172753172,0.9375,1.0
9593,9,3,194,0.9525565098042161,0.9172753172753172,0.9375,1.0
9594,9,3,195,0.9525565098042161,0.9172753172753172,0.9375,1.0
9595,9,3,196,0.9525565098042161,0.9172753172753172,0.9375,1.0
9596,9,3,197,0.9525565098042161,0.9172753172753172,0.9375,0.0
9597,9,3,198,0.9525565098042161,0.9172753172753172,0.9375,1.0
9598,9,3,199,0.9525565098042161,0.9172753172753172,0.9375,4.0
9599,9,3,200,0.9525565098042161,0.9172753172753172,0.9375,0.0
9600,9,4,1,0.9591499646519634,0.9481074481074481,0.875,0.0
9601,9,4,2,0.9591499646519634,0.9481074481074481,0.875,0.0
9602,9,4,3,0.9591499646519634,0.9481074481074481,0.875,0.0
9603,9,4,4,0.9591499646519634,0.9481074481074481,0.875,0.0
9604,9,4,5,0.9591499646519634,0.9481074481074481,0.875,0.0
9605,9,4,6,0.9591499646519634,0.9481074481074481,0.875,0.0
9606,9,4,7,0.9591499646519634,0.9481074481074481,0.875,0.0
9607,9,4,8,0.9591499646519634,0.9481074481074481,0.875,0.0
9608,9,4,9,0.9591499646519634,0.9481074481074481,0.875,0.0
9609,9,4,10,0.9591499646519634,0.9481074481074481,0.875,0.0
9610,9,4,11,0.9591499646519634,0.9481074481074481,0.875,0.0
9611,9,4,12,0.9591499646519634,0.9481074481074481,0.875,0.0
9612,9,4,13,0.9591499646519634,0.9481074481074481,0.875,0.0
9613,9,4,14,0.9591499646519634,0.9481074481074481,0.875,0.0
9614,9,4,15,0.9591499646519634,0.9481074481074481,0.875,0.0
9615,9,4,16,0.9591499646519634,0.9481074481074481,0.875,0.0
9616,9,4,17,0.9626139104635042,0.9549857549857549,0.875,1.0
9617,9,4,18,0.9626139104635042,0.9549857549857549,0.875,0.0
9618,9,4,19,0.9626139104635042,0.9549857549857549,0.875,1.0
9619,9,4,20,0.9626139104635042,0.9549857549857549,0.875,0.0
9620,9,4,21,0.9626139104635042,0.9549857549857549,0.875,1.0
9621,9,4,22,0.9626139104635042,0.9549857549857549,0.875,0.0
9622,9,4,23,0.9626139104635042,0.9549857549857549,0.875,1.0
9623,9,4,24,0.9626139104635042,0.9549857549857549,0.875,1.0
9624,9,4,25,0.9626139104635042,0.9549857549857549,0.875,1.0
9625,9,4,26,0.9626139104635042,0.9549857549857549,0.875,0.0
9626,9,4,27,0.9626139104635042,0.9549857549857549,0.875,2.0
9627,9,4,28,0.9626139104635042,0.9549857549857549,0.875,0.0
9628,9,4,29,0.9626139104635042,0.9549857549857549,0.875,0.0
9629,9,4,30,0.9626139104635042,0.9549857549857549,0.875,2.0
9630,9,4,31,0.9626139104635042,0.9549857549857549,0.875,2.0
9631,9,4,32,0.9626139104635042,0.9549857549857549,0.875,0.0
9632,9,4,33,0.9626139104635042,0.9549857549857549,0.875,2.0
9633,9,4,34,0.9626139104635042,0.9549857549857549,0.875,0.0
9634,9,4,35,0.9626139104635042,0.9549857549857549,0.875,0.0
9635,9,4,36,0.9626139104635042,0.9549857549857549,0.875,1.0
9636,9,4,37,0.9626139104635042,0.9549857549857549,0.875,0.0
9637,9,4,38,0.9626139104635042,0.9549857549857549,0.875,0.0
9638,9,4,39,0.9626139104635042,0.9549857549857549,0.875,2.0
9639,9,4,40,0.9626139104635042,0.9549857549857549,0.875,0.0
9640,9,4,41,0.9626139104635042,0.9549857549857549,0.875,2.0
9641,9,4,42,0.9626139104635042,0.9549857549857549,0.875,2.0
9642,9,4,43,0.9626139104635042,0.9549857549857549,0.875,0.0
9643,9,4,44,0.9626139104635042,0.9549857549857549,0.875,0.0
9644,9,4,45,0.9626139104635042,0.9549857549857549,0.875,1.0
9645,9,4,46,0.9626139104635042,0.9549857549857549,0.875,1.0
9646,9,4,47,0.9626139104635042,0.9549857549857549,0.875,0.0
9647,9,4,48,0.9626139104635042,0.9549857549857549,0.875,2.0
9648,9,4,49,0.9626139104635042,0.9549857549857549,0.875,1.0
9649,9,4,50,0.9626139104635042,0.9549857549857549,0.875,0.0
9650,9,4,51,0.9626139104635042,0.9549857549857549,0.875,2.0
9651,9,4,52,0.9626139104635042,0.9549857549857549,0.875,0.0
9652,9,4,53,0.9626139104635042,0.9549857549857549,0.875,0.0
9653,9,4,54,0.9626139104635042,0.9549857549857549,0.875,1.0
9654,9,4,55,0.9626139104635042,0.9549857549857549,0.875,1.0
9655,9,4,56,0.9626139104635042,0.9549857549857549,0.875,3.0
9656,9,4,57,0.9626139104635042,0.9549857549857549,0.875,0.0
9657,9,4,58,0.9626139104635042,0.9549857549857549,0.875,2.0
9658,9,4,59,0.9626139104635042,0.9549857549857549,0.875,0.0
9659,9,4,60,0.9626139104635042,0.9549857549857549,0.875,1.0
9660,9,4,61,0.9626139104635042,0.9549857549857549,0.875,0.0
9661,9,4,62,0.9626139104635042,0.9549857549857549,0.875,3.0
9662,9,4,63,0.9626139104635042,0.9549857549857549,0.875,0.0
9663,9,4,64,0.9626139104635042,0.9549857549857549,0.875,1.0
9664,9,4,65,0.9626139104635042,0.9549857549857549,0.875,1.0
9665,9,4,66,0.9626139104635042,0.9549857549857549,0.875,0.0
9666,9,4,67,0.9626139104635042,0.9549857549857549,0.875,1.0
9667,9,4,68,0.9626139104635042,0.9549857549857549,0.875,0.0
9668,9,4,69,0.9626139104635042,0.9549857549857549,0.875,1.0
9669,9,4,70,0.9626139104635042,0.9549857549857549,0.875,2.0
9670,9,4,71,0.9626139104635042,0.9549857549857549,0.875,2.0
9671,9,4,72,0.9626139104635042,0.9549857549857549,0.875,2.0
9672,9,4,73,0.9626139104635042,0.9549857549857549,0.875,1.0
9673,9,4,74,0.9626139104635042,0.9549857549857549,0.875,0.0
9674,9,4,75,0.9626139104635042,0.9549857549857549,0.875,0.0
9675,9,4,76,0.9626139104635042,0.9549857549857549,0.875,1.0
9676,9,4,77,0.9626139104635042,0.9549857549857549,0.875,0.0
9677,9,4,78,0.9626139104635042,0.9549857549857549,0.875,2.0
9678,9,4,79,0.9626139104635042,0.9549857549857549,0.875,0.0
9679,9,4,80,0.9626139104635042,0.9549857549857549,0.875,2.0
9680,9,4,81,0.9626139104635042,0.9549857549857549,0.875,1.0
9681,9,4,82,0.9626139104635042,0.9549857549857549,0.875,0.0
9682,9,4,83,0.9626139104635042,0.9549857549857549,0.875,1.0
9683,9,4,84,0.9626139104635042,0.9549857549857549,0.875,1.0
9684,9,4,85,0.9626139104635042,0.9549857549857549,0.875,0.0
9685,9,4,86,0.9626139104635042,0.9549857549857549,0.875,0.0
9686,9,4,87,0.9626139104635042,0.9549857549857549,0.875,3.0
9687,9,4,88,0.9626139104635042,0.9549857549857549,0.875,1.0
9688,9,4,89,0.9626139104635042,0.9549857549857549,0.875,1.0
9689,9,4,90,0.9626139104635042,0.9549857549857549,0.875,1.0
9690,9,4,91,0.9626139104635042,0.9549857549857549,0.875,2.0
9691,9,4,92,0.9626139104635042,0.9549857549857549,0.875,1.0
9692,9,4,93,0.9626139104635042,0.9549857549857549,0.875,2.0
9693,9,4,94,0.9626139104635042,0.9549857549857549,0.875,0.0
9694,9,4,95,0.9626139104635042,0.9549857549857549,0.875,0.0
9695,9,4,96,0.9626139104635042,0.9549857549857549,0.875,1.0
9696,9,4,97,0.9626139104635042,0.9549857549857549,0.875,2.0
9697,9,4,98,0.9626139104635042,0.9549857549857549,0.875,1.0
9698,9,4,99,0.9626139104635042,0.9549857549857549,0.875,1.0
9699,9,4,100,0.9626139104635042,0.9549857549857549,0.875,0.0
9700,9,4,101,0.9626139104635042,0.9549857549857549,0.875,0.0
9701,9,4,102,0.9626139104635042,0.9549857549857549,0.875,0.0
9702,9,4,103,0.9626139104635042,0.9549857549857549,0.875,2.0
9703,9,4,104,0.9626139104635042,0.9549857549857549,0.875,0.0
9704,9,4,105,0.9626139104635042,0.9549857549857549,0.875,3.0
9705,9,4,106,0.9626139104635042,0.9549857549857549,0.875,0.0
9706,9,4,107,0.9626139104635042,0.9549857549857549,0.875,2.0
9707,9,4,108,0.9626139104635042,0.9549857549857549,0.875,0.0
9708,9,4,109,0.9626139104635042,0.9549857549857549,0.875,1.0
9709,9,4,110,0.9626139104635042,0.9549857549857549,0.875,1.0
9710,9,4,111,0.9626139104635042,0.9549857549857549,0.875,2.0
9711,9,4,112,0.9626139104635042,0.9549857549857549,0.875,2.0
9712,9,4,113,0.9626139104635042,0.9549857549857549,0.875,1.0
9713,9,4,114,0.9626139104635042,0.9549857549857549,0.875,0.0
9714,9,4,115,0.9626139104635042,0.9549857549857549,0.875,0.0
9715,9,4,116,0.9626139104635042,0.9549857549857549,0.875,0.0
9716,9,4,117,0.9626139104635042,0.9549857549857549,0.875,1.0
9717,9,4,118,0.9626139104635042,0.9549857549857549,0.875,1.0
9718,9,4,119,0.9626139104635042,0.9549857549857549,0.875,0.0
9719,9,4,120,0.9626139104635042,0.9549857549857549,0.875,2.0
9720,9,4,121,0.9626139104635042,0.9549857549857549,0.875,3.0
9721,9,4,122,0.9626139104635042,0.9549857549857549,0.875,1.0
9722,9,4,123,0.9626139104635042,0.9549857549857549,0.875,0.0
9723,9,4,124,0.9626139104635042,0.9549857549857549,0.875,0.0
9724,9,4,125,0.9626139104635042,0.9549857549857549,0.875,2.0
9725,9,4,126,0.9626139104635042,0.9549857549857549,0.875,3.0
9726,9,4,127,0.9626139104635042,0.9549857549857549,0.875,1.0
9727,9,4,128,0.9626139104635042,0.9549857549857549,0.875,0.0
9728,9,4,129,0.9626139104635042,0.9549857549857549,0.875,1.0
9729,9,4,130,0.9626139104635042,0.9549857549857549,0.875,0.0
9730,9,4,131,0.9626139104635042,0.9549857549857549,0.875,0.0
9731,9,4,132,0.9626139104635042,0.9549857549857549,0.875,0.0
9732,9,4,133,0.9626139104635042,0.9549857549857549,0.875,1.0
9733,9,4,134,0.9626139104635042,0.9549857549857549,0.875,0.0
9734,9,4,135,0.9626139104635042,0.9549857549857549,0.875,0.0
9735,9,4,136,0.9626139104635042,0.9549857549857549,0.875,5.0
9736,9,4,137,0.9626139104635042,0.9549857549857549,0.875,1.0
9737,9,4,138,0.9626139104635042,0.9549857549857549,0.875,1.0
9738,9,4,139,0.9626139104635042,0.9549857549857549,0.875,1.0
9739,9,4,140,0.9626139104635042,0.9549857549857549,0.875,3.0
9740,9,4,141,0.9626139104635042,0.9549857549857549,0.875,1.0
9741,9,4,142,0.9626139104635042,0.9549857549857549,0.875,1.0
9742,9,4,143,0.9626139104635042,0.9549857549857549,0.875,0.0
9743,9,4,144,0.9626139104635042,0.9549857549857549,0.875,0.0
9744,9,4,145,0.9626139104635042,0.9549857549857549,0.875,0.0
9745,9,4,146,0.9626139104635042,0.9549857549857549,0.875,0.0
9746,9,4,147,0.9626139104635042,0.9549857549857549,0.875,2.0
9747,9,4,148,0.9626139104635042,0.9549857549857549,0.875,0.0
9748,9,4,149,0.9626139104635042,0.9549857549857549,0.875,1.0
9749,9,4,150,0.9626139104635042,0.9549857549857549,0.875,0.0
9750,9,4,151,0.9626139104635042,0.9549857549857549,0.875,3.0
9751,9,4,152,0.9626139104635042,0.9549857549857549,0.875,1.0
9752,9,4,153,0.9626139104635042,0.9549857549857549,0.875,1.0
9753,9,4,154,0.9626139104635042,0.9549857549857549,0.875,2.0
9754,9,4,155,0.9626139104635042,0.9549857549857549,0.875,0.0
9755,9,4,156,0.9626139104635042,0.9549857549857549,0.875,4.0
9756,9,4,157,0.9626139104635042,0.9549857549857549,0.875,1.0
9757,9,4,158,0.9626139104635042,0.9549857549857549,0.875,0.0
9758,9,4,159,0.9626139104635042,0.9549857549857549,0.875,0.0
9759,9,4,160,0.9626139104635042,0.9549857549857549,0.875,0.0
9760,9,4,161,0.9626139104635042,0.9549857549857549,0.875,0.0
9761,9,4,162,0.9626139104635042,0.9549857549857549,0.875,0.0
9762,9,4,163,0.9626139104635042,0.9549857549857549,0.875,2.0
9763,9,4,164,0.9626139104635042,0.9549857549857549,0.875,0.0
9764,9,4,165,0.9626139104635042,0.9549857549857549,0.875,2.0
9765,9,4,166,0.9626139104635042,0.9549857549857549,0.875,1.0
9766,9,4,167,0.9626139104635042,0.9549857549857549,0.875,1.0
9767,9,4,168,0.9626139104635042,0.9549857549857549,0.875,2.0
9768,9,4,169,0.9626139104635042,0.9549857549857549,0.875,2.0
9769,9,4,170,0.9626139104635042,0.9549857549857549,0.875,1.0
9770,9,4,171,0.9626139104635042,0.9549857549857549,0.875,3.0
9771,9,4,172,0.9626139104635042,0.9549857549857549,0.875,1.0
9772,9,4,173,0.9626139104635042,0.9549857549857549,0.875,0.0
9773,9,4,174,0.9626139104635042,0.9549857549857549,0.875,0.0
9774,9,4,175,0.9626139104635042,0.9549857549857549,0.875,0.0
9775,9,4,176,0.9626139104635042,0.9549857549857549,0.875,0.0
9776,9,4,177,0.9626139104635042,0.9549857549857549,0.875,0.0
9777,9,4,178,0.9626139104635042,0.9549857549857549,0.875,0.0
9778,9,4,179,0.9626139104635042,0.9549857549857549,0.875,2.0
9779,9,4,180,0.9626139104635042,0.9549857549857549,0.875,0.0
9780,9,4,181,0.9626139104635042,0.9549857549857549,0.875,3.0
9781,9,4,182,0.9626139104635042,0.9549857549857549,0.875,3.0
9782,9,4,183,0.9626139104635042,0.9549857549857549,0.875,0.0
9783,9,4,184,0.9626139104635042,0.9549857549857549,0.875,1.0
9784,9,4,185,0.9626139104635042,0.9549857549857549,0.875,0.0
9785,9,4,186,0.9626139104635042,0.9549857549857549,0.875,2.0
9786,9,4,187,0.9626139104635042,0.9549857549857549,0.875,2.0
9787,9,4,188,0.9626139104635042,0.9549857549857549,0.875,2.0
9788,9,4,189,0.9626139104635042,0.9549857549857549,0.875,0.0
9789,9,4,190,0.9626139104635042,0.9549857549857549,0.875,0.0
9790,9,4,191,0.9626139104635042,0.9549857549857549,0.875,0.0
9791,9,4,192,0.9626139104635042,0.9549857549857549,0.875,0.0
9792,9,4,193,0.9626139104635042,0.9549857549857549,0.875,1.0
9793,9,4,194,0.9626139104635042,0.9549857549857549,0.875,0.0
9794,9,4,195,0.9626139104635042,0.9549857549857549,0.875,1.0
9795,9,4,196,0.9626139104635042,0.9549857549857549,0.875,3.0
9796,9,4,197,0.9626139104635042,0.9549857549857549,0.875,2.0
9797,9,4,198,0.9626139104635042,0.9549857549857549,0.875,1.0
9798,9,4,199,0.9626139104635042,0.9549857549857549,0.875,1.0
9799,9,4,200,0.9626139104635042,0.9549857549857549,0.875,0.0
9800,9,5,1,0.9512594943735836,0.9297777777777778,0.9142857142857143,0.0
9801,9,5,2,0.9512594943735836,0.9297777777777778,0.9142857142857143,0.0
9802,9,5,3,0.9512594943735836,0.9297777777777778,0.9142857142857143,0.0
9803,9,5,4,0.9512594943735836,0.9297777777777778,0.9142857142857143,0.0
9804,9,5,5,0.9512594943735836,0.9297777777777778,0.9142857142857143,0.0
9805,9,5,6,0.9512594943735836,0.9297777777777778,0.9142857142857143,0.0
9806,9,5,7,0.9512594943735836,0.9297777777777778,0.9142857142857143,0.0
9807,9,5,8,0.9512594943735836,0.9297777777777778,0.9142857142857143,0.0
9808,9,5,9,0.9512594943735836,0.9297777777777778,0.9142857142857143,0.0
9809,9,5,10,0.9512594943735836,0.9297777777777778,0.9142857142857143,0.0
9810,9,5,11,0.9512594943735836,0.9297777777777778,0.9142857142857143,0.0
9811,9,5,12,0.9512594943735836,0.9297777777777778,0.9142857142857143,0.0
9812,9,5,13,0.9511853027423474,0.9304159544159545,0.9142857142857143,1.0
9813,9,5,14,0.9511853027423474,0.9304159544159545,0.9142857142857143,1.0
9814,9,5,15,0.9511853027423474,0.9304159544159545,0.9142857142857143,0.0
9815,9,5,16,0.9531978813586995,0.9315148555148556,0.9142857142857143,0.0
9816,9,5,17,0.9531978813586995,0.9315148555148556,0.9142857142857143,1.0
9817,9,5,18,0.9531978813586995,0.9315148555148556,0.9142857142857143,0.0
9818,9,5,19,0.9531978813586995,0.9315148555148556,0.9142857142857143,1.0
9819,9,5,20,0.9531978813586995,0.9315148555148556,0.9142857142857143,0.0
9820,9,5,21,0.9531978813586995,0.9315148555148556,0.9142857142857143,0.0
9821,9,5,22,0.9531978813586995,0.9315148555148556,0.9142857142857143,1.0
9822,9,5,23,0.9512594943735836,0.9383931623931623,0.9411764705882353,0.0
9823,9,5,24,0.9512594943735836,0.9383931623931623,0.9411764705882353,1.0
9824,9,5,25,0.9512594943735836,0.9383931623931623,0.9411764705882353,0.0
9825,9,5,26,0.9512594943735836,0.9383931623931623,0.9411764705882353,1.0
9826,9,5,27,0.9512594943735836,0.9383931623931623,0.9411764705882353,0.0
9827,9,5,28,0.9512594943735836,0.9383931623931623,0.9411764705882353,0.0
9828,9,5,29,0.9512594943735836,0.9383931623931623,0.9411764705882353,1.0
9829,9,5,30,0.9512594943735836,0.9383931623931623,0.9411764705882353,3.0
9830,9,5,31,0.9512594943735836,0.9383931623931623,0.9411764705882353,0.0
9831,9,5,32,0.9512594943735836,0.9383931623931623,0.9411764705882353,1.0
9832,9,5,33,0.9512594943735836,0.9383931623931623,0.9411764705882353,0.0
9833,9,5,34,0.9512594943735836,0.9383931623931623,0.9411764705882353,0.0
9834,9,5,35,0.9512594943735836,0.9383931623931623,0.9411764705882353,1.0
9835,9,5,36,0.9512594943735836,0.9383931623931623,0.9411764705882353,0.0
9836,9,5,37,0.9512594943735836,0.9383931623931623,0.9411764705882353,1.0
9837,9,5,38,0.9512594943735836,0.9383931623931623,0.9411764705882353,0.0
9838,9,5,39,0.9512594943735836,0.9383931623931623,0.9411764705882353,3.0
9839,9,5,40,0.9512594943735836,0.9383931623931623,0.9411764705882353,1.0
9840,9,5,41,0.9512594943735836,0.9383931623931623,0.9411764705882353,0.0
9841,9,5,42,0.9512594943735836,0.9383931623931623,0.9411764705882353,0.0
9842,9,5,43,0.9512594943735836,0.9383931623931623,0.9411764705882353,1.0
9843,9,5,44,0.9512594943735836,0.9383931623931623,0.9411764705882353,2.0
9844,9,5,45,0.9512594943735836,0.9383931623931623,0.9411764705882353,0.0
9845,9,5,46,0.9512594943735836,0.9383931623931623,0.9411764705882353,3.0
9846,9,5,47,0.9512594943735836,0.9383931623931623,0.9411764705882353,1.0
9847,9,5,48,0.9512594943735836,0.9383931623931623,0.9411764705882353,0.0
9848,9,5,49,0.9512594943735836,0.9383931623931623,0.9411764705882353,1.0
9849,9,5,50,0.9512594943735836,0.9383931623931623,0.9411764705882353,1.0
9850,9,5,51,0.9512594943735836,0.9383931623931623,0.9411764705882353,1.0
9851,9,5,52,0.9512594943735836,0.9383931623931623,0.9411764705882353,0.0
9852,9,5,53,0.9512594943735836,0.9383931623931623,0.9411764705882353,0.0
9853,9,5,54,0.9512594943735836,0.9383931623931623,0.9411764705882353,1.0
9854,9,5,55,0.9512594943735836,0.9383931623931623,0.9411764705882353,1.0
9855,9,5,56,0.9512594943735836,0.9383931623931623,0.9411764705882353,1.0
9856,9,5,57,0.9512594943735836,0.9383931623931623,0.9411764705882353,1.0
9857,9,5,58,0.9512594943735836,0.9383931623931623,0.9411764705882353,2.0
9858,9,5,59,0.9512594943735836,0.9383931623931623,0.9411764705882353,1.0
9859,9,5,60,0.9512594943735836,0.9383931623931623,0.9411764705882353,0.0
9860,9,5,61,0.9512594943735836,0.9383931623931623,0.9411764705882353,2.0
9861,9,5,62,0.9512594943735836,0.9383931623931623,0.9411764705882353,1.0
9862,9,5,63,0.9512594943735836,0.9383931623931623,0.9411764705882353,1.0
9863,9,5,64,0.9512594943735836,0.9383931623931623,0.9411764705882353,0.0
9864,9,5,65,0.9512594943735836,0.9383931623931623,0.9411764705882353,0.0
9865,9,5,66,0.9512594943735836,0.9383931623931623,0.9411764705882353,1.0
9866,9,5,67,0.9512594943735836,0.9383931623931623,0.9411764705882353,1.0
9867,9,5,68,0.9512594943735836,0.9383931623931623,0.9411764705882353,1.0
9868,9,5,69,0.9512594943735836,0.9383931623931623,0.9411764705882353,2.0
9869,9,5,70,0.9512594943735836,0.9383931623931623,0.9411764705882353,0.0
9870,9,5,71,0.9512594943735836,0.9383931623931623,0.9411764705882353,1.0
9871,9,5,72,0.9512594943735836,0.9383931623931623,0.9411764705882353,1.0
9872,9,5,73,0.9512594943735836,0.9383931623931623,0.9411764705882353,2.0
9873,9,5,74,0.9512594943735836,0.9383931623931623,0.9411764705882353,1.0
9874,9,5,75,0.9512594943735836,0.9383931623931623,0.9411764705882353,0.0
9875,9,5,76,0.9512594943735836,0.9383931623931623,0.9411764705882353,0.0
9876,9,5,77,0.9512594943735836,0.9383931623931623,0.9411764705882353,0.0
9877,9,5,78,0.9512594943735836,0.9383931623931623,0.9411764705882353,2.0
9878,9,5,79,0.9512594943735836,0.9383931623931623,0.9411764705882353,1.0
9879,9,5,80,0.9512594943735836,0.9383931623931623,0.9411764705882353,0.0
9880,9,5,81,0.9512594943735836,0.9383931623931623,0.9411764705882353,2.0
9881,9,5,82,0.9512594943735836,0.9383931623931623,0.9411764705882353,3.0
9882,9,5,83,0.9512594943735836,0.9383931623931623,0.9411764705882353,1.0
9883,9,5,84,0.9512594943735836,0.9383931623931623,0.9411764705882353,0.0
9884,9,5,85,0.9512594943735836,0.9383931623931623,0.9411764705882353,1.0
9885,9,5,86,0.9512594943735836,0.9383931623931623,0.9411764705882353,1.0
9886,9,5,87,0.9512594943735836,0.9383931623931623,0.9411764705882353,1.0
9887,9,5,88,0.9512594943735836,0.9383931623931623,0.9411764705882353,0.0
9888,9,5,89,0.9512594943735836,0.9383931623931623,0.9411764705882353,2.0
9889,9,5,90,0.9512594943735836,0.9383931623931623,0.9411764705882353,1.0
9890,9,5,91,0.9512594943735836,0.9383931623931623,0.9411764705882353,0.0
9891,9,5,92,0.9512594943735836,0.9383931623931623,0.9411764705882353,0.0
9892,9,5,93,0.9512594943735836,0.9383931623931623,0.9411764705882353,2.0
9893,9,5,94,0.9512594943735836,0.9383931623931623,0.9411764705882353,0.0
9894,9,5,95,0.9512594943735836,0.9383931623931623,0.9411764705882353,2.0
9895,9,5,96,0.9512594943735836,0.9383931623931623,0.9411764705882353,1.0
9896,9,5,97,0.9512594943735836,0.9383931623931623,0.9411764705882353,1.0
9897,9,5,98,0.9512594943735836,0.9383931623931623,0.9411764705882353,1.0
9898,9,5,99,0.9512594943735836,0.9383931623931623,0.9411764705882353,2.0
9899,9,5,100,0.9512594943735836,0.9383931623931623,0.9411764705882353,0.0
9900,9,5,101,0.9512594943735836,0.9383931623931623,0.9411764705882353,0.0
9901,9,5,102,0.9512594943735836,0.9383931623931623,0.9411764705882353,1.0
9902,9,5,103,0.9512594943735836,0.9383931623931623,0.9411764705882353,1.0
9903,9,5,104,0.9512594943735836,0.9383931623931623,0.9411764705882353,0.0
9904,9,5,105,0.9512594943735836,0.9383931623931623,0.9411764705882353,2.0
9905,9,5,106,0.9512594943735836,0.9383931623931623,0.9411764705882353,1.0
9906,9,5,107,0.9512594943735836,0.9383931623931623,0.9411764705882353,2.0
9907,9,5,108,0.9512594943735836,0.9383931623931623,0.9411764705882353,1.0
9908,9,5,109,0.9512594943735836,0.9383931623931623,0.9411764705882353,1.0
9909,9,5,110,0.9512594943735836,0.9383931623931623,0.9411764705882353,0.0
9910,9,5,111,0.9512594943735836,0.9383931623931623,0.9411764705882353,1.0
9911,9,5,112,0.9512594943735836,0.9383931623931623,0.9411764705882353,0.0
9912,9,5,113,0.9512594943735836,0.9383931623931623,0.9411764705882353,0.0
9913,9,5,114,0.9512594943735836,0.9383931623931623,0.9411764705882353,1.0
9914,9,5,115,0.9512594943735836,0.9383931623931623,0.9411764705882353,2.0
9915,9,5,116,0.9512594943735836,0.9383931623931623,0.9411764705882353,1.0
9916,9,5,117,0.9512594943735836,0.9383931623931623,0.9411764705882353,1.0
9917,9,5,118,0.9512594943735836,0.9383931623931623,0.9411764705882353,1.0
9918,9,5,119,0.9512594943735836,0.9383931623931623,0.9411764705882353,1.0
9919,9,5,120,0.9512594943735836,0.9383931623931623,0.9411764705882353,0.0
9920,9,5,121,0.9512594943735836,0.9383931623931623,0.9411764705882353,2.0
9921,9,5,122,0.9512594943735836,0.9383931623931623,0.9411764705882353,3.0
9922,9,5,123,0.9512594943735836,0.9383931623931623,0.9411764705882353,0.0
9923,9,5,124,0.9512594943735836,0.9383931623931623,0.9411764705882353,0.0
9924,9,5,125,0.9512594943735836,0.9383931623931623,0.9411764705882353,0.0
9925,9,5,126,0.9512594943735836,0.9383931623931623,0.9411764705882353,0.0
9926,9,5,127,0.9512594943735836,0.9383931623931623,0.9411764705882353,1.0
9927,9,5,128,0.9512594943735836,0.9383931623931623,0.9411764705882353,1.0
9928,9,5,129,0.9512594943735836,0.9383931623931623,0.9411764705882353,2.0
9929,9,5,130,0.9512594943735836,0.9383931623931623,0.9411764705882353,2.0
9930,9,5,131,0.9512594943735836,0.9383931623931623,0.9411764705882353,2.0
9931,9,5,132,0.9512594943735836,0.9383931623931623,0.9411764705882353,1.0
9932,9,5,133,0.9512594943735836,0.9383931623931623,0.9411764705882353,0.0
9933,9,5,134,0.9512594943735836,0.9383931623931623,0.9411764705882353,1.0
9934,9,5,135,0.9512594943735836,0.9383931623931623,0.9411764705882353,1.0
9935,9,5,136,0.9512594943735836,0.9383931623931623,0.9411764705882353,1.0
9936,9,5,137,0.9512594943735836,0.9383931623931623,0.9411764705882353,0.0
9937,9,5,138,0.9512594943735836,0.9383931623931623,0.9411764705882353,0.0
9938,9,5,139,0.9512594943735836,0.9383931623931623,0.9411764705882353,1.0
9939,9,5,140,0.9512594943735836,0.9383931623931623,0.9411764705882353,0.0
9940,9,5,141,0.9512594943735836,0.9383931623931623,0.9411764705882353,1.0
9941,9,5,142,0.9512594943735836,0.9383931623931623,0.9411764705882353,0.0
9942,9,5,143,0.9512594943735836,0.9383931623931623,0.9411764705882353,0.0
9943,9,5,144,0.9512594943735836,0.9383931623931623,0.9411764705882353,3.0
9944,9,5,145,0.9512594943735836,0.9383931623931623,0.9411764705882353,2.0
9945,9,5,146,0.9512594943735836,0.9383931623931623,0.9411764705882353,2.0
9946,9,5,147,0.9512594943735836,0.9383931623931623,0.9411764705882353,1.0
9947,9,5,148,0.9512594943735836,0.9383931623931623,0.9411764705882353,1.0
9948,9,5,149,0.9512594943735836,0.9383931623931623,0.9411764705882353,0.0
9949,9,5,150,0.9512594943735836,0.9383931623931623,0.9411764705882353,1.0
9950,9,5,151,0.9512594943735836,0.9383931623931623,0.9411764705882353,0.0
9951,9,5,152,0.9512594943735836,0.9383931623931623,0.9411764705882353,1.0
9952,9,5,153,0.9512594943735836,0.9383931623931623,0.9411764705882353,2.0
9953,9,5,154,0.9512594943735836,0.9383931623931623,0.9411764705882353,0.0
9954,9,5,155,0.9512594943735836,0.9383931623931623,0.9411764705882353,0.0
9955,9,5,156,0.9512594943735836,0.9383931623931623,0.9411764705882353,1.0
9956,9,5,157,0.9512594943735836,0.9383931623931623,0.9411764705882353,0.0
9957,9,5,158,0.9512594943735836,0.9383931623931623,0.9411764705882353,1.0
9958,9,5,159,0.9512594943735836,0.9383931623931623,0.9411764705882353,2.0
9959,9,5,160,0.9512594943735836,0.9383931623931623,0.9411764705882353,3.0
9960,9,5,161,0.9512594943735836,0.9383931623931623,0.9411764705882353,1.0
9961,9,5,162,0.9512594943735836,0.9383931623931623,0.9411764705882353,0.0
9962,9,5,163,0.9512594943735836,0.9383931623931623,0.9411764705882353,1.0
9963,9,5,164,0.9512594943735836,0.9383931623931623,0.9411764705882353,2.0
9964,9,5,165,0.9512594943735836,0.9383931623931623,0.9411764705882353,1.0
9965,9,5,166,0.9512594943735836,0.9383931623931623,0.9411764705882353,2.0
9966,9,5,167,0.9512594943735836,0.9383931623931623,0.9411764705882353,0.0
9967,9,5,168,0.9512594943735836,0.9383931623931623,0.9411764705882353,0.0
9968,9,5,169,0.9512594943735836,0.9383931623931623,0.9411764705882353,0.0
9969,9,5,170,0.9512594943735836,0.9383931623931623,0.9411764705882353,1.0
9970,9,5,171,0.9512594943735836,0.9383931623931623,0.9411764705882353,0.0
9971,9,5,172,0.9512594943735836,0.9383931623931623,0.9411764705882353,1.0
9972,9,5,173,0.9512594943735836,0.9383931623931623,0.9411764705882353,1.0
9973,9,5,174,0.9512594943735836,0.9383931623931623,0.9411764705882353,1.0
9974,9,5,175,0.9512594943735836,0.9383931623931623,0.9411764705882353,2.0
9975,9,5,176,0.9512594943735836,0.9383931623931623,0.9411764705882353,2.0
9976,9,5,177,0.9512594943735836,0.9383931623931623,0.9411764705882353,1.0
9977,9,5,178,0.9512594943735836,0.9383931623931623,0.9411764705882353,1.0
9978,9,5,179,0.9512594943735836,0.9383931623931623,0.9411764705882353,0.0
9979,9,5,180,0.9512594943735836,0.9383931623931623,0.9411764705882353,2.0
9980,9,5,181,0.9512594943735836,0.9383931623931623,0.9411764705882353,1.0
9981,9,5,182,0.9512594943735836,0.9383931623931623,0.9411764705882353,1.0
9982,9,5,183,0.9512594943735836,0.9383931623931623,0.9411764705882353,0.0
9983,9,5,184,0.9512594943735836,0.9383931623931623,0.9411764705882353,0.0
9984,9,5,185,0.9512594943735836,0.9383931623931623,0.9411764705882353,2.0
9985,9,5,186,0.9512594943735836,0.9383931623931623,0.9411764705882353,1.0
9986,9,5,187,0.9512594943735836,0.9383931623931623,0.9411764705882353,1.0
9987,9,5,188,0.9512594943735836,0.9383931623931623,0.9411764705882353,1.0
9988,9,5,189,0.9512594943735836,0.9383931623931623,0.9411764705882353,0.0
9989,9,5,190,0.9512594943735836,0.9383931623931623,0.9411764705882353,1.0
9990,9,5,191,0.9512594943735836,0.9383931623931623,0.9411764705882353,1.0
9991,9,5,192,0.9512594943735836,0.9383931623931623,0.9411764705882353,1.0
9992,9,5,193,0.9512594943735836,0.9383931623931623,0.9411764705882353,3.0
9993,9,5,194,0.9512594943735836,0.9383931623931623,0.9411764705882353,0.0
9994,9,5,195,0.9512594943735836,0.9383931623931623,0.9411764705882353,0.0
9995,9,5,196,0.9512594943735836,0.9383931623931623,0.9411764705882353,1.0
9996,9,5,197,0.9512594943735836,0.9383931623931623,0.9411764705882353,1.0
9997,9,5,198,0.9473085287721155,0.938922262922263,0.9411764705882353,1.0
9998,9,5,199,0.9473085287721155,0.938922262922263,0.9411764705882353,0.0
9999,9,5,200,0.9473085287721155,0.938922262922263,0.9411764705882353,0.0
